  0
SECTION
  2
HEADER
  9
$ACADVER
  1
AC1024
  9
$ACADMAINTVER
 70
6
  9
$DWGCODEPAGE
  3
ANSI_1252
  9
$LASTSAVEDBY
  1
ezdxf
  9
$INSBASE
 10
0.0
 20
0.0
 30
0.0
  9
$EXTMIN
 10
1e+20
 20
1e+20
 30
1e+20
  9
$EXTMAX
 10
-1e+20
 20
-1e+20
 30
-1e+20
  9
$LIMMIN
 10
0.0
 20
0.0
  9
$LIMMAX
 10
420.0
 20
297.0
  9
$ORTHOMODE
 70
0
  9
$REGENMODE
 70
1
  9
$FILLMODE
 70
1
  9
$QTEXTMODE
 70
0
  9
$MIRRTEXT
 70
1
  9
$LTSCALE
 40
1.0
  9
$ATTMODE
 70
1
  9
$TEXTSIZE
 40
2.5
  9
$TRACEWID
 40
1.0
  9
$TEXTSTYLE
  7
Standard
  9
$CLAYER
  8
0
  9
$CELTYPE
  6
ByLayer
  9
$CECOLOR
 62
256
  9
$CELTSCALE
 40
1.0
  9
$DISPSILH
 70
0
  9
$DIMSCALE
 40
1.0
  9
$DIMASZ
 40
2.5
  9
$DIMEXO
 40
0.625
  9
$DIMDLI
 40
3.75
  9
$DIMRND
 40
0.0
  9
$DIMDLE
 40
0.0
  9
$DIMEXE
 40
1.25
  9
$DIMTP
 40
0.0
  9
$DIMTM
 40
0.0
  9
$DIMTXT
 40
2.5
  9
$DIMCEN
 40
2.5
  9
$DIMTSZ
 40
0.0
  9
$DIMTOL
 70
0
  9
$DIMLIM
 70
0
  9
$DIMTIH
 70
0
  9
$DIMTOH
 70
0
  9
$DIMSE1
 70
0
  9
$DIMSE2
 70
0
  9
$DIMTAD
 70
1
  9
$DIMZIN
 70
8
  9
$DIMBLK
  1

  9
$DIMASO
 70
1
  9
$DIMSHO
 70
1
  9
$DIMPOST
  1

  9
$DIMAPOST
  1

  9
$DIMALT
 70
0
  9
$DIMALTD
 70
3
  9
$DIMALTF
 40
0.03937007874
  9
$DIMLFAC
 40
1.0
  9
$DIMTOFL
 70
1
  9
$DIMTVP
 40
0.0
  9
$DIMTIX
 70
0
  9
$DIMSOXD
 70
0
  9
$DIMSAH
 70
0
  9
$DIMBLK1
  1

  9
$DIMBLK2
  1

  9
$DIMSTYLE
  2
ISO-25
  9
$DIMCLRD
 70
0
  9
$DIMCLRE
 70
0
  9
$DIMCLRT
 70
0
  9
$DIMTFAC
 40
1.0
  9
$DIMGAP
 40
0.625
  9
$DIMJUST
 70
0
  9
$DIMSD1
 70
0
  9
$DIMSD2
 70
0
  9
$DIMTOLJ
 70
0
  9
$DIMTZIN
 70
8
  9
$DIMALTZ
 70
0
  9
$DIMALTTZ
 70
0
  9
$DIMUPT
 70
0
  9
$DIMDEC
 70
2
  9
$DIMTDEC
 70
2
  9
$DIMALTU
 70
2
  9
$DIMALTTD
 70
3
  9
$DIMTXSTY
  7
Standard
  9
$DIMAUNIT
 70
0
  9
$DIMADEC
 70
0
  9
$DIMALTRND
 40
0.0
  9
$DIMAZIN
 70
0
  9
$DIMDSEP
 70
44
  9
$DIMATFIT
 70
3
  9
$DIMFRAC
 70
0
  9
$DIMLDRBLK
  1

  9
$DIMLUNIT
 70
2
  9
$DIMLWD
 70
-2
  9
$DIMLWE
 70
-2
  9
$DIMTMOVE
 70
0
  9
$DIMFXL
 40
1.0
  9
$DIMFXLON
 70
0
  9
$DIMJOGANG
 40
0.785398163397
  9
$DIMTFILL
 70
0
  9
$DIMTFILLCLR
 70
0
  9
$DIMARCSYM
 70
0
  9
$DIMLTYPE
  6

  9
$DIMLTEX1
  6

  9
$DIMLTEX2
  6

  9
$DIMTXTDIRECTION
 70
0
  9
$LUNITS
 70
2
  9
$LUPREC
 70
4
  9
$SKETCHINC
 40
1.0
  9
$FILLETRAD
 40
10.0
  9
$AUNITS
 70
0
  9
$AUPREC
 70
2
  9
$MENU
  1
.
  9
$ELEVATION
 40
0.0
  9
$PELEVATION
 40
0.0
  9
$THICKNESS
 40
0.0
  9
$LIMCHECK
 70
0
  9
$CHAMFERA
 40
0.0
  9
$CHAMFERB
 40
0.0
  9
$CHAMFERC
 40
0.0
  9
$CHAMFERD
 40
0.0
  9
$SKPOLY
 70
0
  9
$TDCREATE
 40
2461247.7939583333
  9
$TDUCREATE
 40
2458532.153996898
  9
$TDUPDATE
 40
2461247.7939699073
  9
$TDUUPDATE
 40
2458532.1544311
  9
$TDINDWG
 40
0.0
  9
$TDUSRTIMER
 40
0.0
  9
$USRTIMER
 70
1
  9
$ANGBASE
 50
0.0
  9
$ANGDIR
 70
0
  9
$PDMODE
 70
0
  9
$PDSIZE
 40
0.0
  9
$PLINEWID
 40
0.0
  9
$SPLFRAME
 70
0
  9
$SPLINETYPE
 70
6
  9
$SPLINESEGS
 70
8
  9
$HANDSEED
  5
4AA
  9
$SURFTAB1
 70
6
  9
$SURFTAB2
 70
6
  9
$SURFTYPE
 70
6
  9
$SURFU
 70
6
  9
$SURFV
 70
6
  9
$UCSBASE
  2

  9
$UCSNAME
  2

  9
$UCSORG
 10
0.0
 20
0.0
 30
0.0
  9
$UCSXDIR
 10
1.0
 20
0.0
 30
0.0
  9
$UCSYDIR
 10
0.0
 20
1.0
 30
0.0
  9
$UCSORTHOREF
  2

  9
$UCSORTHOVIEW
 70
0
  9
$UCSORGTOP
 10
0.0
 20
0.0
 30
0.0
  9
$UCSORGBOTTOM
 10
0.0
 20
0.0
 30
0.0
  9
$UCSORGLEFT
 10
0.0
 20
0.0
 30
0.0
  9
$UCSORGRIGHT
 10
0.0
 20
0.0
 30
0.0
  9
$UCSORGFRONT
 10
0.0
 20
0.0
 30
0.0
  9
$UCSORGBACK
 10
0.0
 20
0.0
 30
0.0
  9
$PUCSBASE
  2

  9
$PUCSNAME
  2

  9
$PUCSORG
 10
0.0
 20
0.0
 30
0.0
  9
$PUCSXDIR
 10
1.0
 20
0.0
 30
0.0
  9
$PUCSYDIR
 10
0.0
 20
1.0
 30
0.0
  9
$PUCSORTHOREF
  2

  9
$PUCSORTHOVIEW
 70
0
  9
$PUCSORGTOP
 10
0.0
 20
0.0
 30
0.0
  9
$PUCSORGBOTTOM
 10
0.0
 20
0.0
 30
0.0
  9
$PUCSORGLEFT
 10
0.0
 20
0.0
 30
0.0
  9
$PUCSORGRIGHT
 10
0.0
 20
0.0
 30
0.0
  9
$PUCSORGFRONT
 10
0.0
 20
0.0
 30
0.0
  9
$PUCSORGBACK
 10
0.0
 20
0.0
 30
0.0
  9
$USERI1
 70
0
  9
$USERI2
 70
0
  9
$USERI3
 70
0
  9
$USERI4
 70
0
  9
$USERI5
 70
0
  9
$USERR1
 40
0.0
  9
$USERR2
 40
0.0
  9
$USERR3
 40
0.0
  9
$USERR4
 40
0.0
  9
$USERR5
 40
0.0
  9
$WORLDVIEW
 70
1
  9
$SHADEDGE
 70
3
  9
$SHADEDIF
 70
70
  9
$TILEMODE
 70
1
  9
$MAXACTVP
 70
64
  9
$PINSBASE
 10
0.0
 20
0.0
 30
0.0
  9
$PLIMCHECK
 70
0
  9
$PEXTMIN
 10
1e+20
 20
1e+20
 30
1e+20
  9
$PEXTMAX
 10
-1e+20
 20
-1e+20
 30
-1e+20
  9
$PLIMMIN
 10
0.0
 20
0.0
  9
$PLIMMAX
 10
420.0
 20
297.0
  9
$UNITMODE
 70
0
  9
$VISRETAIN
 70
1
  9
$PLINEGEN
 70
0
  9
$PSLTSCALE
 70
1
  9
$TREEDEPTH
 70
3020
  9
$CMLSTYLE
  2
Standard
  9
$CMLJUST
 70
0
  9
$CMLSCALE
 40
20.0
  9
$PROXYGRAPHICS
 70
1
  9
$MEASUREMENT
 70
1
  9
$CELWEIGHT
370
-1
  9
$ENDCAPS
280
0
  9
$JOINSTYLE
280
0
  9
$LWDISPLAY
290
0
  9
$INSUNITS
 70
6
  9
$HYPERLINKBASE
  1

  9
$STYLESHEET
  1

  9
$XEDIT
290
1
  9
$CEPSNTYPE
380
0
  9
$PSTYLEMODE
290
1
  9
$FINGERPRINTGUID
  2
{53183624-29A9-4559-A460-57EB6DF86043}
  9
$VERSIONGUID
  2
{3D279FF4-95FF-49B0-B65E-B2BC3C4C067B}
  9
$EXTNAMES
290
1
  9
$PSVPSCALE
 40
0.0
  9
$OLESTARTUP
290
0
  9
$SORTENTS
280
127
  9
$INDEXCTL
280
0
  9
$HIDETEXT
280
1
  9
$XCLIPFRAME
280
1
  9
$HALOGAP
280
0
  9
$OBSCOLOR
 70
257
  9
$OBSLTYPE
280
0
  9
$INTERSECTIONDISPLAY
280
0
  9
$INTERSECTIONCOLOR
 70
257
  9
$DIMASSOC
280
2
  9
$PROJECTNAME
  1

  9
$CAMERADISPLAY
290
0
  9
$LENSLENGTH
 40
50.0
  9
$CAMERAHEIGHT
 40
0.0
  9
$STEPSPERSEC
 40
24.0
  9
$STEPSIZE
 40
100.0
  9
$3DDWFPREC
 40
2.0
  9
$PSOLWIDTH
 40
0.005
  9
$PSOLHEIGHT
 40
0.08
  9
$LOFTANG1
 40
1.570796326795
  9
$LOFTANG2
 40
1.570796326795
  9
$LOFTMAG1
 40
0.0
  9
$LOFTMAG2
 40
0.0
  9
$LOFTPARAM
 70
7
  9
$LOFTNORMALS
280
1
  9
$LATITUDE
 40
37.795
  9
$LONGITUDE
 40
-122.394
  9
$NORTHDIRECTION
 40
0.0
  9
$TIMEZONE
 70
-8000
  9
$LIGHTGLYPHDISPLAY
280
1
  9
$TILEMODELIGHTSYNCH
280
1
  9
$CMATERIAL
347
20
  9
$SOLIDHIST
280
0
  9
$SHOWHIST
280
1
  9
$DWFFRAME
280
2
  9
$DGNFRAME
280
2
  9
$REALWORLDSCALE
290
1
  9
$INTERFERECOLOR
 62
256
  9
$CSHADOW
280
0
  9
$SHADOWPLANELOCATION
 40
0.0
  0
ENDSEC
  0
SECTION
  2
CLASSES
  0
CLASS
  1
ACDBDICTIONARYWDFLT
  2
AcDbDictionaryWithDefault
  3
ObjectDBX Classes
 90
0
 91
0
280
0
281
0
  0
CLASS
  1
SUN
  2
AcDbSun
  3
SCENEOE
 90
1153
 91
0
280
0
281
0
  0
CLASS
  1
VISUALSTYLE
  2
AcDbVisualStyle
  3
ObjectDBX Classes
 90
4095
 91
0
280
0
281
0
  0
CLASS
  1
MATERIAL
  2
AcDbMaterial
  3
ObjectDBX Classes
 90
1153
 91
0
280
0
281
0
  0
CLASS
  1
SCALE
  2
AcDbScale
  3
ObjectDBX Classes
 90
1153
 91
0
280
0
281
0
  0
CLASS
  1
TABLESTYLE
  2
AcDbTableStyle
  3
ObjectDBX Classes
 90
4095
 91
0
280
0
281
0
  0
CLASS
  1
MLEADERSTYLE
  2
AcDbMLeaderStyle
  3
ACDB_MLEADERSTYLE_CLASS
 90
4095
 91
0
280
0
281
0
  0
CLASS
  1
DICTIONARYVAR
  2
AcDbDictionaryVar
  3
ObjectDBX Classes
 90
0
 91
0
280
0
281
0
  0
CLASS
  1
CELLSTYLEMAP
  2
AcDbCellStyleMap
  3
ObjectDBX Classes
 90
1152
 91
0
280
0
281
0
  0
CLASS
  1
MENTALRAYRENDERSETTINGS
  2
AcDbMentalRayRenderSettings
  3
SCENEOE
 90
1024
 91
0
280
0
281
0
  0
CLASS
  1
ACDBDETAILVIEWSTYLE
  2
AcDbDetailViewStyle
  3
ObjectDBX Classes
 90
1025
 91
0
280
0
281
0
  0
CLASS
  1
ACDBSECTIONVIEWSTYLE
  2
AcDbSectionViewStyle
  3
ObjectDBX Classes
 90
1025
 91
0
280
0
281
0
  0
CLASS
  1
RASTERVARIABLES
  2
AcDbRasterVariables
  3
ISM
 90
0
 91
0
280
0
281
0
  0
CLASS
  1
ACDBPLACEHOLDER
  2
AcDbPlaceHolder
  3
ObjectDBX Classes
 90
0
 91
0
280
0
281
0
  0
CLASS
  1
LAYOUT
  2
AcDbLayout
  3
ObjectDBX Classes
 90
0
 91
0
280
0
281
0
  0
ENDSEC
  0
SECTION
  2
TABLES
  0
TABLE
  2
VPORT
  5
8
330
0
100
AcDbSymbolTable
 70
1
  0
VPORT
  5
23
330
8
100
AcDbSymbolTableRecord
100
AcDbViewportTableRecord
  2
*Active
 70
0
 10
0.0
 20
0.0
 11
1.0
 21
1.0
 12
0.0
 22
0.0
 13
0.0
 23
0.0
 14
0.5
 24
0.5
 15
0.5
 25
0.5
 16
0.0
 26
0.0
 36
1.0
 17
0.0
 27
0.0
 37
0.0
 40
1000.0
 41
1.34
 42
50.0
 43
0.0
 44
0.0
 50
0.0
 51
0.0
 71
0
 72
1000
 73
1
 74
3
 75
0
 76
0
 77
0
 78
0
281
0
 65
0
146
0.0
  0
ENDTAB
  0
TABLE
  2
LTYPE
  5
2
330
0
100
AcDbSymbolTable
 70
9
  0
LTYPE
  5
24
330
2
100
AcDbSymbolTableRecord
100
AcDbLinetypeTableRecord
  2
ByBlock
 70
0
  3

 72
65
 73
0
 40
0.0
  0
LTYPE
  5
25
330
2
100
AcDbSymbolTableRecord
100
AcDbLinetypeTableRecord
  2
ByLayer
 70
0
  3

 72
65
 73
0
 40
0.0
  0
LTYPE
  5
26
330
2
100
AcDbSymbolTableRecord
100
AcDbLinetypeTableRecord
  2
Continuous
 70
0
  3

 72
65
 73
0
 40
0.0
  0
LTYPE
  5
4A1
330
2
100
AcDbSymbolTableRecord
100
AcDbLinetypeTableRecord
  2
RES_SURVEY$0$CENTER
 70
0
  3
Center ____ _ ____ _ ____ _ ____ _ ____ _ ____
 72
65
 73
4
 40
2.0
 49
1.25
 74
0
 49
-0.25
 74
0
 49
0.25
 74
0
 49
-0.25
 74
0
  0
LTYPE
  5
4A2
330
2
100
AcDbSymbolTableRecord
100
AcDbLinetypeTableRecord
  2
HIDDEN2
 70
0
  3
Hidden (.5x) _ _ _ _ _ _ _ _ _ _ _ _ _ _ _ _ _
 72
65
 73
2
 40
0.1875
 49
0.125
 74
0
 49
-0.0625
 74
0
  0
LTYPE
  5
4A3
330
2
100
AcDbSymbolTableRecord
100
AcDbLinetypeTableRecord
  2
RES_SURVEY$0$DASHED
 70
0
  3
Dashed __ __ __ __ __ __ __ __ __ __ __ __ __ _
 72
65
 73
2
 40
0.75
 49
0.5
 74
0
 49
-0.25
 74
0
  0
LTYPE
  5
4A4
330
2
100
AcDbSymbolTableRecord
100
AcDbLinetypeTableRecord
  2
STORM
 70
0
  3

 72
65
 73
2
 40
0.6
 49
0.5
 74
0
 49
-0.1
 74
0
  0
LTYPE
  5
4A5
330
2
100
AcDbSymbolTableRecord
100
AcDbLinetypeTableRecord
  2
RES_SURVEY$0$LEDG_ROW
 70
0
  3
ROW
 72
65
 73
2
 40
1.65
 49
1.5
 74
0
 49
-0.15
 74
0
  0
LTYPE
  5
4A6
330
2
100
AcDbSymbolTableRecord
100
AcDbLinetypeTableRecord
  2
SANITARY
 70
0
  3

 72
65
 73
2
 40
1.7
 49
1.5
 74
0
 49
-0.2
 74
0
  0
ENDTAB
  0
TABLE
  2
LAYER
  5
1
330
0
100
AcDbSymbolTable
 70
14
  0
LAYER
  5
27
330
1
100
AcDbSymbolTableRecord
100
AcDbLayerTableRecord
  2
0
 70
0
 62
7
  6
Continuous
370
-3
390
13
347
21
  0
LAYER
  5
493
330
1
100
AcDbSymbolTableRecord
100
AcDbLayerTableRecord
  2
P-CURB
 70
0
 62
2
  6
Continuous
370
-3
390
F
347
98
  0
LAYER
  5
495
330
1
100
AcDbSymbolTableRecord
100
AcDbLayerTableRecord
  2
RES_SURVEY$0$P-CL
 70
0
 62
0
420
3268149248
  6
RES_SURVEY$0$CENTER
370
50
390
F
347
98
  0
LAYER
  5
496
330
1
100
AcDbSymbolTableRecord
100
AcDbLayerTableRecord
  2
P-CONT
 70
0
 62
3
  6
Continuous
370
-3
390
F
347
98
  0
LAYER
  5
497
330
1
100
AcDbSymbolTableRecord
100
AcDbLayerTableRecord
  2
P-SW
 70
0
 62
241
  6
Continuous
370
-3
390
F
347
98
  0
LAYER
  5
498
330
1
100
AcDbSymbolTableRecord
100
AcDbLayerTableRecord
  2
RES_SURVEY$0$P-LOTLINE
 70
0
 62
3
  6
Continuous
370
-3
390
F
347
98
  0
LAYER
  5
499
330
1
100
AcDbSymbolTableRecord
100
AcDbLayerTableRecord
  2
P-U-WAT
 70
0
 62
7
  6
HIDDEN2
370
-3
390
F
347
98
  0
LAYER
  5
49A
330
1
100
AcDbSymbolTableRecord
100
AcDbLayerTableRecord
  2
RES_SURVEY$0$E-LOTLINE
 70
0
 62
1
  6
RES_SURVEY$0$DASHED
370
-3
390
F
347
98
  0
LAYER
  5
49B
330
1
100
AcDbSymbolTableRecord
100
AcDbLayerTableRecord
  2
E-CURB
 70
0
 62
1
  6
Continuous
370
-3
390
F
347
98
  0
LAYER
  5
49C
330
1
100
AcDbSymbolTableRecord
100
AcDbLayerTableRecord
  2
P-U-SAN
 70
0
 62
6
  6
SANITARY
370
-3
390
F
347
98
  0
LAYER
  5
49D
330
1
100
AcDbSymbolTableRecord
100
AcDbLayerTableRecord
  2
P-(FUTURE)-U-STM
 70
0
 62
253
  6
STORM
370
-3
390
F
347
98
  0
LAYER
  5
49E
330
1
100
AcDbSymbolTableRecord
100
AcDbLayerTableRecord
  2
E-SW
 70
0
 62
6
  6
Continuous
370
-3
390
F
347
98
  0
LAYER
  5
49F
330
1
100
AcDbSymbolTableRecord
100
AcDbLayerTableRecord
  2
P-U-STM
 70
0
 62
4
  6
STORM
370
-3
390
F
347
98
  0
LAYER
  5
4A0
330
1
100
AcDbSymbolTableRecord
100
AcDbLayerTableRecord
  2
RES_SURVEY$0$E-ROW
 70
0
 62
7
  6
RES_SURVEY$0$LEDG_ROW
370
-3
390
F
347
98
  0
ENDTAB
  0
TABLE
  2
STYLE
  5
5
330
0
100
AcDbSymbolTable
 70
1
  0
STYLE
  5
29
330
5
100
AcDbSymbolTableRecord
100
AcDbTextStyleTableRecord
  2
Standard
 70
0
 40
0.0
 41
1.0
 50
0.0
 71
0
 42
2.5
  3
txt
  4

  0
ENDTAB
  0
TABLE
  2
VIEW
  5
7
330
0
100
AcDbSymbolTable
 70
0
  0
ENDTAB
  0
TABLE
  2
UCS
  5
6
330
0
100
AcDbSymbolTable
 70
0
  0
ENDTAB
  0
TABLE
  2
APPID
  5
3
330
0
100
AcDbSymbolTable
 70
3
  0
APPID
  5
2A
330
3
100
AcDbSymbolTableRecord
100
AcDbRegAppTableRecord
  2
ACAD
 70
0
  0
APPID
  5
4A7
330
3
100
AcDbSymbolTableRecord
100
AcDbRegAppTableRecord
  2
HATCHBACKGROUNDCOLOR
 70
0
  0
APPID
  5
4A8
330
3
100
AcDbSymbolTableRecord
100
AcDbRegAppTableRecord
  2
EZDXF
 70
0
  0
ENDTAB
  0
TABLE
  2
DIMSTYLE
  5
4
330
0
100
AcDbSymbolTable
 70
1
100
AcDbDimStyleTable
  0
DIMSTYLE
105
2B
330
4
100
AcDbSymbolTableRecord
100
AcDbDimStyleTableRecord
  2
Standard
 70
0
 40
1.0
 41
2.5
 42
0.625
 43
3.75
 44
1.25
 45
0.0
 46
0.0
 47
0.0
 48
0.0
 49
2.5
140
2.5
141
2.5
142
0.0
143
0.03937007874
144
1.0
145
0.0
146
1.0
147
0.625
148
0.0
 69
0
 70
0
 71
0
 72
0
 73
0
 74
0
 75
0
 76
0
 77
1
 78
8
 79
3
170
0
171
3
172
1
173
0
174
0
175
0
176
0
177
0
178
0
179
2
271
2
272
2
273
2
274
3
275
0
276
0
277
2
278
44
279
0
280
0
281
0
282
0
283
0
284
8
285
0
286
0
288
0
289
3
290
0
371
-2
372
-2
  0
ENDTAB
  0
TABLE
  2
BLOCK_RECORD
  5
9
330
0
100
AcDbSymbolTable
 70
3
  0
BLOCK_RECORD
  5
17
330
9
100
AcDbSymbolTableRecord
100
AcDbBlockTableRecord
  2
*Model_Space
340
1A
 70
0
280
1
281
0
  0
BLOCK_RECORD
  5
1B
330
9
100
AcDbSymbolTableRecord
100
AcDbBlockTableRecord
  2
*Paper_Space
340
1E
 70
0
280
1
281
0
  0
BLOCK_RECORD
  5
482
330
9
100
AcDbSymbolTableRecord
100
AcDbBlockTableRecord
  2
*U43
340
0
 70
0
280
1
281
0
  0
ENDTAB
  0
ENDSEC
  0
SECTION
  2
BLOCKS
  0
BLOCK
  5
18
330
17
100
AcDbEntity
  8
0
100
AcDbBlockBegin
  2
*Model_Space
 70
0
 10
0.0
 20
0.0
 30
0.0
  3
*Model_Space
  1

  0
ENDBLK
  5
19
330
17
100
AcDbEntity
  8
0
100
AcDbBlockEnd
  0
BLOCK
  5
1C
330
1B
100
AcDbEntity
  8
0
100
AcDbBlockBegin
  2
*Paper_Space
 70
0
 10
0.0
 20
0.0
 30
0.0
  3
*Paper_Space
  1

  0
ENDBLK
  5
1D
330
1B
100
AcDbEntity
  8
0
100
AcDbBlockEnd
  0
BLOCK
  5
483
330
482
100
AcDbEntity
  8
0
100
AcDbBlockBegin
  2
*U43
 70
1
 10
0.0
 20
0.0
 30
0.0
  3
*U43
  1

  0
HATCH
  5
485
330
482
100
AcDbEntity
  8
P-CULVERT-RIPRAP
100
AcDbHatch
 10
0.0
 20
0.0
 30
0.4793248803455299
210
0.0
220
0.0
230
1.0
  2
GRAVEL
 70
0
 71
0
 91
1
 92
1
 93
4
 72
1
 10
-1.266923707012788
 20
-4.916466399616623
 11
-4.885429510941715
 21
-1.886410482707732
 72
1
 10
-4.88542951124967
 20
-1.886410483057023
 11
-0.8613442169155956
 21
0.7309160602179245
 72
1
 10
-0.8613442169155964
 20
0.7309160602179231
 11
0.8613442156837724
 21
-0.7309160616150853
 72
1
 10
0.8613442159917284
 20
-0.730916061265794
 11
-1.266923706974294
 21
-4.916466399572962
 97
0
 75
0
 76
1
 52
-31.95179441893744
 41
3.124050717926708
 77
0
 78
41
 53
196.0609930850625
 43
-597054.7920472332
 44
-1181386.32006182
 45
-36.08528286104573
 46
-10.63051408089917
 79
2
 49
0.4202972873869872
 49
-41.60950657558958
 53
153.0179463090625
 43
-597055.1959400843
 44
-1181386.436341681
 45
33.46211109310143
 46
-17.18844350075941
 79
2
 49
0.721243341146302
 49
-71.40306815919924
 53
100.5586526590626
 43
-597055.8386749347
 44
-1181386.109105462
 45
8.32145608303641
 46
-45.69075942622877
 79
2
 49
0.5085579682698523
 49
-50.34730320197543
 53
235.3218945870625
 43
-597057.2857786943
 44
-1181386.127016383
 45
35.7160382873158
 46
51.36147833949614
 79
2
 49
0.656794174835475
 49
-65.02261094256025
 53
260.8818597590625
 43
-597057.6594717283
 44
-1181386.667138538
 45
6.58549482168493
 46
40.07517131661091
 79
2
 49
0.6440386757541797
 49
-63.75991677323827
 53
325.3218945870624
 43
-597057.7615331146
 44
-1181387.303039804
 45
-51.36147833949614
 46
35.7160382873158
 79
2
 49
0.6567941748354752
 49
-65.02261094256028
 53
5.742446047762477
 43
-597057.2214109598
 44
-1181387.676732838
 45
-50.99223376576622
 46
-5.014925971281102
 79
2
 49
0.8685766970544446
 49
-85.98902287006491
 53
40.30353395596257
 43
-597056.3571937229
 44
-1181387.589825831
 45
54.92699141768254
 46
46.74336234376935
 79
2
 49
0.8200258248471456
 49
-81.18258632839414
 53
89.47777119606258
 43
-597055.7318184857
 44
-1181387.059402743
 45
0.286548368256117
 46
47.68570365401158
 79
2
 49
0.6590184989466387
 49
-65.24290359168268
 53
143.2845638900625
 43
-597055.7258118641
 44
-1181386.400410896
 45
27.50484381157796
 46
-20.83665278441961
 79
2
 49
0.7523713824997245
 49
-36.86618080635868
 53
190.4456433790625
 43
-597056.3289234835
 44
-1181385.95061254
 45
-49.99476165187482
 46
-9.318928196927185
 79
2
 49
0.9729793479968372
 49
-96.3250273198329
 53
106.8622804150625
 43
-597054.6780815471
 44
-1181387.790256159
 45
-8.635569853116698
 46
27.47727840975356
 79
2
 49
0.3320897153663269
 49
-32.87702494257309
 53
139.5174399710625
 43
-597054.7744119668
 44
-1181387.472443353
 45
31.15305309523806
 46
-26.79392006594291
 79
2
 49
0.631798645041343
 49
-62.54821711362302
 53
193.0482055810625
 43
-597055.254961449
 44
-1181387.062268227
 45
-1.653265055877241
 46
-2.650737169768496
 79
2
 49
0.4418063765799127
 49
-3.976268518253456
 53
171.2467960950626
 43
-597055.2421212438
 44
-1181386.628451213
 45
16.560215960598
 46
-2.964850939849456
 79
2
 49
0.2379214545758621
 49
-23.55413998436516
 53
259.8496150670626
 43
-597055.4772707975
 44
-1181386.592244774
 45
2.309057997864385
 46
9.605476565183125
 79
2
 49
0.3364696344728598
 49
-16.48705834740929
 53
359.0119621131624
 43
-597055.5365678169
 44
-1181386.923449093
 45
11.25874162106083
 46
0.3416791719051524
 79
2
 49
0.5464870680362003
 49
-17.66970238525133
 53
129.6132567580625
 43
-597054.9901633863
 44
-1181386.932872506
 45
3.648209283660067
 46
-5.957267281523336
 79
2
 49
0.3951642993612669
 49
-9.4839514951714
 53
344.4377459150625
 43
-597057.0146983565
 44
-1181385.633351041
 45
31.46716686531878
 46
-8.580439049467323
 79
2
 49
0.5535817872166126
 49
-54.80473797492959
 53
38.39438152296253
 43
-597056.4814097844
 44
-1181385.781869243
 45
-28.78886429373442
 46
-22.54504864395301
 79
2
 49
0.4644245037777018
 49
-45.97792823903195
 53
261.2467960950625
 43
-597054.659510375
 44
-1181386.402725072
 45
2.964850939849475
 46
16.560215960598
 79
2
 49
0.4758397851010064
 49
-23.31622165384002
 53
311.6586652470625
 43
-597054.7319232525
 44
-1181386.873024179
 45
-21.54757653005453
 46
24.4848620680796
 79
2
 49
0.5535817872166118
 49
-54.80473797492829
 53
307.4921603610625
 43
-597058.0397226908
 44
-1181387.276808086
 45
-9.947155737088723
 46
13.56779961892423
 79
2
 49
0.5338377866793151
 49
-26.15806324784828
 53
262.8233461500625
 43
-597057.7148006472
 44
-1181387.700374725
 45
4.932229765807486
 46
37.42443414684219
 79
2
 49
0.4472953336913101
 49
-44.2823038381822
 53
34.84961506746257
 43
-597056.286268059
 44
-1181389.069994892
 45
13.56779961892401
 46
9.947155737088618
 79
2
 49
0.4758397851010063
 49
-23.31622165384001
 53
345.4022302173626
 43
-597055.8957667215
 44
-1181388.798087592
 45
-41.07264343050205
 46
10.88949704733093
 79
2
 49
0.5236877458967714
 49
-51.84494505636428
 53
37.4921603614625
 43
-597057.5851292722
 44
-1181388.259895016
 45
-13.56779961892405
 46
-9.947155737088533
 79
2
 49
0.2669188933396577
 49
-26.42498214118794
 53
69.35813805506251
 43
-597056.4453122893
 44
-1181388.97079899
 45
3.96232305374085
 46
12.25621373495202
 79
2
 49
0.1592953461070828
 49
-15.7703002260548
 53
134.0119621130625
 43
-597056.3891564084
 44
-1181388.82172948
 45
6.298946453428558
 46
-7.610532337400663
 79
2
 49
0.6440386757541805
 49
-12.23675241404444
 53
154.0572115380624
 43
-597056.8366405893
 44
-1181388.35853961
 45
28.16063675356419
 46
-13.88191338900497
 79
2
 49
0.5968498896598974
 49
-59.08805527224104
 53
271.7382731070625
 43
-597055.6853616717
 44
-1181387.162015439
 45
0.6557929419860398
 46
6.954739395414641
 79
2
 49
0.4505568426408256
 49
-10.81336820799404
 53
321.2054321680625
 43
-597055.6716945048
 44
-1181387.612365103
 45
41.75600177431272
 46
-33.40698028945249
 79
2
 49
0.7866172264696368
 49
-77.87496991175851
 53
28.99360148196259
 43
-597055.0586081635
 44
-1181388.105203483
 45
-22.17580407021606
 46
-11.94209996487129
 79
2
 49
0.3216397657148619
 49
-31.84243096774342
 53
58.04820558106251
 43
-597054.7772774507
 44
-1181387.94930039
 45
-0.9974721138913218
 46
4.304002225646025
 79
2
 49
0.1874430430756024
 49
-2.936607674851104
 53
88.30464274506254
 43
-597056.8400573806
 44
-1181388.245952195
 45
-0.9699067120667522
 46
-25.16822041189016
 79
2
 49
0.4340056219372499
 49
-42.96669399705997
 53
16.06099308526244
 43
-597056.8272171764
 44
-1181387.81213518
 45
36.08528286104552
 46
10.63051408089919
 79
2
 49
0.8405945747739749
 49
-41.18920928820263
 53
328.0482055810625
 43
-597056.0194314747
 44
-1181387.579575456
 45
4.304002225646025
 46
0.9974721138913227
 79
2
 49
0.8122531866609439
 49
-2.311797531265763
 53
293.3530520500626
 43
-597055.33023981
 44
-1181388.00942437
 45
14.93451630654593
 46
-35.08781074715399
 79
2
 49
0.4939561552142631
 49
-48.90162281744909
 53
222.1028096800625
 43
-597055.1344378333
 44
-1181388.462915173
 45
-9.263797393278189
 46
-8.949683623197295
 79
2
 49
0.4548680326315644
 49
-22.2885644935605
 53
175.6941809450625
 43
-597055.4719244277
 44
-1181388.767887775
 45
-66.89665678437827
 46
4.904664363982729
 79
2
 49
0.7406030834452948
 49
-73.31982766844978
 53
143.4742843210625
 43
-597056.2104383898
 44
-1181388.712283202
 45
-32.80631815111528
 46
24.14318289617417
 79
2
 49
0.7835087960052989
 49
-77.56728460561999
 98
1
 10
-597058.3538430516
 20
-1181387.780448149
  0
LWPOLYLINE
  5
486
330
482
100
AcDbEntity
  8
P-CULVERT-RIPRAP
100
AcDbPolyline
 90
4
 70
0
 38
1.0
 10
-0.8613442169228056
 20
0.7309160602094273
 10
-4.885429509875238
 20
-1.886410483679788
 10
-1.266923706964295
 20
-4.916466399629119
 10
0.8613442159989376
 20
-0.7309160612572982
  0
LINE
  5
487
330
482
100
AcDbEntity
  8
P-U-STM
100
AcDbLine
 10
1.790873528090117
 20
2.496833646117828
 30
0.0
 11
2.172110944879238
 21
2.173324709548901
 31
0.0
  0
LINE
  5
488
330
482
100
AcDbEntity
  8
P-U-STM
100
AcDbLine
 10
2.458039007471079
 20
1.930693007122206
 30
0.0
 11
1.504945465498277
 21
2.739465348544523
 31
0.0
  0
LINE
  5
489
330
482
100
AcDbEntity
  8
P-U-STM
100
AcDbLine
 10
1.553957311851481
 20
1.058476699291635
 30
0.0
 11
0.7914824782732398
 21
1.70549457242949
 31
0.0
  0
LINE
  5
48A
330
482
100
AcDbEntity
  8
P-U-STM
100
AcDbLine
 10
2.362729653273798
 20
2.011570241264438
 30
0.0
 11
1.553957311851481
 21
1.058476699291635
 31
0.0
  0
LINE
  5
48B
330
482
100
AcDbEntity
  8
P-U-STM
100
AcDbLine
 10
2.458039007471079
 20
1.930693007122206
 30
0.0
 11
1.660217624705229
 21
0.99050456518724
 31
0.0
  0
LINE
  5
48C
330
482
100
AcDbEntity
  8
P-U-STM
100
AcDbLine
 10
1.600254819695556
 20
2.65858811440229
 30
0.0
 11
0.7914824782732398
 21
1.70549457242949
 31
0.0
  0
LINE
  5
48D
330
482
100
AcDbEntity
  8
P-U-STM
100
AcDbLine
 10
1.504945465498277
 20
2.739465348544523
 30
0.0
 11
0.7071240827324269
 21
1.799276906609558
 31
0.0
  0
LINE
  5
48E
330
482
100
AcDbEntity
  8
P-U-STM
100
AcDbLine
 10
-0.7624748335782419
 20
0.6470178731378536
 30
0.0
 11
0.7914824782732398
 21
1.70549457242949
 31
0.0
  0
LINE
  5
48F
330
482
100
AcDbEntity
  8
P-U-STM
100
AcDbLine
 10
-0.8613442153733144
 20
0.7309160613931883
 30
0.0
 11
0.7071240827324269
 21
1.799276906609558
 31
0.0
  0
LINE
  5
490
330
482
100
AcDbEntity
  8
P-U-STM
100
AcDbLine
 10
0.762474833578241
 20
-0.6470178731378539
 30
0.0
 11
1.553957311851481
 21
1.058476699291635
 31
0.0
  0
LINE
  5
491
330
482
100
AcDbEntity
  8
P-U-STM
100
AcDbLine
 10
0.8613442153733136
 20
-0.7309160613931889
 30
0.0
 11
1.660217624705229
 21
0.99050456518724
 31
0.0
  0
LWPOLYLINE
  5
492
330
482
100
AcDbEntity
  8
P-U-STM
100
AcDbPolyline
 90
2
 70
0
 10
-0.8613442153733144
 20
0.7309160613931883
 10
0.8613442159989376
 20
-0.7309160612572982
  0
ENDBLK
  5
484
330
482
100
AcDbEntity
  8
0
100
AcDbBlockEnd
  0
ENDSEC
  0
SECTION
  2
ENTITIES
  0
LINE
  5
2F
330
17
100
AcDbEntity
  8
P-U-STM
100
AcDbLine
 10
2437070.552311439
 20
414305.981652485
 30
0.0
 11
2437070.18828842
 21
414263.9832300466
 31
0.0
  0
LINE
  5
30
330
17
100
AcDbEntity
  8
P-U-STM
100
AcDbLine
 10
2436423.898028263
 20
413741.0336891507
 30
0.0
 11
2436445.181081975
 21
413740.854223389
 31
0.0
  0
LINE
  5
31
330
17
100
AcDbEntity
  8
P-U-STM
100
AcDbLine
 10
2436445.467669513
 20
414812.5505342336
 30
0.0
 11
2436456.729895886
 21
414846.4284181066
 31
0.0
  0
LWPOLYLINE
  5
32
330
17
100
AcDbEntity
  8
P-U-STM
100
AcDbPolyline
 90
4
 70
0
 10
2436432.587560941
 20
413467.7252400562
 10
2436306.389350166
 20
413409.6235057155
 10
2436212.159354453
 20
413408.8631466055
 10
2436222.596465313
 20
413436.9890548911
  0
LWPOLYLINE
  5
33
330
17
100
AcDbEntity
  8
P-U-STM
100
AcDbPolyline
 90
4
 70
0
 10
2436547.75169381
 20
414195.3885856179
 10
2436565.28665485
 20
414171.0467463011
 10
2436639.049489026
 20
414216.564897407
 10
2436764.206549154
 20
414236.7435180901
  0
LINE
  5
34
330
17
100
AcDbEntity
  8
P-U-STM
100
AcDbLine
 10
2436417.448845698
 20
413493.6254196067
 30
0.0
 11
2436432.587560941
 21
413467.7252400562
 31
0.0
  0
LINE
  5
35
330
17
100
AcDbEntity
  8
P-U-STM
100
AcDbLine
 10
2436432.587560941
 20
413467.7252400562
 30
0.0
 11
2436463.291196426
 21
413485.6715864755
 31
0.0
  0
LINE
  5
36
330
17
100
AcDbEntity
  8
P-U-STM
100
AcDbLine
 10
2436463.291196426
 20
413485.6715864755
 30
0.0
 11
2436532.163517178
 21
413369.2423911944
 31
0.0
  0
LINE
  5
37
330
17
100
AcDbEntity
  8
P-U-STM
100
AcDbLine
 10
2436551.6633997
 20
413173.763802083
 30
0.0
 11
2436521.289149283
 21
413114.6762283829
 31
0.0
  0
LINE
  5
38
330
17
100
AcDbEntity
  8
P-U-STM
100
AcDbLine
 10
2436693.410909692
 20
413303.2863149264
 30
0.0
 11
2436609.507082692
 21
413294.8464643871
 31
0.0
  0
LINE
  5
39
330
17
100
AcDbEntity
  8
P-U-STM
100
AcDbLine
 10
2436750.231363159
 20
413348.4345281468
 30
0.0
 11
2436693.410909692
 21
413303.2863149264
 31
0.0
  0
LINE
  5
3A
330
17
100
AcDbEntity
  8
P-U-STM
100
AcDbLine
 10
2436777.486540524
 20
413416.371133032
 30
0.0
 11
2436750.231363159
 21
413348.4345281468
 31
0.0
  0
LINE
  5
3B
330
17
100
AcDbEntity
  8
P-U-STM
100
AcDbLine
 10
2436772.551103948
 20
413546.1661363907
 30
0.0
 11
2436777.486540524
 21
413416.371133032
 31
0.0
  0
LINE
  5
3C
330
17
100
AcDbEntity
  8
P-U-STM
100
AcDbLine
 10
2436557.551348845
 20
413282.0104609229
 30
0.0
 11
2436551.6633997
 21
413173.763802083
 31
0.0
  0
LINE
  5
3D
330
17
100
AcDbEntity
  8
P-U-STM
100
AcDbLine
 10
2436802.680710659
 20
414206.8744048657
 30
0.0
 11
2436832.231341499
 21
414212.0474689302
 31
0.0
  0
LINE
  5
3E
330
17
100
AcDbEntity
  8
P-U-STM
100
AcDbLine
 10
2436811.816507708
 20
414315.5039266738
 30
0.0
 11
2436782.469491206
 21
414309.2655120406
 31
0.0
  0
LINE
  5
3F
330
17
100
AcDbEntity
  8
P-U-STM
100
AcDbLine
 10
2436764.206549154
 20
414236.7435180901
 30
0.0
 11
2436758.376923851
 21
414266.1716588542
 31
0.0
  0
LINE
  5
40
330
17
100
AcDbEntity
  8
P-U-STM
100
AcDbLine
 10
2436521.289149283
 20
413114.6762283829
 30
0.0
 11
2436547.907082752
 21
413100.8374138739
 31
0.0
  0
LINE
  5
41
330
17
100
AcDbEntity
  8
P-U-STM
100
AcDbLine
 10
2437070.18828842
 20
414263.9832300466
 30
0.0
 11
2436985.549865327
 21
414205.6047814882
 31
0.0
  0
CIRCLE
  5
42
330
17
100
AcDbEntity
  8
P-U-STM
100
AcDbCircle
 10
2436985.549865327
 20
414205.6047814882
 30
0.0
 40
2.0
  0
LWPOLYLINE
  5
43
330
17
100
AcDbEntity
  8
P-CONT
100
AcDbPolyline
 90
26
 70
0
 38
954.0
 10
2436922.433162642
 20
414240.7286141905
 10
2436908.180887904
 20
414235.0786973138
 10
2436893.924820818
 20
414228.5407004764
 10
2436883.692080804
 20
414221.6030714766
 10
2436875.715938193
 20
414213.3125111655
 10
2436870.929482302
 20
414205.6477233855
 10
2436868.44887128
 20
414197.6296100134
 10
2436867.788237353
 20
414188.296598729
 10
2436867.915241809
 20
414175.95730492
 10
2436868.936314464
 20
414166.0522662613
 10
2436870.882921677
 20
414157.8448442361
 10
2436873.440451777
 20
414150.6583196874
 10
2436876.888636094
 20
414145.6268331255
 10
2436881.453262319
 20
414141.4858388005
 10
2436887.003353378
 20
414138.9580902769
 10
2436897.551854152
 20
414136.8332911673
 10
2436912.64255585
 20
414136.1653819815
 10
2436926.900002401
 20
414135.8654588301
 10
2436933.545685253
 20
414135.0707894327
 10
2436939.343498544
 20
414133.7588420602
 10
2436946.681228785
 20
414131.628158611
 10
2436956.168065243
 20
414127.7326376666
 10
2436964.634941393
 20
414123.2987328811
 10
2436969.480777306
 20
414120.2794499514
 10
2436971.347085446
 20
414118.4322854126
 10
2436972.340696533
 20
414116.2256616117
  0
LWPOLYLINE
  5
44
330
17
100
AcDbEntity
  8
P-CONT
100
AcDbPolyline
 90
34
 70
0
 38
955.0
 10
2436894.896313193
 20
414236.7918739101
 10
2436886.262901428
 20
414231.3233476576
 10
2436880.480993768
 20
414226.3883877104
 10
2436874.18248089
 20
414219.7039596186
 10
2436870.463064393
 20
414214.6676311622
 10
2436867.781694891
 20
414209.5352836975
 10
2436865.581966298
 20
414203.5396265184
 10
2436864.49138809
 20
414198.3716525863
 10
2436863.78678182
 20
414188.4174282941
 10
2436863.765132152
 20
414180.7354293892
 10
2436864.221683397
 20
414170.5121250899
 10
2436864.984129742
 20
414165.3828008535
 10
2436866.031766511
 20
414160.1758012497
 10
2436867.889207622
 20
414153.6758856054
 10
2436869.846564371
 20
414148.8266202563
 10
2436871.625652845
 20
414145.7359115102
 10
2436873.85399441
 20
414142.9790992039
 10
2436876.364374663
 20
414140.3442945892
 10
2436879.227656913
 20
414138.1041532976
 10
2436882.375515183
 20
414136.4482258575
 10
2436886.822028081
 20
414134.7426870891
 10
2436891.153773407
 20
414133.607278183
 10
2436897.065593516
 20
414132.8508969767
 10
2436903.561266411
 20
414132.3065787651
 10
2436909.859745506
 20
414132.2085306999
 10
2436915.968719171
 20
414131.925107738
 10
2436924.319082715
 20
414131.3401778208
 10
2436933.024490233
 20
414129.9387899148
 10
2436940.094031611
 20
414127.8366627212
 10
2436944.826606965
 20
414125.4426250486
 10
2436948.916423459
 20
414122.2310657628
 10
2436951.136606676
 20
414119.486635779
 10
2436951.870957919
 20
414117.9666068227
 10
2436952.239745728
 20
414116.2113358295
  0
LWPOLYLINE
  5
45
330
17
100
AcDbEntity
  8
P-CONT
100
AcDbPolyline
 90
27
 70
0
 38
954.0
 10
2436993.416415989
 20
414114.9430507604
 10
2436996.228993018
 20
414119.1373466417
 10
2436998.280795968
 20
414123.3462040818
 10
2437000.677756386
 20
414129.6617314049
 10
2437003.155321903
 20
414138.3987682462
 10
2437004.39926231
 20
414149.0082994879
 10
2437004.971876694
 20
414156.0291409802
 10
2437006.003567098
 20
414163.626365357
 10
2437007.015919861
 20
414167.679745684
 10
2437008.514548571
 20
414170.6379290314
 10
2437011.137274765
 20
414173.3714786744
 10
2437014.209599649
 20
414175.243713332
 10
2437017.244441181
 20
414176.1798759956
 10
2437020.803848105
 20
414176.4045550349
 10
2437023.276640895
 20
414176.2173225022
 10
2437025.262452407
 20
414175.5058388779
 10
2437027.023363812
 20
414173.9331309377
 10
2437028.746892628
 20
414171.2745196426
 10
2437029.833406
 20
414168.5410153344
 10
2437030.657636676
 20
414163.7479985011
 10
2437031.069852776
 20
414158.3933294044
 10
2437031.388662783
 20
414146.20988636
 10
2437031.991217727
 20
414136.5734857819
 10
2437032.9554064
 20
414126.9370852039
 10
2437033.942770263
 20
414120.537948717
 10
2437035.094274928
 20
414115.9347031625
 10
2437036.609327795
 20
414111.2708450424
  0
LWPOLYLINE
  5
46
330
17
100
AcDbEntity
  8
P-CONT
100
AcDbPolyline
 90
14
 70
0
 38
957.0
 10
2437003.383019125
 20
414108.2597265917
 10
2437006.654479024
 20
414113.1383381412
 10
2437009.306367285
 20
414118.5781488417
 10
2437011.389783576
 20
414122.7236278616
 10
2437013.218608365
 20
414126.1568740929
 10
2437014.579596598
 20
414127.1054131443
 10
2437016.049004416
 20
414127.4160468765
 10
2437017.618670121
 20
414127.1451717233
 10
2437018.930788931
 20
414126.295825113
 10
2437019.754515799
 20
414125.0072300743
 10
2437020.793268127
 20
414122.4825829763
 10
2437022.167377179
 20
414118.1619311077
 10
2437023.55344847
 20
414112.6209839467
 10
2437025.196414812
 20
414107.5633637923
  0
LWPOLYLINE
  5
47
330
17
100
AcDbEntity
  8
P-CONT
100
AcDbPolyline
 90
19
 70
0
 38
956.0
 10
2437000.06081808
 20
414110.4875013147
 10
2437003.179317022
 20
414115.1380076414
 10
2437005.631176846
 20
414120.1675005883
 10
2437008.27992235
 20
414127.1464329406
 10
2437011.026393928
 20
414136.8317563731
 10
2437012.2346704
 20
414140.3522281711
 10
2437013.257099333
 20
414141.8996393186
 10
2437014.544733051
 20
414142.9985084132
 10
2437016.063816385
 20
414143.7206003699
 10
2437017.690009403
 20
414143.878863995
 10
2437019.33524638
 20
414143.5265222894
 10
2437020.598495767
 20
414142.8805927188
 10
2437021.803001086
 20
414141.3831404699
 10
2437022.713786059
 20
414138.9461254508
 10
2437023.712636755
 20
414134.7474019035
 10
2437025.016410497
 20
414125.9281603313
 10
2437026.092508207
 20
414118.9539369775
 10
2437027.400390623
 20
414113.7255570187
 10
2437029.000719139
 20
414108.7991908757
  0
LWPOLYLINE
  5
48
330
17
100
AcDbEntity
  8
P-CONT
100
AcDbPolyline
 90
23
 70
0
 38
955.0
 10
2436996.738617035
 20
414112.7152760376
 10
2436999.70415502
 20
414117.1376771415
 10
2437001.955986407
 20
414121.756852335
 10
2437004.478839368
 20
414128.4040821727
 10
2437007.090857916
 20
414137.6152623096
 10
2437008.692292203
 20
414147.8855495257
 10
2437009.655674782
 20
414152.8382353615
 10
2437010.712967262
 20
414155.3840537895
 10
2437011.96261382
 20
414156.9211286132
 10
2437013.990946767
 20
414158.3638164797
 10
2437016.343329331
 20
414159.1434382388
 10
2437019.206775218
 20
414159.3465832701
 10
2437021.238534063
 20
414158.7944513049
 10
2437023.064940571
 20
414157.5455695104
 10
2437024.730027603
 20
414155.439906206
 10
2437025.830244566
 20
414152.3180643977
 10
2437026.533359683
 20
414148.53447119
 10
2437027.217632363
 20
414143.0024978715
 10
2437028.003667912
 20
414136.2494392811
 10
2437028.985908449
 20
414126.4326227676
 10
2437030.017639235
 20
414119.7459428473
 10
2437031.247332775
 20
414114.8301300906
 10
2437032.805023467
 20
414110.0350179591
  0
LWPOLYLINE
  5
49
330
17
100
AcDbEntity
  8
P-CONT
100
AcDbPolyline
 90
31
 70
0
 38
956.0
 10
2436880.665386723
 20
414234.2900754915
 10
2436875.234936809
 20
414230.0249149773
 10
2436870.919716401
 20
414225.374883957
 10
2436867.070720362
 20
414220.3343847033
 10
2436864.083639874
 20
414214.0270510926
 10
2436862.026489081
 20
414207.262153813
 10
2436860.520792143
 20
414198.9284465426
 10
2436859.787180276
 20
414188.5644498356
 10
2436859.764880557
 20
414180.6517919127
 10
2436860.234858859
 20
414170.1278228255
 10
2436861.042596299
 20
414164.6938047412
 10
2436862.141846118
 20
414159.2302762085
 10
2436864.101078396
 20
414152.3741533126
 10
2436866.241301077
 20
414147.0718456488
 10
2436868.316416108
 20
414143.4668668841
 10
2436870.845602202
 20
414140.3378621291
 10
2436873.669731853
 20
414137.3737574574
 10
2436877.046605951
 20
414134.7317981801
 10
2436880.722390002
 20
414132.7981559534
 10
2436885.594975495
 20
414130.9291894958
 10
2436890.389678949
 20
414129.6724330171
 10
2436896.6445655
 20
414128.8721585586
 10
2436903.36289807
 20
414128.3091821237
 10
2436910.333661546
 20
414127.7286300032
 10
2436916.728603367
 20
414126.8082891686
 10
2436923.106314938
 20
414125.216721971
 10
2436929.14314969
 20
414122.7880485466
 10
2436932.269382081
 20
414120.6865107047
 10
2436933.727403827
 20
414118.9992418421
 10
2436934.290157901
 20
414117.6954596609
 10
2436934.469211435
 20
414116.2894022753
  0
LWPOLYLINE
  5
4A
330
17
100
AcDbEntity
  8
P-CONT
100
AcDbPolyline
 90
26
 70
0
 38
957.0
 10
2436865.381200101
 20
414231.2430931916
 10
2436863.00710191
 20
414225.850490858
 10
2436860.464682787
 20
414218.746988303
 10
2436858.2046987
 20
414210.347591814
 10
2436856.546053129
 20
414199.4267099081
 10
2436855.787578732
 20
414188.7114713772
 10
2436855.764628962
 20
414180.5681544364
 10
2436856.24803432
 20
414169.743520561
 10
2436857.101062855
 20
414164.0048086288
 10
2436858.251925726
 20
414158.2847511673
 10
2436860.31294917
 20
414151.07242102
 10
2436862.636037785
 20
414145.3170710413
 10
2436865.00717937
 20
414141.1978222581
 10
2436867.837209994
 20
414137.6966250544
 10
2436870.975089043
 20
414134.4032203255
 10
2436874.865554988
 20
414131.3594430627
 10
2436879.069264821
 20
414129.1480860494
 10
2436884.367922909
 20
414127.1156919025
 10
2436889.62558449
 20
414125.7375878511
 10
2436896.223537484
 20
414124.8934201407
 10
2436903.020176101
 20
414123.7411664081
 10
2436909.698056766
 20
414122.004845342
 10
2436913.172723103
 20
414120.5126972591
 10
2436915.152690436
 20
414118.9446587987
 10
2436915.944375084
 20
414117.7441491864
 10
2436916.264436983
 20
414116.3040562349
  0
LWPOLYLINE
  5
4B
330
17
100
AcDbEntity
  8
P-CONT
100
AcDbPolyline
 90
42
 70
129
 38
949.0
 10
2436887.778711298
 20
414186.2357158319
 10
2436888.3115567
 20
414178.7345424634
 10
2436889.748312498
 20
414171.4648622611
 10
2436891.870793638
 20
414166.2356071053
 10
2436894.235872176
 20
414162.9713688357
 10
2436897.371576166
 20
414160.352062772
 10
2436901.336045109
 20
414158.4385281538
 10
2436906.484287125
 20
414156.9697772767
 10
2436913.835762192
 20
414156.1447061463
 10
2436927.985206909
 20
414155.8470549482
 10
2436934.915214989
 20
414155.2943132956
 10
2436941.696775014
 20
414154.2120512954
 10
2436955.158361202
 20
414150.2169332858
 10
2436962.455571074
 20
414147.9177825355
 10
2436966.84666504
 20
414146.5417820917
 10
2436970.392872181
 20
414145.7003690633
 10
2436973.428822092
 20
414145.2924016149
 10
2436975.265707817
 20
414145.6493674654
 10
2436976.821972217
 20
414146.4143007643
 10
2436978.403729326
 20
414148.0971268212
 10
2436980.036471854
 20
414150.6213659063
 10
2436982.766307732
 20
414157.5056749272
 10
2436984.90618003
 20
414164.8519769275
 10
2436985.464245417
 20
414172.3360737041
 10
2436985.069768068
 20
414179.7533651461
 10
2436984.266952998
 20
414187.0196424375
 10
2436982.460695115
 20
414194.1874199346
 10
2436978.944491092
 20
414200.9649246604
 10
2436973.763849793
 20
414206.569172388
 10
2436967.305706241
 20
414210.4543951217
 10
2436960.287465395
 20
414212.9844065917
 10
2436953.180390916
 20
414214.6413296218
 10
2436946.028594586
 20
414215.6016117441
 10
2436938.842897926
 20
414215.96142438
 10
2436931.664741185
 20
414215.8422674156
 10
2436924.512624576
 20
414215.362531334
 10
2436917.375272794
 20
414214.4590993653
 10
2436910.248750906
 20
414212.9078946739
 10
2436903.176110781
 20
414210.3793236922
 10
2436897.00910426
 20
414206.1625360348
 10
2436891.996740696
 20
414200.4016333272
 10
2436888.690003706
 20
414193.626665001
  0
LWPOLYLINE
  5
4C
330
17
100
AcDbEntity
  8
P-CONT
100
AcDbPolyline
 90
43
 70
129
 38
950.0
 10
2436883.761244284
 20
414186.3397179909
 10
2436884.339234882
 20
414178.2030095469
 10
2436885.936973812
 20
414170.1187887733
 10
2436887.915090963
 20
414164.4044003997
 10
2436889.999145129
 20
414160.7217223536
 10
2436892.847879808
 20
414157.6980756218
 10
2436898.134140684
 20
414154.8327831847
 10
2436905.564102948
 20
414153.0479382023
 10
2436913.570088974
 20
414152.1494099641
 10
2436927.783955036
 20
414151.8504035827
 10
2436934.440275057
 20
414151.3194914559
 10
2436940.808797413
 20
414150.3031457008
 10
2436954.193826248
 20
414146.3307483168
 10
2436964.151994994
 20
414143.4533519969
 10
2436971.635868467
 20
414141.6706534778
 10
2436976.017591595
 20
414141.089371266
 10
2436978.372190915
 20
414141.0847017864
 10
2436980.147108196
 20
414141.5706903459
 10
2436981.500237017
 20
414142.4739399783
 10
2436982.761068123
 20
414144.1335546412
 10
2436984.467165166
 20
414147.9215453201
 10
2436986.012144256
 20
414152.7100740129
 10
2436987.519740757
 20
414157.7721526094
 10
2436988.859533618
 20
414164.0774848367
 10
2436989.472168115
 20
414172.2933963924
 10
2436989.058077138
 20
414180.0794795804
 10
2436988.212663461
 20
414187.7313167697
 10
2436986.225680701
 20
414195.6162652267
 10
2436982.247178209
 20
414203.2848530744
 10
2436976.314231723
 20
414209.7029198637
 10
2436969.031424939
 20
414214.0842604534
 10
2436961.423698961
 20
414216.8267759082
 10
2436953.90228937
 20
414218.5802958423
 10
2436946.395408695
 20
414219.5882556572
 10
2436938.909798434
 20
414219.9630860023
 10
2436931.497588425
 20
414219.8400437679
 10
2436924.127286586
 20
414219.3456726723
 10
2436916.697424147
 20
414218.4052152791
 10
2436909.145499243
 20
414216.7614146251
 10
2436901.344004764
 20
414213.9722676864
 10
2436894.328044259
 20
414209.1749943962
 10
2436888.633187157
 20
414202.6296755515
 10
2436884.801921963
 20
414194.7800339204
  0
LWPOLYLINE
  5
4D
330
17
100
AcDbEntity
  8
P-CONT
100
AcDbPolyline
 90
43
 70
129
 38
951.0
 10
2436879.74377727
 20
414186.4437201499
 10
2436880.366913064
 20
414177.6714766303
 10
2436881.749382001
 20
414168.4353853583
 10
2436883.320458371
 20
414162.7732106274
 10
2436885.332669447
 20
414158.2377405297
 10
2436887.713063762
 20
414155.2018987492
 10
2436891.761668721
 20
414152.73360275
 10
2436897.477275185
 20
414150.5698656262
 10
2436904.643918771
 20
414149.1260991279
 10
2436913.304415756
 20
414148.1541137819
 10
2436927.582703164
 20
414147.8537522173
 10
2436933.965335125
 20
414147.3446696161
 10
2436939.920819813
 20
414146.3942401063
 10
2436953.229291295
 20
414142.4445633479
 10
2436962.919780209
 20
414139.2809679415
 10
2436971.579643441
 20
414136.7397736585
 10
2436977.028533694
 20
414135.6399071993
 10
2436980.664217222
 20
414135.3402444774
 10
2436983.625200431
 20
414135.5650141862
 10
2436985.79913403
 20
414136.9509882759
 10
2436987.073467204
 20
414139.0487179984
 10
2436988.945821045
 20
414144.6274314479
 10
2436990.911782503
 20
414152.8152053066
 10
2436992.812887206
 20
414163.3029927458
 10
2436993.480090812
 20
414172.2507190807
 10
2436993.046386209
 20
414180.4055940148
 10
2436992.158373923
 20
414188.4429911019
 10
2436989.990666288
 20
414197.0451105187
 10
2436985.549865327
 20
414205.6047814882
 10
2436978.864613652
 20
414212.8366673394
 10
2436970.757143638
 20
414217.7141257851
 10
2436962.559932527
 20
414220.6691452247
 10
2436954.624187823
 20
414222.5192620627
 10
2436946.762222805
 20
414223.5748995702
 10
2436938.976698941
 20
414223.9647476246
 10
2436931.330435666
 20
414223.8378201203
 10
2436923.741948596
 20
414223.3288140105
 10
2436916.019575499
 20
414222.3513311929
 10
2436908.042247579
 20
414220.6149345763
 10
2436899.511898747
 20
414217.5652116806
 10
2436891.646984257
 20
414212.1874527576
 10
2436885.269633618
 20
414204.8577177758
 10
2436880.91384022
 20
414195.9334028398
  0
LWPOLYLINE
  5
4E
330
17
100
AcDbEntity
  8
P-CONT
100
AcDbPolyline
 90
43
 70
129
 38
952.0
 10
2436875.726310256
 20
414186.5477223088
 10
2436876.394591247
 20
414177.1399437136
 10
2436877.255511106
 20
414168.4078671629
 10
2436878.75857333
 20
414161.7017690588
 10
2436881.227839461
 20
414155.2102856786
 10
2436884.819087081
 20
414150.8043369722
 10
2436889.422284417
 20
414147.8015442271
 10
2436895.650767915
 20
414145.9746896579
 10
2436903.537788936
 20
414144.8582760136
 10
2436913.038742539
 20
414144.1588175996
 10
2436927.381451291
 20
414143.8571008518
 10
2436933.490395193
 20
414143.3698477764
 10
2436939.032842212
 20
414142.4853345117
 10
2436952.264756342
 20
414138.558378379
 10
2436963.101050501
 20
414134.429831954
 10
2436973.18215746
 20
414130.1202195991
 10
2436979.533771751
 20
414127.674182964
 10
2436983.132576498
 20
414126.757967592
 10
2436986.34798299
 20
414127.0501047448
 10
2436988.796089165
 20
414128.7298933731
 10
2436991.080961391
 20
414132.6313569405
 10
2436993.644943517
 20
414139.7364462118
 10
2436995.104476688
 20
414148.608820186
 10
2436996.766240794
 20
414162.528500655
 10
2436997.48801351
 20
414172.2080417689
 10
2436997.034695279
 20
414180.7317084493
 10
2436996.104084386
 20
414189.1546654342
 10
2436993.755651874
 20
414198.4739558107
 10
2436988.852552445
 20
414207.9247099021
 10
2436981.414995582
 20
414215.9704148151
 10
2436972.482862336
 20
414221.3439911168
 10
2436963.696166093
 20
414224.5115145413
 10
2436955.346086276
 20
414226.4582282831
 10
2436947.129036914
 20
414227.5615434832
 10
2436939.043599449
 20
414227.966409247
 10
2436931.163282906
 20
414227.8355964726
 10
2436923.356610607
 20
414227.3119553488
 10
2436915.341726852
 20
414226.2974471067
 10
2436906.938995916
 20
414224.4684545276
 10
2436897.67979273
 20
414221.1581556748
 10
2436888.965924256
 20
414215.199911119
 10
2436881.90608008
 20
414207.0857600002
 10
2436877.025758477
 20
414197.0867717592
  0
LWPOLYLINE
  5
4F
330
17
100
AcDbEntity
  8
P-CONT
100
AcDbPolyline
 90
19
 70
0
 38
952.0
 10
2437044.217936451
 20
414113.7424992091
 10
2437042.788159234
 20
414118.1438493063
 10
2437041.793032319
 20
414122.1219604561
 10
2437040.894402302
 20
414127.9460100765
 10
2437039.966317359
 20
414137.2215787836
 10
2437039.382128047
 20
414146.5642657582
 10
2437039.06181234
 20
414158.8052496468
 10
2437038.607697319
 20
414164.7041839074
 10
2437037.376270553
 20
414172.5938277462
 10
2437035.756248984
 20
414179.4513282776
 10
2437033.838233798
 20
414185.3663489073
 10
2437030.968315986
 20
414192.1980302169
 10
2437026.141923621
 20
414202.1008446226
 10
2437020.952821128
 20
414210.4310913133
 10
2437015.077435628
 20
414217.141332424
 10
2437007.745806139
 20
414223.2516176331
 10
2437000.725044577
 20
414228.1592413097
 10
2436991.21413209
 20
414233.2350980777
 10
2436966.761315781
 20
414244.6042619225
  0
LWPOLYLINE
  5
50
330
17
100
AcDbEntity
  8
P-CONT
100
AcDbPolyline
 90
18
 70
0
 38
951.0
 10
2437048.022240778
 20
414114.9783262925
 10
2437046.635101387
 20
414119.2484223782
 10
2437045.718163347
 20
414122.9139663255
 10
2437044.863900254
 20
414128.4504725127
 10
2437043.953867175
 20
414137.5456252846
 10
2437043.378860679
 20
414146.7414554573
 10
2437043.057792122
 20
414159.011209768
 10
2437042.583917013
 20
414165.1668267102
 10
2437041.304611533
 20
414173.3632252876
 10
2437039.61156272
 20
414180.5298478544
 10
2437037.591258117
 20
414186.7603216774
 10
2437034.612897542
 20
414193.8501450124
 10
2437029.646740834
 20
414204.0397285502
 10
2437024.17623503
 20
414212.8217217622
 10
2437017.879795415
 20
414220.0128461493
 10
2437010.176449091
 20
414226.4329255032
 10
2437002.820061472
 20
414231.5751571161
 10
2436979.343231822
 20
414245.1576128143
  0
LWPOLYLINE
  5
51
330
17
100
AcDbEntity
  8
P-CONT
100
AcDbPolyline
 90
17
 70
0
 38
950.0
 10
2437051.826545106
 20
414116.2141533758
 10
2437050.48204354
 20
414120.3529954499
 10
2437049.643294375
 20
414123.7059721947
 10
2437048.833398205
 20
414128.9549349489
 10
2437047.94141699
 20
414137.8696717856
 10
2437047.37559331
 20
414146.9186451564
 10
2437047.053771905
 20
414159.2171698892
 10
2437046.560136707
 20
414165.629469513
 10
2437045.232952514
 20
414174.1326228291
 10
2437043.466876457
 20
414181.6083674312
 10
2437041.344282436
 20
414188.1542944474
 10
2437038.257479098
 20
414195.502259808
 10
2437033.151558047
 20
414205.9786124778
 10
2437027.399648932
 20
414215.2123522112
 10
2437020.682155203
 20
414222.8843598748
 10
2437012.607092042
 20
414229.6142333732
 10
2436991.48153363
 20
414245.4637047324
  0
LWPOLYLINE
  5
52
330
17
100
AcDbEntity
  8
P-CONT
100
AcDbPolyline
 90
16
 70
0
 38
949.0
 10
2437055.630849434
 20
414117.4499804592
 10
2437054.328985692
 20
414121.4575685216
 10
2437053.568425403
 20
414124.4979780637
 10
2437052.802896156
 20
414129.4593973851
 10
2437051.928966806
 20
414138.1937182867
 10
2437051.372325942
 20
414147.0958348555
 10
2437051.049751687
 20
414159.4231300103
 10
2437050.536356401
 20
414166.0921123156
 10
2437049.161293495
 20
414174.9020203706
 10
2437047.322190193
 20
414182.6868870081
 10
2437045.097306755
 20
414189.5482672174
 10
2437041.902060654
 20
414197.1543746035
 10
2437036.65637526
 20
414207.9174964054
 10
2437030.623062834
 20
414217.6029826601
 10
2437023.48451499
 20
414225.7558736001
 10
2437003.51215545
 20
414245.5466992929
  0
LWPOLYLINE
  5
53
330
17
100
AcDbEntity
  8
P-CONT
100
AcDbPolyline
 90
117
 70
129
 38
949.0
 10
2436914.646015605
 20
413067.6299047594
 10
2436917.375602013
 20
413072.351791622
 10
2436919.946455938
 20
413077.0829661795
 10
2436922.26728607
 20
413081.949870635
 10
2436924.268292872
 20
413086.9621092282
 10
2436925.988906802
 20
413092.0824399805
 10
2436927.482451068
 20
413097.2809070714
 10
2436928.788582274
 20
413102.5408823524
 10
2436929.832315874
 20
413107.8624680552
 10
2436930.484625156
 20
413113.2392165159
 10
2436930.638766269
 20
413118.6393375658
 10
2436930.411949371
 20
413124.0258127247
 10
2436930.033859563
 20
413129.3853348905
 10
2436929.72427096
 20
413134.7209848004
 10
2436929.62876053
 20
413140.0311119169
 10
2436929.842758366
 20
413145.3021613386
 10
2436930.45738414
 20
413150.5356485336
 10
2436931.377046887
 20
413155.7817138836
 10
2436932.244006247
 20
413161.1048138674
 10
2436932.684099831
 20
413166.5216594425
 10
2436932.564246944
 20
413171.97652115
 10
2436931.918156683
 20
413177.4036760185
 10
2436930.726638617
 20
413182.7514154768
 10
2436928.818348493
 20
413187.9218467243
 10
2436926.012822589
 20
413192.7600313777
 10
2436922.232068547
 20
413196.9185041005
 10
2436917.48011695
 20
413199.9681702392
 10
2436912.059542308
 20
413201.6514605049
 10
2436906.430250668
 20
413201.8546200289
 10
2436900.938216683
 20
413200.7127293473
 10
2436895.812431882
 20
413198.5403766183
 10
2436891.153048891
 20
413195.6184718393
 10
2436886.905122386
 20
413192.1827591292
 10
2436882.992843903
 20
413188.4380843756
 10
2436879.321452356
 20
413184.4941137206
 10
2436875.794661266
 20
413180.4333524689
 10
2436872.319584146
 20
413176.3381410713
 10
2436868.817526286
 20
413172.2947032377
 10
2436865.217103728
 20
413168.391219031
 10
2436861.447687206
 20
413164.7146551053
 10
2436857.434228078
 20
413161.3374132815
 10
2436853.172193414
 20
413158.2298712778
 10
2436848.735284528
 20
413155.2870653821
 10
2436844.210288464
 20
413152.4074210429
 10
2436839.685929258
 20
413149.5047026558
 10
2436835.184775796
 20
413146.5864018647
 10
2436830.685560538
 20
413143.7002616772
 10
2436826.162424522
 20
413140.8912461174
 10
2436821.589611297
 20
413138.2040386582
 10
2436816.940661157
 20
413135.6826037065
 10
2436812.187364063
 20
413133.359609325
 10
2436807.334193268
 20
413131.2040000906
 10
2436802.408464824
 20
413129.1580464849
 10
2436797.43765336
 20
413127.1636290769
 10
2436791.287368207
 20
413124.6480067857
 10
2436785.382924434
 20
413121.9309606587
 10
2436779.553103215
 20
413119.1923216814
 10
2436773.726338776
 20
413116.4611197614
 10
2436767.889735969
 20
413113.7457952018
 10
2436762.047432917
 20
413111.062894157
 10
2436756.201505573
 20
413108.4454286579
 10
2436750.338442245
 20
413105.9506549885
 10
2436744.434245067
 20
413103.633705288
 10
2436738.458026246
 20
413101.5318592159
 10
2436732.401785305
 20
413099.6343235294
 10
2436726.275238649
 20
413097.9233438724
 10
2436720.091185717
 20
413096.3821279821
 10
2436713.857301607
 20
413094.992631642
 10
2436707.554907078
 20
413093.7084251612
 10
2436701.179796181
 20
413092.3525613223
 10
2436694.763870225
 20
413090.6999903197
 10
2436688.359902682
 20
413088.5046542773
 10
2436682.148253148
 20
413085.4625465227
 10
2436676.384972207
 20
413081.2407576817
 10
2436671.627928589
 20
413075.616338116
 10
2436668.992278274
 20
413068.7754355208
 10
2436668.574729723
 20
413061.499213084
 10
2436669.555967118
 20
413054.3906211214
 10
2436671.688513594
 20
413047.6256932867
 10
2436675.393299529
 20
413041.4801756915
 10
2436680.667702263
 20
413036.4524637579
 10
2436686.938153613
 20
413032.9728116146
 10
2436693.677801968
 20
413031.0076840075
 10
2436700.520449364
 20
413030.0979175734
 10
2436707.269650912
 20
413029.8013623196
 10
2436713.91972772
 20
413029.9304029084
 10
2436720.500586014
 20
413030.4330866
 10
2436727.015426266
 20
413031.2602020187
 10
2436733.469259076
 20
413032.3632557564
 10
2436739.867906653
 20
413033.700135065
 10
2436746.214924023
 20
413035.2354592792
 10
2436752.512458429
 20
413036.9342573134
 10
2436758.762605198
 20
413038.7618165461
 10
2436764.964515148
 20
413040.682774932
 10
2436771.109554012
 20
413042.6457302229
 10
2436777.211919248
 20
413044.5458075005
 10
2436783.309911893
 20
413046.2712449874
 10
2436789.45575083
 20
413047.7390587275
 10
2436795.664882559
 20
413048.9442251108
 10
2436801.923695149
 20
413049.8950434648
 10
2436808.217883579
 20
413050.5993167147
 10
2436814.547951022
 20
413051.0838504155
 10
2436820.923177918
 20
413051.4140239174
 10
2436827.339200374
 20
413051.6599751635
 10
2436833.75863839
 20
413051.8667032476
 10
2436840.130468862
 20
413051.9530523419
 10
2436846.430002768
 20
413051.8017042326
 10
2436852.666839309
 20
413051.2969997819
 10
2436858.946971595
 20
413050.4088329484
 10
2436865.406957387
 20
413049.4586608197
 10
2436872.076639987
 20
413048.8895500172
 10
2436878.865509857
 20
413049.0274280107
 10
2436885.628510899
 20
413049.9456971401
 10
2436892.262369155
 20
413051.6888126087
 10
2436898.641834637
 20
413054.2833123126
 10
2436904.62596448
 20
413057.7458234219
 10
2436910.089588854
 20
413062.1360906222
  0
LWPOLYLINE
  5
54
330
17
100
AcDbEntity
  8
P-CONT
100
AcDbPolyline
 90
147
 70
1
 38
951.0
 10
2436714.302294912
 20
413021.9363204085
 10
2436721.309538566
 20
413022.4715738587
 10
2436728.193647646
 20
413023.3455711547
 10
2436734.961709217
 20
413024.5023311505
 10
2436741.626864819
 20
413025.8948923917
 10
2436748.197511914
 20
413027.4843119568
 10
2436754.677085774
 20
413029.2322162358
 10
2436761.068831315
 20
413031.1011793191
 10
2436767.365196925
 20
413033.0513940784
 10
2436773.515903062
 20
413035.0161597084
 10
2436779.490516535
 20
413036.8764592585
 10
2436785.329012519
 20
413038.5284717198
 10
2436791.147871412
 20
413039.9181926545
 10
2436797.02838741
 20
413041.0595761052
 10
2436802.969668364
 20
413041.9621560908
 10
2436808.968194648
 20
413042.6333469276
 10
2436815.060198017
 20
413043.0996580633
 10
2436821.283300315
 20
413043.4219530203
 10
2436827.621173208
 20
413043.6649084878
 10
2436833.941603161
 20
413043.8684481702
 10
2436840.088582455
 20
413043.9517501502
 10
2436846.010954408
 20
413043.8094634651
 10
2436851.783287514
 20
413043.3423480949
 10
2436857.804756743
 20
413042.4907626481
 10
2436864.483944635
 20
413041.508349005
 10
2436871.817063974
 20
413040.8826284599
 10
2436879.486945777
 20
413041.0383992926
 10
2436887.189020542
 20
413042.0841743036
 10
2436894.796407769
 20
413044.0830946665
 10
2436902.168878487
 20
413047.0814451001
 10
2436909.161028297
 20
413051.1272123266
 10
2436915.731045572
 20
413056.4065158385
 10
2436921.234428396
 20
413063.0421020131
 10
2436924.35447113
 20
413068.4394357483
 10
2436927.076559522
 20
413073.4489289824
 10
2436929.60046285
 20
413078.7416887479
 10
2436931.780656894
 20
413084.2027660048
 10
2436933.628797883
 20
413089.7026012482
 10
2436935.211588453
 20
413095.2117012325
 10
2436936.600728488
 20
413100.8059648176
 10
2436937.738927411
 20
413106.609191926
 10
2436938.470838571
 20
413112.6420697456
 10
2436938.643572398
 20
413118.6935608322
 10
2436938.379782855
 20
413125.9272259867
 10
2436938.297450565
 20
413131.8106355861
 10
2436938.261680163
 20
413137.7376559481
 10
2436938.297450565
 20
413142.2103827467
 10
2436938.654650779
 20
413147.1733142369
 10
2436939.190602242
 20
413152.7432780789
 10
2436940.191681946
 20
413160.136338794
 10
2436940.691230816
 20
413166.2849834941
 10
2436940.553829052
 20
413172.5385468163
 10
2436939.814388873
 20
413178.7498405268
 10
2436938.104995725
 20
413187.9167907425
 10
2436936.987850797
 20
413192.8482145789
 10
2436935.183007292
 20
413198.9105591807
 10
2436933.550869335
 20
413203.8782961547
 10
2436931.02850179
 20
413208.9202461205
 10
2436927.54174405
 20
413214.8518906275
 10
2436924.870954526
 20
413218.6333531018
 10
2436922.645330177
 20
413220.9318704485
 10
2436919.010150458
 20
413222.7113502001
 10
2436914.929906325
 20
413223.3786777743
 10
2436911.591469802
 20
413223.156220138
 10
2436908.17887267
 20
413222.1181902829
 10
2436904.172789146
 20
413220.0420852379
 10
2436900.389187448
 20
413217.4469879327
 10
2436896.086360729
 20
413213.8138607724
 10
2436888.964423269
 20
413206.4733934599
 10
2436877.294464354
 20
413194.0578442952
 10
2436873.37188602
 20
413189.8440377184
 10
2436869.724547226
 20
413185.6444773634
 10
2436866.245931185
 20
413181.5450955164
 10
2436862.852215979
 20
413177.62674893
 10
2436859.479899428
 20
413173.9705713066
 10
2436856.072089182
 20
413170.6467061543
 10
2436852.496248593
 20
413167.6377111686
 10
2436848.602427927
 20
413164.7986419851
 10
2436844.37641653
 20
413161.9957150887
 10
2436839.902741509
 20
413159.1487307452
 10
2436835.349880658
 20
413156.2277263982
 10
2436830.848963141
 20
413153.3095785805
 10
2436826.415299561
 20
413150.4654882452
 10
2436822.024935815
 20
413147.7389286118
 10
2436817.654840307
 20
413145.1708479426
 10
2436813.275652226
 20
413142.7957229023
 10
2436808.806203509
 20
413140.6114486912
 10
2436804.175675632
 20
413138.5547296775
 10
2436799.384519621
 20
413136.564672161
 10
2436794.433811782
 20
413134.5783208446
 10
2436788.099438996
 20
413131.9874020519
 10
2436782.009996479
 20
413129.1852251084
 10
2436776.151614994
 20
413126.4331695517
 10
2436770.341401926
 20
413123.7097289661
 10
2436764.533191625
 20
413121.0076132662
 10
2436758.743477135
 20
413118.3488619291
 10
2436753.00048424
 20
413115.777484476
 10
2436747.310478911
 20
413113.3563481722
 10
2436741.645019758
 20
413111.1330850439
 10
2436735.934204376
 20
413109.1245818016
 10
2436730.129358465
 20
413107.3058129682
 10
2436724.231604645
 20
413105.658728995
 10
2436718.253369992
 20
413104.1688080087
 10
2436712.188292332
 20
413102.81693764
 10
2436705.924117348
 20
413101.5405189589
 10
2436699.349128463
 20
413100.1421449051
 10
2436690.05085926
 20
413098.108689027
 10
2436684.553099583
 20
413097.0986307149
 10
2436677.033959516
 20
413095.7653356091
 10
2436671.640790481
 20
413094.5872666998
 10
2436666.789820133
 20
413093.2539715939
 10
2436663.83871157
 20
413092.2439132818
 10
2436661.736621061
 20
413090.991404707
 10
2436660.321725321
 20
413089.6581096011
 10
2436659.674935992
 20
413088.2440279642
 10
2436659.270680066
 20
413086.6683279304
 10
2436659.391997149
 20
413085.052234631
 10
2436659.917469395
 20
413083.3149162002
 10
2436660.634489627
 20
413080.3601329593
 10
2436661.082274605
 20
413077.1866095319
 10
2436661.204498543
 20
413074.3385896359
 10
2436661.222232602
 20
413072.4898837153
 10
2436661.077134156
 20
413070.4834911874
 10
2436660.676608016
 20
413068.570920933
 10
2436659.939435445
 20
413066.4245016851
 10
2436658.715785405
 20
413063.9867613099
 10
2436657.234789992
 20
413062.0954407209
 10
2436655.095619178
 20
413060.1219282235
 10
2436652.215950658
 20
413058.1484157261
 10
2436649.953346767
 20
413056.2570951371
 10
2436648.225585959
 20
413054.2835826396
 10
2436646.950245168
 20
413052.1455956559
 10
2436646.209848223
 20
413049.9664900505
 10
2436646.143043219
 20
413047.2672134813
 10
2436646.530270418
 20
413044.8938484564
 10
2436647.253034066
 20
413042.5462335715
 10
2436648.337129157
 20
413039.7085046647
 10
2436649.909213143
 20
413036.6388884926
 10
2436651.390813127
 20
413034.3527928686
 10
2436653.236263595
 20
413032.3523968622
 10
2436655.835613076
 20
413030.4819302599
 10
2436658.668830454
 20
413029.0271380141
 10
2436664.754433867
 20
413026.6873660417
 10
2436671.075718888
 20
413024.6372378105
 10
2436677.815769519
 20
413023.0473026641
 10
2436685.644147232
 20
413021.9594952494
 10
2436692.939898618
 20
413021.5423701807
  0
LWPOLYLINE
  5
55
330
17
100
AcDbEntity
  8
P-CONT
100
AcDbPolyline
 90
142
 70
1
 38
950.0
 10
2436706.496276483
 20
413025.617057842
 10
2436714.111011316
 20
413025.9333616585
 10
2436720.90506229
 20
413026.4523302293
 10
2436727.604536956
 20
413027.3028865867
 10
2436734.215484146
 20
413028.4327934535
 10
2436740.747385736
 20
413029.7975137284
 10
2436747.206217969
 20
413031.359885618
 10
2436753.594772101
 20
413033.0832367746
 10
2436759.915718256
 20
413034.9314979326
 10
2436766.164856036
 20
413036.8670845052
 10
2436772.312728537
 20
413038.8309449656
 10
2436778.351217892
 20
413040.7111333795
 10
2436784.319462206
 20
413042.3998583536
 10
2436790.301811121
 20
413043.828625691
 10
2436796.346634984
 20
413045.001900608
 10
2436802.446681757
 20
413045.9285997778
 10
2436808.593039114
 20
413046.6163318212
 10
2436814.804074519
 20
413047.0917542394
 10
2436821.103239117
 20
413047.4179884688
 10
2436827.480186791
 20
413047.6624418256
 10
2436833.850120776
 20
413047.8675757089
 10
2436840.109525659
 20
413047.9524012461
 10
2436846.220478588
 20
413047.8055838489
 10
2436852.225063411
 20
413047.3196739384
 10
2436858.375864169
 20
413046.4497977982
 10
2436864.945451011
 20
413045.4835049124
 10
2436871.94685198
 20
413044.8860892386
 10
2436879.176227817
 20
413045.0329136516
 10
2436886.408765721
 20
413046.0149357219
 10
2436893.529388462
 20
413047.8859536376
 10
2436900.405356562
 20
413050.6823787063
 10
2436906.893496388
 20
413054.4365178742
 10
2436912.910317213
 20
413059.2713032304
 10
2436917.940222001
 20
413065.3360033862
 10
2436920.865036571
 20
413070.3956136851
 10
2436923.51150773
 20
413075.265947581
 10
2436925.93387446
 20
413080.3457796915
 10
2436928.024474883
 20
413085.5824376165
 10
2436929.808852342
 20
413090.8925206144
 10
2436931.34701976
 20
413096.246304152
 10
2436932.694655381
 20
413101.673423585
 10
2436933.785621643
 20
413107.2358299906
 10
2436934.477731863
 20
413112.9406431307
 10
2436934.641169333
 20
413118.666449199
 10
2436934.406022629
 20
413124.250741614
 10
2436934.02569846
 20
413129.6419364287
 10
2436933.722186181
 20
413134.8728630521
 10
2436933.630220531
 20
413139.9859096956
 10
2436933.833270296
 20
413144.98729365
 10
2436934.416865895
 20
413149.956561485
 10
2436935.321140332
 20
413155.114846746
 10
2436936.217844096
 20
413160.6205763307
 10
2436936.687665324
 20
413166.4033214683
 10
2436936.559037998
 20
413172.2575339832
 10
2436935.866272778
 20
413178.0767582727
 10
2436934.572382244
 20
413183.883963097
 10
2436933.32319708
 20
413188.3940878792
 10
2436931.827239757
 20
413192.4609197782
 10
2436929.01014425
 20
413198.4039433082
 10
2436926.223982585
 20
413202.3407226487
 10
2436923.774163461
 20
413204.7411978564
 10
2436920.45960746
 20
413207.237737407
 10
2436916.424605329
 20
413209.2061270773
 10
2436912.773807547
 20
413210.1663171604
 10
2436908.402462874
 20
413210.070298152
 10
2436904.415423311
 20
413209.4461745981
 10
2436899.900090174
 20
413207.7178324485
 10
2436896.441444947
 20
413205.9894902991
 10
2436893.270978171
 20
413203.8770267816
 10
2436890.199056334
 20
413201.267105012
 10
2436883.353105161
 20
413194.6297797292
 10
2436876.346669188
 20
413187.1690757195
 10
2436872.759604246
 20
413183.0389149162
 10
2436869.282757666
 20
413178.9416182939
 10
2436865.834871133
 20
413174.9607260837
 10
2436862.348501578
 20
413171.1808951688
 10
2436858.759888194
 20
413167.6806806298
 10
2436854.965238336
 20
413164.487562225
 10
2436850.887310671
 20
413161.5142566314
 10
2436846.555850529
 20
413158.6413902353
 10
2436842.056514987
 20
413155.7780758941
 10
2436837.517904958
 20
413152.866214527
 10
2436833.016869469
 20
413149.9479902225
 10
2436828.550430049
 20
413147.0828749612
 10
2436824.093680169
 20
413144.3150873646
 10
2436819.622225802
 20
413141.6874433004
 10
2436815.108156691
 20
413139.2391633044
 10
2436810.496783786
 20
413136.9855290081
 10
2436805.75493445
 20
413134.8793648841
 10
2436800.896492223
 20
413132.8613593229
 10
2436795.935732571
 20
413130.8709749608
 10
2436789.693403602
 20
413128.3177044188
 10
2436783.696460457
 20
413125.5580928836
 10
2436777.852359104
 20
413122.8127456165
 10
2436772.03387015
 20
413120.0854242702
 10
2436766.211463797
 20
413117.376704234
 10
2436760.395455026
 20
413114.705878043
 10
2436754.600994906
 20
413112.111456567
 10
2436748.824460578
 20
413109.6535015804
 10
2436743.039632412
 20
413107.383395166
 10
2436737.196115311
 20
413105.3282205088
 10
2436731.265571885
 20
413103.4700682488
 10
2436725.253421647
 20
413101.7910364337
 10
2436719.172277854
 20
413100.2754679954
 10
2436713.022796969
 20
413098.904784641
 10
2436706.739512213
 20
413097.6244720601
 10
2436699.171885632
 20
413096.0173758738
 10
2436692.444427631
 20
413094.6013084831
 10
2436684.686140078
 20
413092.6211556842
 10
2436678.694310749
 20
413090.4217281922
 10
2436673.868430064
 20
413088.290994769
 10
2436670.660278413
 20
413086.6011871601
 10
2436667.625638404
 20
413084.6080900491
 10
2436666.02161296
 20
413082.831647726
 10
2436665.284641913
 20
413080.8385506149
 10
2436665.111231034
 20
413078.7154787651
 10
2436665.197886093
 20
413076.332412103
 10
2436665.309328529
 20
413073.9395077992
 10
2436665.292299802
 20
413071.8413247291
 10
2436665.034706215
 20
413069.6294633541
 10
2436664.592509821
 20
413067.2356764327
 10
2436663.906322669
 20
413064.447226403
 10
2436662.889234106
 20
413061.4252117224
 10
2436661.459828681
 20
413058.6504527884
 10
2436660.195370154
 20
413056.4526692645
 10
2436658.958218046
 20
413054.5059042717
 10
2436658.041588894
 20
413052.312699558
 10
2436657.680458975
 20
413049.8140746086
 10
2436657.597129052
 20
413046.9267948159
 10
2436657.960072682
 20
413044.4968066836
 10
2436658.626712065
 20
413042.3313468391
 10
2436659.821141214
 20
413039.721697078
 10
2436661.376700282
 20
413037.3618871444
 10
2436663.571793837
 20
413035.1788374154
 10
2436666.575500005
 20
413033.0756221878
 10
2436669.813074071
 20
413031.1701571556
 10
2436673.155541062
 20
413029.4824349454
 10
2436677.053406524
 20
413027.9695235454
 10
2436681.192495487
 20
413026.8567820162
 10
2436686.583347003
 20
413026.1229030236
 10
2436692.109219193
 20
413025.7185623554
 10
2436699.327283311
 20
413025.5367246585
  0
LWPOLYLINE
  5
56
330
17
100
AcDbEntity
  8
P-CONT
100
AcDbPolyline
 90
147
 70
1
 38
952.0
 10
2436942.645975462
 20
413118.7206724655
 10
2436942.463945278
 20
413112.3434963605
 10
2436941.69223318
 20
413105.9825538614
 10
2436940.506801595
 20
413099.9385060503
 10
2436939.076157146
 20
413094.1770983131
 10
2436937.448743423
 20
413088.5126818818
 10
2436935.536838906
 20
413082.8230943931
 10
2436933.267051239
 20
413077.1375978045
 10
2436930.641611314
 20
413071.6319103839
 10
2436927.843905689
 20
413066.4832578116
 10
2436924.528634791
 20
413060.74820064
 10
2436918.551773931
 20
413053.5417284467
 10
2436911.428560206
 20
413047.817906779
 10
2436903.932400412
 20
413043.4805114938
 10
2436896.063427077
 20
413040.2802356955
 10
2436887.969275364
 20
413038.1534128854
 10
2436879.797663737
 20
413037.0438849335
 10
2436871.687275968
 20
413036.8791676813
 10
2436864.022438259
 20
413037.5331930977
 10
2436857.233649317
 20
413038.531727498
 10
2436851.341511616
 20
413039.3650222514
 10
2436845.801430229
 20
413039.8133430813
 10
2436840.067639252
 20
413039.9510990544
 10
2436834.033085547
 20
413039.8693206315
 10
2436827.762159625
 20
413039.6673751499
 10
2436821.463361513
 20
413039.4259175717
 10
2436815.316321515
 20
413039.1075618872
 10
2436809.343350182
 20
413038.6503620341
 10
2436803.492654972
 20
413037.9957124037
 10
2436797.710139835
 20
413037.1172516024
 10
2436791.993931702
 20
413036.007759618
 10
2436786.338562832
 20
413034.6570850859
 10
2436780.629815178
 20
413033.0417851375
 10
2436774.719077587
 20
413031.2013744511
 10
2436768.565537813
 20
413029.2357036516
 10
2436762.221944373
 20
413027.2708607056
 10
2436755.759399446
 20
413025.3811956969
 10
2436749.18880586
 20
413023.6087382956
 10
2436742.506343902
 20
413021.9922710551
 10
2436735.707934288
 20
413020.5718688475
 10
2436728.782758336
 20
413019.3882557228
 10
2436720.243053081
 20
413018.4119554912
 10
2436709.484819016
 20
413017.8351792325
 10
2436694.562061167
 20
413017.5250309829
 10
2436685.637597721
 20
413017.8284111546
 10
2436676.652374973
 20
413018.5565326335
 10
2436667.485075838
 20
413020.0128209261
 10
2436658.845969516
 20
413022.1479518205
 10
2436652.774875788
 20
413024.1502972212
 10
2436647.61446627
 20
413026.3953648932
 10
2436643.728994498
 20
413028.57972933
 10
2436640.63268833
 20
413030.4607135952
 10
2436637.900736457
 20
413033.0091614389
 10
2436635.593696658
 20
413035.6183125176
 10
2436633.04382117
 20
413038.7128174694
 10
2436631.283212049
 20
413041.9893867921
 10
2436630.615363526
 20
413045.5086783859
 10
2436630.493945681
 20
413048.724589808
 10
2436630.868376145
 20
413051.9732782571
 10
2436631.88617004
 20
413054.6105368832
 10
2436633.507123449
 20
413056.7203256502
 10
2436636.258925376
 20
413058.9431339581
 10
2436639.048412179
 20
413060.4501518402
 10
2436642.10280148
 20
413061.5558664826
 10
2436646.437771181
 20
413062.7991267676
 10
2436649.717362873
 20
413064.0047592071
 10
2436652.431479926
 20
413065.6247512953
 10
2436655.032441595
 20
413067.583847341
 10
2436656.389500121
 20
413069.3922506655
 10
2436657.119562096
 20
413071.3375190208
 10
2436657.407294016
 20
413073.2727695768
 10
2436657.181084007
 20
413075.6839437862
 10
2436656.351815247
 20
413077.8690789138
 10
2436654.807339965
 20
413080.4871609391
 10
2436652.704544124
 20
413082.7688137574
 10
2436651.382852952
 20
413084.3299613353
 10
2436650.361532398
 20
413087.0319579897
 10
2436650.421586369
 20
413089.493771119
 10
2436651.142536307
 20
413091.775469272
 10
2436652.884806798
 20
413093.9370756624
 10
2436655.107710582
 20
413095.3180629292
 10
2436658.111618273
 20
413096.3988887918
 10
2436673.010847266
 20
413099.461115399
 10
2436691.094246625
 20
413102.8235940798
 10
2436702.289178459
 20
413104.9268435966
 10
2436711.353787695
 20
413106.729090639
 10
2436717.334462129
 20
413108.0621480219
 10
2436723.209787644
 20
413109.5264215563
 10
2436728.993145044
 20
413111.1415576876
 10
2436734.672293441
 20
413112.9209430945
 10
2436740.250407103
 20
413114.8827749219
 10
2436745.796497244
 20
413117.0591947642
 10
2436751.399973574
 20
413119.4435123851
 10
2436757.091499245
 20
413121.9918458152
 10
2436762.854919453
 20
413124.6385222984
 10
2436768.648934105
 20
413127.3340338494
 10
2436774.450870883
 20
413130.053593487
 10
2436780.323532502
 20
413132.8123573333
 10
2436786.50547439
 20
413135.657099685
 10
2436792.931890993
 20
413138.2856667285
 10
2436797.87254702
 20
413140.267984999
 10
2436802.596416813
 20
413142.230094471
 10
2436807.115623231
 20
413144.2373683742
 10
2436811.44314776
 20
413146.3522825001
 10
2436815.687454812
 20
413148.6542525848
 10
2436819.956191462
 20
413151.162769859
 10
2436824.280169073
 20
413153.8481015292
 10
2436828.681056813
 20
413156.6711669385
 10
2436833.181856358
 20
413159.5892382694
 10
2436837.748968032
 20
413162.5193855963
 10
2436842.196982531
 20
413165.3500399421
 10
2436846.317545183
 20
413168.0830273388
 10
2436850.027258851
 20
413170.7878601123
 10
2436853.384290169
 20
413173.6127316788
 10
2436856.611297279
 20
413176.7602474443
 10
2436859.869560826
 20
413180.2927717762
 10
2436863.209104705
 20
413184.148572739
 10
2436866.689490207
 20
413188.2500398108
 10
2436870.397102852
 20
413192.5189997173
 10
2436885.910134729
 20
413209.5828135457
 10
2436892.254393416
 20
413216.605257561
 10
2436898.052825995
 20
413223.0823244895
 10
2436901.883987213
 20
413226.9830173661
 10
2436906.318106423
 20
413231.0737988648
 10
2436909.319696596
 20
413233.1873504164
 10
2436912.184855432
 20
413234.4827456682
 10
2436914.299541153
 20
413234.8236630159
 10
2436916.755405978
 20
413234.7554795464
 10
2436919.211170042
 20
413234.2782405943
 10
2436921.325956525
 20
413233.1873504164
 10
2436923.4652281
 20
413231.0668173128
 10
2436925.896507071
 20
413227.9375406049
 10
2436929.177509428
 20
413222.9450508553
 10
2436932.42556271
 20
413217.712694924
 10
2436935.620716101
 20
413212.1682545483
 10
2436938.039198337
 20
413206.6655674808
 10
2436939.965963495
 20
413201.1862278114
 10
2436941.330377625
 20
413195.3228121088
 10
2436942.762906662
 20
413187.8230838067
 10
2436944.548620107
 20
413172.8195596493
 10
2436944.694796309
 20
413166.16664552
 10
2436944.165519796
 20
413159.6521012574
 10
2436943.511364543
 20
413152.5402690519
 10
2436943.18036237
 20
413146.4194879526
 10
2436942.849259436
 20
413139.8024273047
 10
2436942.794142788
 20
413133.4059655683
 10
2436942.652774128
 20
413126.8641152767
  0
LWPOLYLINE
  5
57
330
17
100
AcDbEntity
  8
P-CONT
100
AcDbPolyline
 90
9
 70
0
 38
945.0
 10
2436920.460176587
 20
412998.4808765426
 10
2436922.104239868
 20
413000.4587629582
 10
2436924.212902551
 20
413002.0697750218
 10
2436937.50517716
 20
413009.7608929813
 10
2436950.990150063
 20
413020.5966734407
 10
2436962.412008337
 20
413034.3683348504
 10
2436965.562255696
 20
413038.5692423045
 10
2436966.869034136
 20
413039.7027924857
 10
2436968.084286264
 20
413040.1984405862
  0
LWPOLYLINE
  5
58
330
17
100
AcDbEntity
  8
P-CONT
100
AcDbPolyline
 90
12
 70
0
 38
946.0
 10
2436911.341100335
 20
413000.0738851726
 10
2436912.341439108
 20
413001.2610520941
 10
2436913.547965928
 20
413002.0505436055
 10
2436922.449380626
 20
413005.670708628
 10
2436935.237645251
 20
413013.0701985289
 10
2436948.169421704
 20
413023.4614608324
 10
2436959.117801942
 20
413036.6622362233
 10
2436964.482968558
 20
413045.9433894772
 10
2436968.074655132
 20
413052.5532150978
 10
2436969.452060222
 20
413055.0044958927
 10
2436970.952905689
 20
413057.0670005117
 10
2436972.386910006
 20
413058.6219964176
  0
LWPOLYLINE
  5
59
330
17
100
AcDbEntity
  8
P-CONT
100
AcDbPolyline
 90
17
 70
0
 38
947.0
 10
2436902.06233393
 20
413000.0873980053
 10
2436902.224360224
 20
413001.3184912271
 10
2436902.968485352
 20
413002.427787315
 10
2436904.178074216
 20
413003.1225195184
 10
2436908.100110499
 20
413004.1530754711
 10
2436920.685858701
 20
413009.2716422343
 10
2436932.970113342
 20
413016.3795040766
 10
2436945.348693344
 20
413026.3262482242
 10
2436955.823595547
 20
413038.9561375962
 10
2436960.993533999
 20
413047.8995674138
 10
2436964.50960334
 20
413054.3702336965
 10
2436968.09964094
 20
413061.8987338404
 10
2436971.220568015
 20
413069.716214082
 10
2436973.738226055
 20
413077.2084479003
 10
2436975.789559725
 20
413084.3483705765
 10
2436977.61449611
 20
413091.6976477612
 10
2436979.170525052
 20
413097.2395372987
  0
LWPOLYLINE
  5
5A
330
17
100
AcDbEntity
  8
P-CONT
100
AcDbPolyline
 90
38
 70
0
 38
948.0
 10
2436979.890011795
 20
413145.3075185865
 10
2436979.077623551
 20
413144.6479417828
 10
2436978.64928558
 20
413144.0000174831
 10
2436978.399598096
 20
413143.2326361075
 10
2436978.31534971
 20
413142.3017367798
 10
2436978.128430739
 20
413133.4575047112
 10
2436977.529692493
 20
413122.4842391771
 10
2436976.80912765
 20
413112.8000336661
 10
2436975.28495486
 20
413100.6032202736
 10
2436973.708423004
 20
413092.5651065284
 10
2436971.924991033
 20
413085.3829734962
 10
2436969.918280515
 20
413078.398367267
 10
2436967.464386004
 20
413071.0958856939
 10
2436964.433052551
 20
413063.502824784
 10
2436960.944551548
 20
413056.1872522952
 10
2436957.50409944
 20
413049.8557453504
 10
2436952.529389151
 20
413041.2500389692
 10
2436942.527964985
 20
413029.191035616
 10
2436930.702581433
 20
413019.6888096242
 10
2436918.922336776
 20
413012.8725758406
 10
2436906.833091191
 20
413007.9559344421
 10
2436894.601441348
 20
413004.7419408306
 10
2436882.438766396
 20
413003.0905128817
 10
2436870.584077915
 20
413002.8497510629
 10
2436860.099634062
 20
413003.7443678852
 10
2436849.715525782
 20
413004.4915159722
 10
2436847.861510569
 20
413004.4370235983
 10
2436846.860443116
 20
413004.2588126815
 10
2436846.190881643
 20
413003.7110781875
 10
2436846.202166954
 20
413002.9601533275
 10
2436846.632721682
 20
413002.2698863679
 10
2436847.480429834
 20
413001.7531155106
 10
2436849.333840476
 20
413001.0579977324
 10
2436871.091515093
 20
412995.498959566
 10
2436876.778690266
 20
412993.929517217
 10
2436883.343577749
 20
412991.7441697267
 10
2436889.016496115
 20
412989.4333309496
 10
2436894.633128509
 20
412986.8029143363
  0
LWPOLYLINE
  5
5B
330
17
100
AcDbEntity
  8
P-CONT
100
AcDbPolyline
 90
81
 70
0
 38
949.0
 10
2437014.208325345
 20
413258.0814984291
 10
2437011.622751626
 20
413242.3725994329
 10
2437009.797232319
 20
413233.2501907594
 10
2437008.19849509
 20
413226.0512529749
 10
2437006.143702887
 20
413218.5701276009
 10
2437003.720259317
 20
413210.8634413669
 10
2437001.41418695
 20
413204.7070251261
 10
2436999.046113215
 20
413199.2388410228
 10
2436996.283165008
 20
413194.0995897806
 10
2436993.455199071
 20
413188.9541548524
 10
2436989.803721537
 20
413183.0039412948
 10
2436985.252426589
 20
413176.8915875893
 10
2436979.593918786
 20
413168.747927859
 10
2436977.070106431
 20
413164.56184967
 10
2436975.860532669
 20
413162.1049456594
 10
2436975.272582945
 20
413160.1951508501
 10
2436974.940615656
 20
413157.8360155306
 10
2436974.66974432
 20
413153.083340794
 10
2436974.337306574
 20
413143.3829091576
 10
2436974.130734449
 20
413133.6087711646
 10
2436973.537786765
 20
413122.7416310915
 10
2436972.82758368
 20
413113.1966849364
 10
2436971.333032738
 20
413101.23691301
 10
2436969.802349897
 20
413093.4325652956
 10
2436968.06042234
 20
413086.4175764159
 10
2436966.098334975
 20
413079.5882866337
 10
2436963.708203992
 20
413072.4755573057
 10
2436960.766464161
 20
413065.1069157277
 10
2436957.379499756
 20
413058.0042708939
 10
2436954.014664881
 20
413051.8119232869
 10
2436949.235182756
 20
413043.5439403422
 10
2436939.707236626
 20
413032.0558230078
 10
2436928.435049524
 20
413022.9981151718
 10
2436917.158814851
 20
413016.4735094468
 10
2436905.566071884
 20
413011.7587934131
 10
2436893.821186526
 20
413008.6727022488
 10
2436882.128048436
 20
413007.0850272407
 10
2436870.713865921
 20
413006.8532118415
 10
2436860.561140439
 20
413007.7195237925
 10
2436852.950343623
 20
413008.8389638721
 10
2436848.028192382
 20
413009.5350784255
 10
2436844.22999888
 20
413009.8424402029
 10
2436839.910565226
 20
413009.9462158358
 10
2436834.719203439
 20
413009.8758640914
 10
2436828.819557755
 20
413009.6858751161
 10
2436822.813820498
 20
413009.4556517074
 10
2436817.237247747
 20
413009.1668405665
 10
2436812.157016685
 20
413008.7779753324
 10
2436807.415054527
 20
413008.247384751
 10
2436802.823283026
 20
413007.5498178311
 10
2436798.339383882
 20
413006.6795118444
 10
2436793.91019018
 20
413005.6216853319
 10
2436789.174555006
 20
413004.2817292299
 10
2436783.742886526
 20
413002.5904850219
 10
2436777.568094479
 20
413000.6180254509
 10
2436770.87029231
 20
412998.5434711043
 10
2436763.876751987
 20
412996.4985416555
 10
2436759.689786652
 20
412995.1092620233
 10
2436758.533445424
 20
412994.4699059921
 10
2436757.795365999
 20
412993.6584592359
 10
2436757.647750114
 20
412992.6994931912
 10
2436758.139870238
 20
412992.010994287
 10
2436759.148595581
 20
412991.5929625232
 10
2436760.575582725
 20
412991.4208264635
 10
2436764.290565707
 20
412991.9372346427
 10
2436781.16895594
 20
412995.4043006003
 10
2436792.34665244
 20
412997.9289023635
 10
2436798.724867819
 20
412999.254354557
 10
2436804.764221613
 20
413000.0653933004
 10
2436810.424106859
 20
413000.5738678978
 10
2436817.228644976
 20
413000.8281051964
 10
2436824.033183092
 20
413000.7645458718
 10
2436830.908556681
 20
413000.2580206689
 10
2436839.978923063
 20
412998.956187882
 10
2436848.132881598
 20
412997.2363456851
 10
2436870.064293347
 20
412991.6329180623
 10
2436875.614175715
 20
412990.1013632648
 10
2436881.955906804
 20
412987.9903010179
 10
2436884.691522773
 20
412986.6926383279
 10
2436886.035986088
 20
412985.3728983134
 10
2436886.413984835
 20
412983.7228680104
  0
LWPOLYLINE
  5
5C
330
17
100
AcDbEntity
  8
P-CONT
100
AcDbPolyline
 90
99
 70
0
 38
950.0
 10
2437010.261430418
 20
413258.731129431
 10
2437007.687023205
 20
413243.0900736016
 10
2437005.883248148
 20
413234.0763243821
 10
2437004.315105132
 20
413227.0151489737
 10
2437002.305947709
 20
413219.7001715524
 10
2436999.936719935
 20
413212.1658945819
 10
2436997.703634273
 20
413206.2043276187
 10
2436995.44281445
 20
413200.9838064706
 10
2436992.768804064
 20
413196.0099849682
 10
2436989.995876245
 20
413190.9646909409
 10
2436986.488305209
 20
413185.2489781809
 10
2436982.004971496
 20
413179.2278958858
 10
2436976.235180705
 20
413170.924078951
 10
2436973.556632111
 20
413166.4813501472
 10
2436972.131259576
 20
413163.5861124957
 10
2436971.355969975
 20
413161.0677950318
 10
2436970.956532105
 20
413158.2291780415
 10
2436970.673644483
 20
413153.2656670534
 10
2436970.338754306
 20
413143.4936742163
 10
2436970.13303816
 20
413133.760037618
 10
2436969.545881037
 20
413122.9990230059
 10
2436968.846039711
 20
413113.5933362066
 10
2436967.381110617
 20
413101.8706057463
 10
2436965.89627679
 20
413094.3000240629
 10
2436964.195853647
 20
413087.4521793356
 10
2436962.278389434
 20
413080.7782060003
 10
2436959.952021981
 20
413073.8552289174
 10
2436957.099875772
 20
413066.7110066712
 10
2436953.814447964
 20
413059.8212894925
 10
2436950.525230322
 20
413053.7681012235
 10
2436945.940976361
 20
413045.8378417152
 10
2436936.886508266
 20
413034.9206103996
 10
2436926.167517615
 20
413026.3074207194
 10
2436915.395292926
 20
413020.0744430531
 10
2436904.299052576
 20
413015.5616523841
 10
2436893.040931704
 20
413012.603463667
 10
2436881.817330476
 20
413011.0795415998
 10
2436870.843653928
 20
413010.8566726202
 10
2436861.022646815
 20
413011.6946796999
 10
2436853.521451049
 20
413012.7979990222
 10
2436848.46996828
 20
413013.512404269
 10
2436844.439523059
 20
413013.8385605867
 10
2436839.931508429
 20
413013.9468669316
 10
2436834.627721053
 20
413013.87499163
 10
2436828.678571337
 20
413013.6834084539
 10
2436822.6337593
 20
413013.4516871559
 10
2436816.981124249
 20
413013.1589367426
 10
2436811.781861152
 20
413012.760960226
 10
2436806.89206792
 20
413012.213828438
 10
2436802.1415306
 20
413011.492142334
 10
2436797.493323591
 20
413010.5899448809
 10
2436792.900639867
 20
413009.4930719658
 10
2436788.035256363
 20
413008.1164033509
 10
2436782.539712001
 20
413006.4052702791
 10
2436776.36775359
 20
413004.4337158776
 10
2436769.717179252
 20
413002.3737897178
 10
2436762.794438315
 20
413000.3495621944
 10
2436755.632216505
 20
412998.417509498
 10
2436748.22295794
 20
412996.6252323671
 10
2436740.558397245
 20
412995.0238638779
 10
2436732.611977819
 20
412993.6657054151
 10
2436724.405659244
 20
412992.623842167
 10
2436704.448798813
 20
412990.0371191115
 10
2436686.097474103
 20
412988.1015064682
 10
2436670.752576128
 20
412986.8064285596
 10
2436649.815504766
 20
412985.4432125164
 10
2436644.055059347
 20
412984.9552292277
 10
2436642.283064155
 20
412984.6063329633
 10
2436641.047927281
 20
412984.0964983234
 10
2436640.322946876
 20
412983.5061491609
 10
2436640.054517717
 20
412982.8620783153
 10
2436640.322946876
 20
412982.1643764561
 10
2436641.209045233
 20
412981.5203509452
 10
2436642.605199298
 20
412981.2520145382
 10
2436645.4244108
 20
412981.0373091447
 10
2436652.647009195
 20
412981.0104709705
 10
2436668.942593776
 20
412981.206770454
 10
2436684.601162913
 20
412981.5499545394
 10
2436704.899606643
 20
412982.4450439161
 10
2436721.588363363
 20
412983.3373678729
 10
2436736.285363631
 20
412984.5728759151
 10
2436752.493285537
 20
412986.2202501945
 10
2436758.983950969
 20
412987.0188218807
 10
2436764.96906312
 20
412987.9930895306
 10
2436782.012085223
 20
412991.49397326
 10
2436793.194262678
 20
412994.0195870949
 10
2436799.398846334
 20
412995.3089570092
 10
2436805.209587043
 20
412996.0892947743
 10
2436810.677909689
 20
412996.580559709
 10
2436817.284668563
 20
412996.8274074009
 10
2436823.867385145
 20
412996.7659200504
 10
2436830.476956265
 20
412996.2789771506
 10
2436839.28127816
 20
412995.0153286466
 10
2436847.224623634
 20
412993.3399091957
 10
2436869.037071601
 20
412987.7668765585
 10
2436874.449661163
 20
412986.2732093127
 10
2436875.473137459
 20
412985.8468278284
 10
2436876.253436035
 20
412985.383823989
 10
2436876.930079922
 20
412984.8600048423
  0
LWPOLYLINE
  5
5D
330
17
100
AcDbEntity
  8
P-CONT
100
AcDbPolyline
 90
20
 70
0
 38
951.0
 10
2436761.678013846
 20
412981.3970852494
 10
2436762.062825363
 20
412982.353966396
 10
2436762.619634497
 20
412982.9561932639
 10
2436763.47399292
 20
412983.3831106394
 10
2436765.693131472
 20
412984.05830535
 10
2436782.855214505
 20
412987.5836459198
 10
2436794.041872917
 20
412990.1102718263
 10
2436800.072824849
 20
412991.3635594613
 10
2436805.654952473
 20
412992.1131962481
 10
2436810.931712518
 20
412992.5872515202
 10
2436817.340692151
 20
412992.8267096055
 10
2436823.701587197
 20
412992.767294229
 10
2436830.045355849
 20
412992.2999336324
 10
2436838.583633258
 20
412991.0744694112
 10
2436846.31636567
 20
412989.4434727063
 10
2436868.009849854
 20
412983.9008350548
 10
2436872.596831925
 20
412982.6350038299
 10
2436873.078636507
 20
412982.4247792813
 10
2436873.367419529
 20
412982.1549921621
 10
2436873.576084003
 20
412981.8111264259
  0
LWPOLYLINE
  5
5E
330
17
100
AcDbEntity
  8
P-CONT
100
AcDbPolyline
 90
15
 70
0
 38
952.0
 10
2436794.999797598
 20
412985.6467486769
 10
2436796.193230198
 20
412986.2725665002
 10
2436797.466233082
 20
412986.7364290433
 10
2436800.746803364
 20
412987.4181619135
 10
2436806.100317902
 20
412988.137097722
 10
2436811.185515348
 20
412988.5939433314
 10
2436817.396715738
 20
412988.82601181
 10
2436823.53578925
 20
412988.7686684076
 10
2436829.613755433
 20
412988.3208901141
 10
2436837.885988355
 20
412987.1336101757
 10
2436845.408107707
 20
412985.5470362169
 10
2436862.580039329
 20
412981.1596453324
 10
2436863.297900165
 20
412980.9382073731
 10
2436863.71636349
 20
412980.7346996639
 10
2436863.830696672
 20
412980.5644097626
  0
LWPOLYLINE
  5
5F
330
17
100
AcDbEntity
  8
P-CONT
100
AcDbPolyline
 90
78
 70
0
 38
952.0
 10
2437002.367640565
 20
413260.030391435
 10
2436999.815566363
 20
413244.525021939
 10
2436998.055279804
 20
413235.7285916277
 10
2436996.548325216
 20
413228.9429409714
 10
2436994.630437355
 20
413221.960259455
 10
2436992.369641171
 20
413214.7708010116
 10
2436990.282528919
 20
413209.1989326038
 10
2436988.236216921
 20
413204.4737373661
 10
2436985.740082175
 20
413199.8307753435
 10
2436983.077230593
 20
413194.9857631178
 10
2436979.857472552
 20
413189.7390519529
 10
2436975.510061311
 20
413183.9005124787
 10
2436969.517704543
 20
413175.2763811352
 10
2436966.529683472
 20
413170.3203511018
 10
2436964.67271339
 20
413166.5484461682
 10
2436963.522744033
 20
413162.8130833946
 10
2436962.988365002
 20
413159.0155030633
 10
2436962.681444808
 20
413153.6303195723
 10
2436962.341649768
 20
413143.7152043338
 10
2436962.137645581
 20
413134.0625705248
 10
2436961.562069581
 20
413123.5138068348
 10
2436960.882951772
 20
413114.3866387469
 10
2436959.477266374
 20
413103.1379912192
 10
2436958.084130576
 20
413096.0349415974
 10
2436956.466716262
 20
413089.521385175
 10
2436954.638498354
 20
413083.1580447332
 10
2436952.439657958
 20
413076.6145721409
 10
2436949.766698993
 20
413069.9191885585
 10
2436946.684344379
 20
413063.4553266899
 10
2436943.546361204
 20
413057.6804570967
 10
2436939.35256357
 20
413050.4256444612
 10
2436931.245051548
 20
413040.6501851833
 10
2436921.632453797
 20
413032.9260318147
 10
2436911.868249075
 20
413027.2763102656
 10
2436901.765013961
 20
413023.1673703261
 10
2436891.480422061
 20
413020.4649865034
 10
2436881.195894556
 20
413019.0685703179
 10
2436871.10322994
 20
413018.8635941774
 10
2436861.945659567
 20
413019.6449915146
 10
2436854.6636659
 20
413020.7160693225
 10
2436849.353520075
 20
413021.4670559559
 10
2436844.858571419
 20
413021.8308013543
 10
2436839.973394836
 20
413021.9481691233
 10
2436834.444756282
 20
413021.8732467074
 10
2436828.396598503
 20
413021.6784751297
 10
2436822.273636904
 20
413021.4437580531
 10
2436816.468877254
 20
413021.1431290949
 10
2436811.031550084
 20
413020.7269300132
 10
2436805.846094705
 20
413020.1467158121
 10
2436800.77802575
 20
413019.3767913397
 10
2436795.80120301
 20
413018.4108109539
 10
2436790.881539241
 20
413017.2358452335
 10
2436785.756659075
 20
413015.7857515929
 10
2436780.13336295
 20
413014.0348407935
 10
2436773.967071812
 20
413012.0650967311
 10
2436767.410953135
 20
413010.0344269448
 10
2436760.62981097
 20
413008.0516032721
 10
2436753.649628614
 20
413006.1686568203
 10
2436746.463999775
 20
413004.4304750403
 10
2436739.065947104
 20
413002.884788484
 10
2436731.43375644
 20
413001.580336279
 10
2436723.542175011
 20
413000.5784316388
 10
2436708.338270342
 20
412999.2067785903
 10
2436692.21651285
 20
412998.3116457259
 10
2436678.02320585
 20
412998.4500295491
 10
2436667.691080557
 20
412999.1384493748
 10
2436656.491686006
 20
412999.9524794048
 10
2436642.887221339
 20
413000.6667600443
 10
2436631.88554719
 20
413000.8691008918
 10
2436620.375035014
 20
413000.0570848289
 10
2436605.513069009
 20
412998.6880666392
 10
2436590.383082618
 20
412996.7634782139
 10
2436574.561732698
 20
412994.8975980536
 10
2436567.694987006
 20
412994.0009290161
 10
2436566.677129867
 20
412993.6038308577
 10
2436566.193574486
 20
412992.9532318076
 10
2436566.119212354
 20
412991.9494750262
 10
2436566.584243923
 20
412990.464816466
  0
LWPOLYLINE
  5
60
330
17
100
AcDbEntity
  8
P-CONT
100
AcDbPolyline
 90
77
 70
0
 38
951.0
 10
2437006.314535492
 20
413259.380760433
 10
2437003.751294784
 20
413243.8075477703
 10
2437001.969263976
 20
413234.9024580049
 10
2437000.431715174
 20
413227.9790449726
 10
2436998.468192532
 20
413220.8302155036
 10
2436996.153180554
 20
413213.4683477968
 10
2436993.993081596
 20
413207.7016301113
 10
2436991.839515686
 20
413202.7287719183
 10
2436989.254443119
 20
413197.9203801558
 10
2436986.536553419
 20
413192.9752270294
 10
2436983.172888881
 20
413187.4940150669
 10
2436978.757516404
 20
413181.5642041822
 10
2436972.876442624
 20
413173.1002300431
 10
2436970.043157792
 20
413168.4008506244
 10
2436968.401986483
 20
413165.0672793321
 10
2436967.439357004
 20
413161.9404392132
 10
2436966.972448553
 20
413158.6223405524
 10
2436966.677544645
 20
413153.4479933128
 10
2436966.340202037
 20
413143.604439275
 10
2436966.135341871
 20
413133.9113040714
 10
2436965.553975309
 20
413123.2564149203
 10
2436964.864495742
 20
413113.9899874768
 10
2436963.429188496
 20
413102.5042984827
 10
2436961.990203683
 20
413095.1674828301
 10
2436960.331284955
 20
413088.4867822553
 10
2436958.458443894
 20
413081.9681253668
 10
2436956.195839969
 20
413075.2349005292
 10
2436953.433287382
 20
413068.3150976149
 10
2436950.249396171
 20
413061.6383080911
 10
2436947.035795763
 20
413055.7242791601
 10
2436942.646769966
 20
413048.1317430881
 10
2436934.065779907
 20
413037.7853977914
 10
2436923.899985706
 20
413029.616726267
 10
2436913.631771001
 20
413023.6753766594
 10
2436903.032033268
 20
413019.3645113551
 10
2436892.260676883
 20
413016.5342250852
 10
2436881.506612516
 20
413015.0740559588
 10
2436870.973441934
 20
413014.8601333988
 10
2436861.484153191
 20
413015.6698356073
 10
2436854.092558475
 20
413016.7570341724
 10
2436848.911744177
 20
413017.4897301124
 10
2436844.649047239
 20
413017.8346809705
 10
2436839.952451633
 20
413017.9475180274
 10
2436834.536238668
 20
413017.8741191687
 10
2436828.53758492
 20
413017.6809417918
 10
2436822.453698102
 20
413017.4477226046
 10
2436816.725000752
 20
413017.1510329187
 10
2436811.406705618
 20
413016.7439451196
 10
2436806.369081312
 20
413016.1802721251
 10
2436801.459778175
 20
413015.4344668368
 10
2436796.647263301
 20
413014.5003779174
 10
2436791.891089554
 20
413013.3644585997
 10
2436786.895957719
 20
413011.9510774719
 10
2436781.336537475
 20
413010.2200555363
 10
2436775.167412701
 20
413008.2494063043
 10
2436768.564066194
 20
413006.2041083313
 10
2436761.712124642
 20
413004.2005827333
 10
2436754.640922559
 20
413002.2930831591
 10
2436747.343478858
 20
413000.5278537037
 10
2436739.812172174
 20
412998.954326181
 10
2436732.02286713
 20
412997.6230208471
 10
2436723.973917128
 20
412996.6011369029
 10
2436708.628937124
 20
412995.2167564388
 10
2436692.307986922
 20
412994.3105637416
 10
2436677.87062064
 20
412994.4513271271
 10
2436667.413126848
 20
412995.1481001384
 10
2436656.241810524
 20
412995.9600892973
 10
2436642.745540447
 20
412996.6686893532
 10
2436631.989716504
 20
412996.866508567
 10
2436620.69926808
 20
412996.0700170349
 10
2436605.949027957
 20
412994.7112905364
 10
2436590.869711585
 20
412992.793147519
 10
2436586.346110235
 20
412992.2596596652
 10
2436584.85464065
 20
412991.9027348952
 10
2436583.689432394
 20
412991.3767610829
 10
2436582.824796277
 20
412990.4563295788
 10
2436582.318136334
 20
412989.2399173379
  0
LWPOLYLINE
  5
61
330
17
100
AcDbEntity
  8
P-CONT
100
AcDbPolyline
 90
26
 70
0
 38
954.0
 10
2436923.908982611
 20
413262.116363438
 10
2436927.357551669
 20
413255.2230781359
 10
2436930.324966559
 20
413250.1052617974
 10
2436934.452046465
 20
413243.9867739012
 10
2436938.839869775
 20
413236.7877128326
 10
2436943.102529998
 20
413228.3876275834
 10
2436946.352141316
 20
413220.3117962332
 10
2436948.739007049
 20
413212.6114696072
 10
2436950.536167727
 20
413206.8003023687
 10
2436952.508880218
 20
413202.408951453
 10
2436954.750626439
 20
413199.3618666536
 10
2436958.337440544
 20
413197.4798396891
 10
2436962.013831798
 20
413196.6732890863
 10
2436966.497324239
 20
413196.5836622783
 10
2436970.89113877
 20
413197.3006314078
 10
2436974.208919145
 20
413199.0034047562
 10
2436976.630021185
 20
413200.7958049126
 10
2436978.711360286
 20
413203.651565719
 10
2436981.029619392
 20
413207.9636682614
 10
2436982.861423564
 20
413212.1935375886
 10
2436984.802562408
 20
413217.3757074414
 10
2436986.954927001
 20
413224.2203473573
 10
2436988.7815453
 20
413230.8707329691
 10
2436990.227311461
 20
413237.3808588735
 10
2436991.944109521
 20
413245.9599702766
 10
2436994.473850712
 20
413261.3296534389
  0
LWPOLYLINE
  5
62
330
17
100
AcDbEntity
  8
P-CONT
100
AcDbPolyline
 90
26
 70
0
 38
955.0
 10
2436928.342867859
 20
413262.1938216126
 10
2436930.879741088
 20
413257.122909404
 10
2436933.717142229
 20
413252.2293240937
 10
2436937.819680227
 20
413246.1472201233
 10
2436942.336447653
 20
413238.7366016356
 10
2436946.748356217
 20
413230.0424045598
 10
2436950.124229594
 20
413221.6527907301
 10
2436952.559669402
 20
413213.7957580785
 10
2436954.285249526
 20
413208.2160513191
 10
2436955.983158154
 20
413204.436426745
 10
2436957.42596664
 20
413202.4752949428
 10
2436959.719819165
 20
413201.2716941488
 10
2436962.486912831
 20
413200.6646311595
 10
2436966.212860753
 20
413200.5901479695
 10
2436969.62519869
 20
413201.1469627697
 10
2436972.09164035
 20
413202.4128063907
 10
2436973.757997326
 20
413203.6464505969
 10
2436975.317728242
 20
413205.7865239839
 10
2436977.426320627
 20
413209.7086337088
 10
2436979.150870887
 20
413213.6908400811
 10
2436981.019023026
 20
413218.6781606563
 10
2436983.117171824
 20
413225.3503913083
 10
2436984.898155341
 20
413231.8346289679
 10
2436986.31332729
 20
413238.2069924965
 10
2436988.0083811
 20
413246.6774444455
 10
2436990.410878604
 20
413261.2740464851
  0
LWPOLYLINE
  5
63
330
17
100
AcDbEntity
  8
P-CONT
100
AcDbPolyline
 90
26
 70
0
 38
956.0
 10
2436932.732765345
 20
413262.3592061681
 10
2436934.401930506
 20
413259.0227406722
 10
2436937.109317898
 20
413254.3533863901
 10
2436941.187313987
 20
413248.3076663454
 10
2436945.833025532
 20
413240.6854904385
 10
2436950.394182435
 20
413231.6971815363
 10
2436953.896317872
 20
413222.993785227
 10
2436956.380331755
 20
413214.9800465498
 10
2436958.034331207
 20
413209.6318005325
 10
2436958.900694936
 20
413207.7032340683
 10
2436959.785622406
 20
413206.2180326082
 10
2436961.418128649
 20
413205.1489839657
 10
2436963.627177747
 20
413204.6426359599
 10
2436965.928397268
 20
413204.5966336607
 10
2436968.359258611
 20
413204.9932941316
 10
2436969.974361555
 20
413205.8222080251
 10
2436970.885973467
 20
413206.4970962809
 10
2436971.924096199
 20
413207.9214822488
 10
2436973.823021863
 20
413211.4535991564
 10
2436975.44031821
 20
413215.1881425735
 10
2436977.235483644
 20
413219.9806138712
 10
2436979.279416646
 20
413226.4804352592
 10
2436981.014765384
 20
413232.7985249667
 10
2436982.399343118
 20
413239.0331261195
 10
2436984.072652679
 20
413247.3949186145
 10
2436986.369368827
 20
413261.3488359675
  0
LWPOLYLINE
  5
64
330
17
100
AcDbEntity
  8
P-CONT
100
AcDbPolyline
 90
23
 70
0
 38
957.0
 10
2436937.135969374
 20
413262.4979925035
 10
2436937.924119925
 20
413260.9225719404
 10
2436940.501493567
 20
413256.4774486866
 10
2436944.554947748
 20
413250.4681125676
 10
2436949.32960341
 20
413242.6343792414
 10
2436954.040008654
 20
413233.3519585128
 10
2436957.66840615
 20
413224.3347797238
 10
2436960.200994108
 20
413216.1643350211
 10
2436961.195421686
 20
413212.9488319087
 10
2436962.177166507
 20
413211.020197246
 10
2436963.34035953
 20
413210.075647653
 10
2436965.051897704
 20
413209.6100597326
 10
2436966.966974505
 20
413209.7561736437
 10
2436968.337938146
 20
413210.4516087653
 10
2436969.199954458
 20
413211.4999749443
 10
2436970.219723098
 20
413213.1985646039
 10
2436971.729765533
 20
413216.685445066
 10
2436973.451944262
 20
413221.2830670861
 10
2436975.441661469
 20
413227.6104792102
 10
2436977.131375425
 20
413233.7624209654
 10
2436978.485358946
 20
413239.8592597425
 10
2436980.136924258
 20
413248.1123927835
 10
2436982.381042217
 20
413261.746744837
  0
LWPOLYLINE
  5
65
330
17
100
AcDbEntity
  8
P-CONT
100
AcDbPolyline
 90
11
 70
0
 38
960.0
 10
2436950.678020575
 20
413262.849635576
 10
2436954.657849032
 20
413256.9494512338
 10
2436959.819337045
 20
413248.4810456499
 10
2436962.398412177
 20
413243.3986675461
 10
2436963.368472043
 20
413242.3789263913
 10
2436964.41014646
 20
413242.0070907416
 10
2436965.571122725
 20
413242.0754555501
 10
2436966.484023694
 20
413242.8051184107
 10
2436967.056531096
 20
413243.9023940765
 10
2436968.329738995
 20
413250.2648152909
 10
2436970.264524798
 20
413262.0197904108
  0
LWPOLYLINE
  5
66
330
17
100
AcDbEntity
  8
P-CONT
100
AcDbPolyline
 90
18
 70
0
 38
958.0
 10
2436941.446309344
 20
413262.8224032087
 10
2436943.893669236
 20
413258.601510983
 10
2436947.922581509
 20
413252.6285587896
 10
2436952.826181288
 20
413244.5832680442
 10
2436957.685834873
 20
413235.0067354893
 10
2436961.440494428
 20
413225.6757742208
 10
2436962.598954968
 20
413223.7238112541
 10
2436963.583195218
 20
413222.7401831034
 10
2436965.04746419
 20
413222.3083242398
 10
2436966.934428477
 20
413222.3338023714
 10
2436968.531602126
 20
413223.0516328613
 10
2436969.779031927
 20
413224.4401003623
 10
2436970.776812103
 20
413226.1103173305
 10
2436971.603906292
 20
413228.740523161
 10
2436973.247985467
 20
413234.726316964
 10
2436974.571374775
 20
413240.6853933655
 10
2436976.201195837
 20
413248.8298669526
 10
2436978.326300553
 20
413261.7411427278
  0
LWPOLYLINE
  5
67
330
17
100
AcDbEntity
  8
P-CONT
100
AcDbPolyline
 90
16
 70
0
 38
959.0
 10
2436946.127171834
 20
413262.7239038782
 10
2436947.285844906
 20
413260.7255732795
 10
2436951.290215271
 20
413254.7890050117
 10
2436956.322759167
 20
413246.5321568471
 10
2436961.331661091
 20
413236.6615124658
 10
2436962.120135387
 20
413235.4598909491
 10
2436963.382578681
 20
413234.4355975244
 10
2436964.496499234
 20
413234.0644872307
 10
2436965.729318589
 20
413233.9754497745
 10
2436967.006674613
 20
413234.3168658045
 10
2436968.105783197
 20
413235.1184749191
 10
2436969.056369041
 20
413236.3060187919
 10
2436969.82392349
 20
413237.7585163072
 10
2436970.657390604
 20
413241.5115269885
 10
2436972.265467416
 20
413249.5473411218
 10
2436974.265797974
 20
413261.7005396339
  0
LWPOLYLINE
  5
68
330
17
100
AcDbEntity
  8
P-CONT
  6
HIDDEN2
100
AcDbPolyline
 90
86
 70
129
 38
947.5
 10
2436790.86393236
 20
413110.1427809279
 10
2436785.080521574
 20
413107.425943892
 10
2436779.226862738
 20
413104.6821305394
 10
2436773.344120529
 20
413101.9453408471
 10
2436767.416361061
 20
413099.2231965272
 10
2436761.403165237
 20
413096.5308379532
 10
2436755.258882662
 20
413093.9164035648
 10
2436748.966736194
 20
413091.4472131847
 10
2436742.559236784
 20
413089.1936850141
 10
2436736.094478921
 20
413087.1681531915
 10
2436729.596143907
 20
413085.3533430483
 10
2436723.077636271
 20
413083.7287729388
 10
2436716.569441678
 20
413082.2781343952
 10
2436710.204940391
 20
413080.9812727398
 10
2436704.154631222
 20
413079.6944880002
 10
2436698.498721037
 20
413078.2376767419
 10
2436693.346130565
 20
413076.471323696
 10
2436688.900914331
 20
413074.2943131124
 10
2436685.313313086
 20
413071.6662796964
 10
2436682.970177234
 20
413068.8959079721
 10
2436681.854387466
 20
413065.9998450627
 10
2436681.626033552
 20
413062.020538059
 10
2436682.284003842
 20
413057.2538604543
 10
2436683.621462614
 20
413053.0111336604
 10
2436685.625917455
 20
413049.6861338606
 10
2436688.431882515
 20
413047.0114075019
 10
2436691.973889315
 20
413045.0458469919
 10
2436696.369379677
 20
413043.7642223428
 10
2436701.664677982
 20
413043.0601842158
 10
2436707.429036085
 20
413042.8069023027
 10
2436713.298056031
 20
413042.9207869708
 10
2436719.18603812
 20
413043.3705448047
 10
2436725.100816524
 20
413044.1214771726
 10
2436731.044027597
 20
413045.1372582413
 10
2436737.009599633
 20
413046.383654409
 10
2436742.9932187
 20
413047.831073678
 10
2436748.994938995
 20
413049.4500740647
 10
2436755.014987759
 20
413051.2103520401
 10
2436761.06340726
 20
413053.0837688191
 10
2436767.199236805
 20
413055.043782309
 10
2436773.509198656
 20
413057.0084983939
 10
2436780.028873374
 20
413058.8532515475
 10
2436786.706054886
 20
413060.4479660959
 10
2436793.449187175
 20
413061.756779745
 10
2436800.223988674
 20
413062.7859854476
 10
2436806.998628095
 20
413063.5440176188
 10
2436813.715549654
 20
413064.0581629879
 10
2436820.337979025
 20
413064.4011391252
 10
2436826.880994518
 20
413064.6519585113
 10
2436833.461320638
 20
413064.8638677483
 10
2436840.198534273
 20
413064.9551684033
 10
2436847.110956354
 20
413064.7890954798
 10
2436854.102610977
 20
413064.2233087731
 10
2436860.80307073
 20
413063.2756971861
 10
2436866.906853109
 20
413062.3779175185
 10
2436872.498451008
 20
413061.9007975478
 10
2436877.855676489
 20
413062.0095996775
 10
2436883.092682729
 20
413062.7206717493
 10
2436888.144556405
 20
413064.0481042645
 10
2436892.91038838
 20
413065.9863465331
 10
2436897.256485775
 20
413068.5010664516
 10
2436900.922221686
 20
413071.4466496455
 10
2436903.510102566
 20
413074.5669316872
 10
2436904.662507429
 20
413077.19412937
 10
2436904.60517387
 20
413078.8488351061
 10
2436903.223279815
 20
413081.350376862
 10
2436900.318960521
 20
413084.3696981589
 10
2436896.532734938
 20
413086.9754544107
 10
2436892.047077489
 20
413089.0718391828
 10
2436886.976991585
 20
413090.6714013389
 10
2436881.445499265
 20
413091.8242035773
 10
2436875.483093445
 20
413092.6536095567
 10
2436869.023118211
 20
413093.4280936842
 10
2436862.120056221
 20
413094.490110982
 10
2436854.990761003
 20
413096.1393538591
 10
2436847.884239077
 20
413098.5142662356
 10
2436841.128225932
 20
413101.6527180353
 10
2436834.979775676
 20
413105.2237793477
 10
2436829.397562579
 20
413108.785506161
 10
2436824.270909735
 20
413111.9864425791
 10
2436819.481514451
 20
413114.5237864123
 10
2436814.962038444
 20
413116.1920989638
 10
2436810.874877604
 20
413116.8172538844
 10
2436806.705406666
 20
413116.3766627967
 10
2436801.818603141
 20
413114.9101225439
 10
2436796.467753176
 20
413112.721489478
  0
LWPOLYLINE
  5
69
330
17
100
AcDbEntity
  8
P-CONT
  6
HIDDEN2
100
AcDbPolyline
 90
86
 70
129
 38
946.5
 10
2436792.128780344
 20
413107.4224317593
 10
2436786.356079657
 20
413104.7106259406
 10
2436780.496215182
 20
413101.9639026113
 10
2436774.602824658
 20
413099.222159073
 10
2436768.655344479
 20
413096.4909586126
 10
2436762.603548236
 20
413093.7813170213
 10
2436756.394368912
 20
413091.1392686209
 10
2436750.012695685
 20
413088.6349457763
 10
2436743.505669986
 20
413086.3464140444
 10
2436736.946638986
 20
413084.2913446519
 10
2436730.362506659
 20
413082.4525736273
 10
2436723.766817168
 20
413080.8087679289
 10
2436717.195320157
 20
413079.3440196459
 10
2436710.81648654
 20
413078.0442375655
 10
2436704.841131616
 20
413076.7733941567
 10
2436699.360609686
 20
413075.361758224
 10
2436694.496798538
 20
413073.6944012541
 10
2436690.459220757
 20
413071.7170284793
 10
2436687.373699442
 20
413069.4567847767
 10
2436685.587619229
 20
413067.3450394773
 10
2436684.822566511
 20
413065.3593241879
 10
2436684.637872898
 20
413062.1408438225
 10
2436685.221243086
 20
413057.9146079927
 10
2436686.37522008
 20
413054.2539275928
 10
2436687.987290822
 20
413051.5798165149
 10
2436690.223616419
 20
413049.4480868274
 10
2436693.135982169
 20
413047.8319320789
 10
2436696.990512995
 20
413046.7080388818
 10
2436701.92873074
 20
413046.051476518
 10
2436707.465817279
 20
413045.8081807604
 10
2436713.154593334
 20
413045.9185679083
 10
2436718.882680913
 20
413046.3561120827
 10
2436724.658983506
 20
413047.0894637465
 10
2436730.484358794
 20
413048.0851049686
 10
2436736.349990321
 20
413049.3106204114
 10
2436742.249748241
 20
413050.7377539239
 10
2436748.183203741
 20
413052.3383394688
 10
2436754.150152965
 20
413054.0830910002
 10
2436760.163151594
 20
413055.9455366392
 10
2436766.296855911
 20
413057.9048712519
 10
2436772.654724673
 20
413059.8845039846
 10
2436779.271710638
 20
413061.7567915229
 10
2436786.071509668
 20
413063.3807908733
 10
2436792.937872856
 20
413064.7135231221
 10
2436799.831748718
 20
413065.7608182129
 10
2436806.717261445
 20
413066.531256289
 10
2436813.523457031
 20
413067.05223512
 10
2436820.202933126
 20
413067.3981657117
 10
2436826.775254705
 20
413067.6501085146
 10
2436833.392708849
 20
413067.8632134023
 10
2436840.214241675
 20
413067.9556567252
 10
2436847.268099488
 20
413067.7861857676
 10
2436854.433942901
 20
413067.2063031557
 10
2436861.231401299
 20
413066.2449735487
 10
2436867.252982891
 20
413065.3592844491
 10
2436872.595792012
 20
413064.9033931319
 10
2436877.622638019
 20
413065.0054854468
 10
2436882.507491613
 20
413065.6687428129
 10
2436887.194291924
 20
413066.9002484927
 10
2436891.587746936
 20
413068.6870467379
 10
2436895.555836843
 20
413070.9830456123
 10
2436898.806675416
 20
413073.5952401893
 10
2436900.932012206
 20
413076.1578195833
 10
2436901.64063913
 20
413077.7733134707
 10
2436901.631848766
 20
413078.0270124491
 10
2436900.787919089
 20
413079.5547166301
 10
2436898.367670938
 20
413082.0707990738
 10
2436895.037014626
 20
413084.3630234327
 10
2436890.955959832
 20
413086.2703160027
 10
2436886.217746855
 20
413087.7651755196
 10
2436880.932215105
 20
413088.8667178304
 10
2436875.09783434
 20
413089.678314766
 10
2436868.616362044
 20
413090.4553761686
 10
2436861.553106852
 20
413091.5420387545
 10
2436854.175408355
 20
413093.2487455643
 10
2436846.77334725
 20
413095.7224235054
 10
2436839.740020878
 20
413098.9896989443
 10
2436833.418906121
 20
413102.6610449613
 10
2436827.796271137
 20
413106.2485629284
 10
2436822.772384221
 20
413109.385335221
 10
2436818.254385953
 20
413111.7788973224
 10
2436814.208143106
 20
413113.2725212998
 10
2436810.804554728
 20
413113.7931198535
 10
2436807.29932853
 20
413113.4227200003
 10
2436802.819970537
 20
413112.0784550284
 10
2436797.66322663
 20
413109.9692162531
  0
LWPOLYLINE
  5
6A
330
17
100
AcDbEntity
  8
P-CONT
  6
HIDDEN2
100
AcDbPolyline
 90
85
 70
129
 38
945.5
 10
2436793.393628327
 20
413104.7020825907
 10
2436787.63163774
 20
413101.9953079892
 10
2436781.765567851
 20
413099.2456747874
 10
2436775.861528787
 20
413096.4989772988
 10
2436769.894327897
 20
413093.7587206981
 10
2436763.803931236
 20
413091.0317960895
 10
2436757.529855162
 20
413088.3621336769
 10
2436751.058655177
 20
413085.8226783678
 10
2436744.452103187
 20
413083.4991430748
 10
2436737.798799051
 20
413081.4145361123
 10
2436731.128869411
 20
413079.5518042064
 10
2436724.455998065
 20
413077.8887629189
 10
2436717.821198635
 20
413076.4099048967
 10
2436711.428032689
 20
413075.1072023914
 10
2436705.527632011
 20
413073.8523003132
 10
2436700.222498335
 20
413072.485839706
 10
2436695.647466511
 20
413070.9174788123
 10
2436692.017527184
 20
413069.1397438461
 10
2436689.434085799
 20
413067.2472898571
 10
2436688.205061224
 20
413065.7941709826
 10
2436687.790745555
 20
413064.718803313
 10
2436687.649712243
 20
413062.2611495861
 10
2436688.15848233
 20
413058.575355531
 10
2436689.128977546
 20
413055.4967215253
 10
2436690.34866419
 20
413053.4734991693
 10
2436692.015350324
 20
413051.8847661528
 10
2436694.298075024
 20
413050.618017166
 10
2436697.611646312
 20
413049.6518554207
 10
2436702.192783498
 20
413049.0427688201
 10
2436707.502598472
 20
413048.809459218
 10
2436713.011130636
 20
413048.9163488458
 10
2436718.579323706
 20
413049.3416793607
 10
2436724.217150489
 20
413050.0574503205
 10
2436729.924689991
 20
413051.0329516958
 10
2436735.690381009
 20
413052.2375864139
 10
2436741.506277782
 20
413053.6444341697
 10
2436747.371468487
 20
413055.226604873
 10
2436753.285318172
 20
413056.9558299604
 10
2436759.262895928
 20
413058.8073044593
 10
2436765.394475017
 20
413060.7659601948
 10
2436771.80025069
 20
413062.7605095754
 10
2436778.514547904
 20
413064.6603314983
 10
2436785.436964449
 20
413066.3136156507
 10
2436792.426558537
 20
413067.6702664992
 10
2436799.439508763
 20
413068.7356509782
 10
2436806.435894795
 20
413069.5184949592
 10
2436813.331364408
 20
413070.0463072521
 10
2436820.067887228
 20
413070.3951922981
 10
2436826.669514893
 20
413070.6482585179
 10
2436833.32409706
 20
413070.8625590564
 10
2436840.229949078
 20
413070.956145047
 10
2436847.425242623
 20
413070.7832760554
 10
2436854.765274824
 20
413070.1892975383
 10
2436861.659731869
 20
413069.2142499113
 10
2436867.599112673
 20
413068.3406513796
 10
2436872.693133017
 20
413067.9059887158
 10
2436877.389599549
 20
413068.001371216
 10
2436881.922300497
 20
413068.6168138766
 10
2436886.244027443
 20
413069.752392721
 10
2436890.265105492
 20
413071.3877469426
 10
2436893.855187912
 20
413073.4650247731
 10
2436896.691129147
 20
413075.7438307332
 10
2436898.353921846
 20
413077.7487074793
 10
2436898.355848679
 20
413077.7531001808
 10
2436898.352558364
 20
413077.7590563982
 10
2436896.416381355
 20
413079.7718999889
 10
2436893.541294313
 20
413081.7505924548
 10
2436889.864842175
 20
413083.4687928224
 10
2436885.458502125
 20
413084.8589497003
 10
2436880.418930945
 20
413085.9092320834
 10
2436874.712575236
 20
413086.7030199752
 10
2436868.209605877
 20
413087.482658653
 10
2436860.986157483
 20
413088.593966527
 10
2436853.360055706
 20
413090.3581372694
 10
2436845.662455424
 20
413092.9305807753
 10
2436838.351815824
 20
413096.3266798533
 10
2436831.858036566
 20
413100.0983105749
 10
2436826.194979696
 20
413103.7116196958
 10
2436821.273858706
 20
413106.784227863
 10
2436817.027257456
 20
413109.0340082326
 10
2436813.454247767
 20
413110.3529436358
 10
2436810.734231852
 20
413110.7689858226
 10
2436807.893250394
 20
413110.4687772039
 10
2436803.821337933
 20
413109.2467875128
 10
2436798.858700084
 20
413107.2169430283
  0
LWPOLYLINE
  5
6B
330
17
100
AcDbEntity
  8
P-CONT
  6
HIDDEN2
100
AcDbPolyline
 90
81
 70
129
 38
944.5
 10
2436794.65847631
 20
413101.981733422
 10
2436788.907195823
 20
413099.2799900377
 10
2436783.034920743
 20
413096.5274470677
 10
2436777.120232916
 20
413093.7757955247
 10
2436771.133311315
 20
413091.0264827835
 10
2436765.004314235
 20
413088.2822751577
 10
2436758.665341413
 20
413085.584998733
 10
2436752.104614668
 20
413083.0104109594
 10
2436745.398536389
 20
413080.6518721051
 10
2436738.650959115
 20
413078.5377275728
 10
2436731.895232162
 20
413076.6510347854
 10
2436725.145178962
 20
413074.9687579089
 10
2436718.447077114
 20
413073.4757901474
 10
2436712.039578838
 20
413072.1701672171
 10
2436706.214132405
 20
413070.9312064697
 10
2436701.084386984
 20
413069.6099211881
 10
2436696.798134483
 20
413068.1405563704
 10
2436693.57583361
 20
413066.562459213
 10
2436691.494472156
 20
413065.0377949375
 10
2436690.82250322
 20
413064.2433024882
 10
2436690.7589246
 20
413064.0782824383
 10
2436690.661551588
 20
413062.3814553494
 10
2436691.095721575
 20
413059.2361030693
 10
2436691.882735012
 20
413056.7395154579
 10
2436692.710037557
 20
413055.3671818238
 10
2436693.807084228
 20
413054.3214454783
 10
2436695.460167878
 20
413053.4041022531
 10
2436698.23277963
 20
413052.5956719596
 10
2436702.456836256
 20
413052.0340611223
 10
2436707.539379666
 20
413051.8107376756
 10
2436712.867667939
 20
413051.9141297832
 10
2436718.275966499
 20
413052.3272466387
 10
2436723.775317471
 20
413053.0254368945
 10
2436729.365021188
 20
413053.980798423
 10
2436735.030771696
 20
413055.1645524163
 10
2436740.762807323
 20
413056.5511144156
 10
2436746.559733232
 20
413058.1148702771
 10
2436752.420483379
 20
413059.8285689205
 10
2436758.362640262
 20
413061.6690722794
 10
2436764.492094123
 20
413063.6270491378
 10
2436770.945776707
 20
413065.6365151661
 10
2436777.757385168
 20
413067.5638714737
 10
2436784.802419231
 20
413069.246440428
 10
2436791.915244217
 20
413070.6270098762
 10
2436799.047268807
 20
413071.7104837435
 10
2436806.154528145
 20
413072.5057336293
 10
2436813.139271785
 20
413073.0403793842
 10
2436819.932841329
 20
413073.3922188845
 10
2436826.56377508
 20
413073.6464085212
 10
2436833.255485271
 20
413073.8619047104
 10
2436840.24565648
 20
413073.9566333689
 10
2436847.582385757
 20
413073.7803663432
 10
2436855.096606748
 20
413073.1722919208
 10
2436862.088062438
 20
413072.1835262738
 10
2436867.945242455
 20
413071.3220183101
 10
2436872.790474022
 20
413070.9085842998
 10
2436877.156561079
 20
413070.9972569853
 10
2436881.337109381
 20
413071.5648849403
 10
2436885.293762962
 20
413072.6045369492
 10
2436888.942464049
 20
413074.0884471475
 10
2436892.15453898
 20
413075.947003934
 10
2436894.243451069
 20
413077.6255384739
 10
2436892.045574001
 20
413079.1381614769
 10
2436888.773724518
 20
413080.6672696422
 10
2436884.699257395
 20
413081.9527238809
 10
2436879.905646786
 20
413082.9517463365
 10
2436874.327316131
 20
413083.7277251845
 10
2436867.80284971
 20
413084.5099411374
 10
2436860.419208115
 20
413085.6458942994
 10
2436852.544703058
 20
413087.4675289746
 10
2436844.551563597
 20
413090.1387380451
 10
2436836.96361077
 20
413093.6636607624
 10
2436830.297167011
 20
413097.5355761886
 10
2436824.593688255
 20
413101.1746764631
 10
2436819.775333191
 20
413104.1831205048
 10
2436815.800128958
 20
413106.2891191427
 10
2436812.700352429
 20
413107.4333659717
 10
2436810.663908975
 20
413107.7448517916
 10
2436808.487172258
 20
413107.5148344075
 10
2436804.822705328
 20
413106.4151199973
 10
2436800.054173538
 20
413104.4646698034
  0
LWPOLYLINE
  5
6C
330
17
100
AcDbEntity
  8
P-CONT
  6
HIDDEN2
100
AcDbPolyline
 90
35
 70
129
 38
948.5
 10
2436889.787444805
 20
414186.1837147523
 10
2436890.297717609
 20
414179.0003089217
 10
2436891.65398184
 20
414172.137899005
 10
2436894.922584864
 20
414165.9185443473
 10
2436900.300883562
 20
414161.3494377571
 10
2436906.944379213
 20
414158.9306968139
 10
2436913.968598801
 20
414158.1423542375
 10
2436928.085832845
 20
414157.845380631
 10
2436935.152684955
 20
414157.2817242154
 10
2436942.140763815
 20
414156.1665040927
 10
2436955.640628678
 20
414152.1600257702
 10
2436962.592110721
 20
414150.7649210748
 10
2436969.921258785
 20
414150.5279381831
 10
2436976.378397616
 20
414152.9512197693
 10
2436980.765745491
 20
414158.5417482453
 10
2436982.929503236
 20
414165.2392229729
 10
2436983.460284068
 20
414172.3574123599
 10
2436983.075613533
 20
414179.5903079289
 10
2436982.294097767
 20
414186.6638052714
 10
2436980.578202322
 20
414193.4729972885
 10
2436977.293147533
 20
414199.8049604534
 10
2436972.488658828
 20
414205.0022986502
 10
2436966.442846891
 20
414208.6394624559
 10
2436959.719348612
 20
414211.0632219334
 10
2436952.81944169
 20
414212.6718465116
 10
2436945.84518753
 20
414213.6082897876
 10
2436938.809447672
 20
414213.9605935689
 10
2436931.748317564
 20
414213.8433792394
 10
2436924.70529357
 20
414213.3709606648
 10
2436917.714197118
 20
414212.4860414084
 10
2436910.800376738
 20
414210.9811346983
 10
2436904.09216379
 20
414208.5828516952
 10
2436898.349634261
 20
414204.6563068542
 10
2436893.678517465
 20
414199.2876122151
 10
2436890.634044577
 20
414193.0499805412
  0
LWPOLYLINE
  5
6D
330
17
100
AcDbEntity
  8
P-CONT
  6
HIDDEN2
100
AcDbPolyline
 90
86
 70
129
 38
948.5
 10
2436786.647772417
 20
413119.2106114901
 10
2436780.828661298
 20
413116.47700373
 10
2436774.995690421
 20
413113.7428914614
 10
2436769.148440098
 20
413111.0226134277
 10
2436763.286416335
 20
413108.3306562424
 10
2436757.401888572
 20
413105.695907726
 10
2436751.473928495
 20
413103.1735200445
 10
2436745.480204558
 20
413100.8214378795
 10
2436739.404459447
 20
413098.6845882463
 10
2436733.25394537
 20
413096.7575149899
 10
2436727.041601401
 20
413095.0225744515
 10
2436720.780366614
 20
413093.4621229721
 10
2436714.483180085
 20
413092.0585168927
 10
2436708.166453227
 20
413090.771389987
 10
2436701.866296575
 20
413089.4314674787
 10
2436695.625758874
 20
413087.8240718018
 10
2436689.510570655
 20
413085.7277318354
 10
2436683.706559575
 20
413082.8852618895
 10
2436678.445358563
 20
413079.031262762
 10
2436674.245370584
 20
413074.0654696213
 10
2436671.960457318
 20
413068.1349146459
 10
2436671.586569068
 20
413061.6195188474
 10
2436672.493206362
 20
413055.0513686598
 10
2436674.44227106
 20
413048.868487219
 10
2436677.754672897
 20
413043.373858346
 10
2436682.459436167
 20
413038.8891430835
 10
2436688.100246467
 20
413035.7588967017
 10
2436694.298935285
 20
413033.9515005464
 10
2436700.784502122
 20
413033.0892098755
 10
2436707.306432106
 20
413032.8026407773
 10
2436713.776265022
 20
413032.9281838459
 10
2436720.197228808
 20
413033.418653878
 10
2436726.573593249
 20
413034.2281885926
 10
2436732.909590273
 20
413035.3111024838
 10
2436739.208297341
 20
413036.6271010675
 10
2436745.471453564
 20
413038.142139525
 10
2436751.700723175
 20
413039.8225227176
 10
2436757.897770404
 20
413041.6345555062
 10
2436764.064259482
 20
413043.5445427521
 10
2436770.207173118
 20
413045.5068191658
 10
2436776.357445265
 20
413047.4218130913
 10
2436782.552749157
 20
413049.1747849628
 10
2436788.821205612
 20
413050.6718835048
 10
2436795.153568239
 20
413051.9009684879
 10
2436801.531455193
 20
413052.8698762301
 10
2436807.936516929
 20
413053.5865553849
 10
2436814.355858399
 20
413054.0779225476
 10
2436820.78813202
 20
413054.4110505038
 10
2436827.233460561
 20
413054.6581251668
 10
2436833.690026601
 20
413054.8660489016
 10
2436840.146176264
 20
413054.9535406638
 10
2436846.587145904
 20
413054.7987945204
 10
2436852.998171232
 20
413054.2799941645
 10
2436859.375302165
 20
413053.3781093109
 10
2436865.753087169
 20
413052.4400277502
 10
2436872.173980992
 20
413051.8921456012
 10
2436878.632471388
 20
413052.0233137799
 10
2436885.043319783
 20
413052.8937682038
 10
2436891.312104674
 20
413054.540956837
 10
2436897.319193193
 20
413056.9840125174
 10
2436902.925315548
 20
413060.2278025826
 10
2436907.974042584
 20
413064.284681166
 10
2436912.1037371
 20
413069.2639720335
 10
2436914.735401761
 20
413075.2635157025
 10
2436914.516257549
 20
413081.5882439635
 10
2436911.341148899
 20
413087.3359109687
 10
2436906.82325913
 20
413092.032695109
 10
2436901.518469313
 20
413095.6835576703
 10
2436895.684136346
 20
413098.4102497834
 10
2436889.507807353
 20
413100.3588207365
 10
2436883.156446464
 20
413101.6824894004
 10
2436876.767290459
 20
413102.5712588592
 10
2436870.3789721
 20
413103.3371520696
 10
2436864.009887449
 20
413104.3170184072
 10
2436857.708603166
 20
413105.7747148417
 10
2436851.587211831
 20
413107.8204086695
 10
2436845.755576114
 20
413110.5294483387
 10
2436840.182674193
 20
413113.7662273021
 10
2436834.735200716
 20
413117.2419836033
 10
2436829.265994785
 20
413120.6568004394
 10
2436823.571942776
 20
413123.6734167117
 10
2436817.475022905
 20
413125.9240245105
 10
2436811.109287191
 20
413126.8977006541
 10
2436804.72566712
 20
413126.2231387847
 10
2436798.480711821
 20
413124.3490142623
 10
2436792.482841662
 20
413121.8957335608
  0
LINE
  5
6E
330
17
100
AcDbEntity
  8
P-U-STM
100
AcDbLine
 10
2436671.960457318
 20
413068.1349146459
 30
0.0
 11
2436547.907082752
 21
413100.8374138739
 31
0.0
  0
LINE
  5
6F
330
17
100
AcDbEntity
  8
P-U-STM
100
AcDbLine
 10
2436557.551348845
 20
413282.0104609237
 30
0.0
 11
2436532.163517177
 21
413369.2423911958
 31
0.0
  0
LWPOLYLINE
  5
70
330
17
100
AcDbEntity
  8
P-U-STM
100
AcDbPolyline
 90
2
 70
0
 10
2436550.858414795
 20
413286.3927701091
 10
2436557.551348845
 20
413282.0104609237
  0
LINE
  5
71
330
17
100
AcDbEntity
  8
P-U-STM
100
AcDbLine
 10
2436890.634044577
 20
414193.0499805412
 30
0.0
 11
2436832.231341499
 21
414212.0474689302
 31
0.0
  0
LINE
  5
72
330
17
100
AcDbEntity
  8
P-U-STM
100
AcDbLine
 10
2437070.18828842
 20
414263.9832300466
 30
0.0
 11
2437100.374415658
 21
414240.1495815751
 31
0.0
  0
LWPOLYLINE
  5
73
330
17
100
AcDbEntity
  8
P-U-STM
100
AcDbPolyline
 90
2
 70
0
 10
2436937.50517716
 20
413009.7608929813
 10
2436909.161028297
 20
413051.1272123266
  0
LWPOLYLINE
  5
74
330
17
100
AcDbEntity
  8
P-CONT
100
AcDbPolyline
 90
235
 70
0
 38
953.0
 10
2436515.27148747
 20
412983.9127880609
 10
2436514.85589324
 20
412984.7570256846
 10
2436514.873526537
 20
412985.3196299778
 10
2436515.119788123
 20
412985.8821889363
 10
2436515.656444918
 20
412986.3853140327
 10
2436518.465277966
 20
412987.9292797389
 10
2436522.608195873
 20
412989.6136018426
 10
2436530.499952693
 20
412991.7833684887
 10
2436546.482067637
 20
412994.7696593835
 10
2436560.240472703
 20
412997.0614671865
 10
2436574.068504103
 20
412998.8671504258
 10
2436589.896453651
 20
413000.7338089088
 10
2436605.077110061
 20
413002.664842742
 10
2436620.050801948
 20
413004.0441526229
 10
2436631.781377876
 20
413004.8716932166
 10
2436643.028902231
 20
413004.6648307355
 10
2436656.741561488
 20
413003.9448695123
 10
2436667.969034266
 20
413003.1287986112
 10
2436678.17579106
 20
413002.4487319711
 10
2436692.125038779
 20
413002.3127277101
 10
2436708.047603561
 20
413003.1968007417
 10
2436723.110432895
 20
413004.5557263747
 10
2436730.84464575
 20
413005.537651711
 10
2436738.319722034
 20
413006.815250787
 10
2436745.584520692
 20
413008.333096377
 10
2436752.658334669
 20
413010.0442304815
 10
2436759.547497298
 20
413011.902623811
 10
2436766.257840077
 20
413013.8647455583
 10
2436772.766730923
 20
413015.8807871579
 10
2436778.930188424
 20
413017.8496260507
 10
2436784.617360431
 20
413019.6204257139
 10
2436789.871988928
 20
413021.1072318674
 10
2436794.955142719
 20
413022.3212439904
 10
2436800.096273324
 20
413023.3191158425
 10
2436805.323108098
 20
413024.1131594991
 10
2436810.65639455
 20
413024.7099149067
 10
2436816.212753756
 20
413025.1352252709
 10
2436822.093575706
 20
413025.4397935017
 10
2436828.255612085
 20
413025.6760084675
 10
2436834.353273897
 20
413025.8723742461
 10
2436839.99433804
 20
413025.9488202191
 10
2436845.068095599
 20
413025.8269217381
 10
2436849.795295973
 20
413025.4443817994
 10
2436855.234773326
 20
413024.6751044726
 10
2436862.407165943
 20
413023.620147422
 10
2436871.233017946
 20
413022.867054956
 10
2436880.885176596
 20
413023.0630846769
 10
2436890.700167239
 20
413024.3957479216
 10
2436900.497994653
 20
413026.9702292971
 10
2436903.69782627
 20
413028.2715863158
 10
2436904.360038477
 20
413028.7114805692
 10
2436904.79856278
 20
413029.3746007658
 10
2436904.944108837
 20
413030.1561686166
 10
2436904.773679208
 20
413030.9326901562
 10
2436904.594218184
 20
413031.2547096247
 10
2436901.249426838
 20
413036.1362006006
 10
2436900.678679129
 20
413036.6896254031
 10
2436899.93742395
 20
413036.9769800974
 10
2436899.091304969
 20
413036.9400606889
 10
2436888.749530186
 20
413034.2226514671
 10
2436880.108381697
 20
413033.0493705745
 10
2436871.557487962
 20
413032.8757069027
 10
2436863.560931883
 20
413033.5580371903
 10
2436856.662541891
 20
413034.5726923479
 10
2436850.899735718
 20
413035.387696408
 10
2436845.591906049
 20
413035.8172226975
 10
2436840.046696048
 20
413035.9504479586
 10
2436834.124567932
 20
413035.8701930928
 10
2436827.903146042
 20
413035.6698418121
 10
2436821.643422711
 20
413035.4298821231
 10
2436815.572445012
 20
413035.1154657112
 10
2436809.718505716
 20
413034.6673771405
 10
2436804.015641579
 20
413034.0292687167
 10
2436798.39189226
 20
413033.1749270995
 10
2436792.839991993
 20
413032.0973265816
 10
2436787.348113145
 20
413030.785698452
 10
2436781.769113822
 20
413029.2071110164
 10
2436775.922252112
 20
413027.3865891938
 10
2436769.765878702
 20
413025.4200132248
 10
2436763.375057431
 20
413023.4405420921
 10
2436756.841713118
 20
413021.5301751581
 10
2436750.180099805
 20
413019.7331646344
 10
2436743.385822984
 20
413018.0896497185
 10
2436736.454159358
 20
413016.6414065445
 10
2436729.371869025
 20
413015.4309402909
 10
2436722.118491117
 20
413014.5100611174
 10
2436709.512779387
 20
413013.5963212285
 10
2436696.642890959
 20
413013.1886257887
 10
2436684.838960516
 20
413013.3097602505
 10
2436672.273372411
 20
413014.2346345605
 10
2436664.252741381
 20
413015.3201299027
 10
2436656.315742559
 20
413016.7396517101
 10
2436644.619022561
 20
413018.9941943456
 10
2436636.347797193
 20
413021.2487369811
 10
2436629.747503035
 20
413023.4197730004
 10
2436624.484014302
 20
413025.9248354847
 10
2436620.055940795
 20
413028.930892332
 10
2436615.627867287
 20
413033.0224445217
 10
2436611.116363094
 20
413037.615036409
 10
2436604.907628888
 20
413046.6810804509
 10
2436600.407107721
 20
413053.4313799399
 10
2436595.920693191
 20
413059.1099658517
 10
2436590.286703701
 20
413065.2183705632
 10
2436584.014086579
 20
413071.175447867
 10
2436580.170833957
 20
413074.598992461
 10
2436575.826392657
 20
413077.9390757735
 10
2436571.983140035
 20
413080.6111061557
 10
2436569.894450831
 20
413082.281147812
 10
2436567.889293074
 20
413084.368677215
 10
2436567.137409295
 20
413085.704692406
 10
2436566.803182749
 20
413088.0427416578
 10
2436567.304472188
 20
413090.1302710607
 10
2436568.056355966
 20
413091.3827796356
 10
2436569.309629946
 20
413092.5518269289
 10
2436571.565382042
 20
413093.3033411407
 10
2436574.656650124
 20
413093.7208288874
 10
2436587.439480447
 20
413095.0568440785
 10
2436609.579747225
 20
413097.311386714
 10
2436625.894476528
 20
413099.0471637631
 10
2436671.193912358
 20
413104.0223356368
 10
2436686.542538516
 20
413106.012440654
 10
2436697.518460745
 20
413107.931728488
 10
2436704.293327617
 20
413109.3726127567
 10
2436710.519283057
 20
413110.641243638
 10
2436716.415554266
 20
413111.9554880352
 10
2436722.187970642
 20
413113.3941141175
 10
2436727.856931624
 20
413114.977302407
 10
2436733.410382506
 20
413116.7173043874
 10
2436738.855794448
 20
413118.6324647999
 10
2436744.282515578
 20
413120.7620413561
 10
2436749.799462908
 20
413123.1095402942
 10
2436755.439521354
 20
413125.6348297013
 10
2436761.176647281
 20
413128.2694313306
 10
2436766.956466688
 20
413130.9583389204
 10
2436772.750126773
 20
413133.6740174222
 10
2436778.637068525
 20
413136.4394895581
 10
2436784.911509785
 20
413139.3267973181
 10
2436791.429970205
 20
413141.9930126123
 10
2436796.360574419
 20
413143.9712978371
 10
2436801.017157995
 20
413145.9054592644
 10
2436805.425042953
 20
413147.8632880573
 10
2436809.610643294
 20
413149.9088420979
 10
2436813.720069317
 20
413152.137657227
 10
2436817.887447109
 20
413154.5866111063
 10
2436822.145038585
 20
413157.2307148133
 10
2436826.513150485
 20
413160.0327552964
 10
2436831.013832058
 20
413162.9507501406
 10
2436835.595194555
 20
413165.8900404475
 10
2436840.017548532
 20
413168.7043647954
 10
2436844.03266244
 20
413171.3674126925
 10
2436847.558269108
 20
413173.9380090559
 10
2436850.696491157
 20
413176.5787572034
 10
2436853.742695129
 20
413179.5499235821
 10
2436856.886905672
 20
413182.9587946224
 10
2436860.172278224
 20
413186.7520499617
 10
2436863.654433188
 20
413190.8556022581
 10
2436867.422319684
 20
413195.1939617163
 10
2436881.915336515
 20
413211.5992580548
 10
2436889.756107917
 20
413220.8792367994
 10
2436902.445733671
 20
413237.1707338837
 10
2436906.215180058
 20
413243.5051345719
 10
2436908.960681435
 20
413249.0936167717
 10
2436912.107279594
 20
413260.8437148337
 10
2436913.152081849
 20
413262.8518276131
 10
2436914.761345534
 20
413263.8402257852
 10
2436916.451072402
 20
413263.857814468
 10
2436917.809193421
 20
413263.0139866882
 10
2436919.94512522
 20
413259.7626543329
 10
2436921.776272231
 20
413255.4950393084
 10
2436925.539754801
 20
413248.0773341026
 10
2436929.400595824
 20
413240.7461045678
 10
2436933.595002958
 20
413233.8643796279
 10
2436937.63379067
 20
413225.9054621188
 10
2436940.694008898
 20
413218.3003044881
 10
2436942.931543555
 20
413211.081738544
 10
2436944.468298373
 20
413204.0288528717
 10
2436945.932970391
 20
413195.454736242
 10
2436947.188360366
 20
413186.7759870008
 10
2436948.543411161
 20
413173.1005724824
 10
2436948.708606402
 20
413164.0763353462
 10
2436948.685733628
 20
413153.995288468
 10
2436948.346716827
 20
413144.1028820393
 10
2436948.145708568
 20
413134.5920031117
 10
2436947.590399534
 20
413124.4146785351
 10
2436946.947547879
 20
413115.7749181924
 10
2436945.645538949
 20
413105.3559157969
 10
2436944.412874702
 20
413099.071047283
 10
2436942.940725838
 20
413093.1424953935
 10
2436941.268688963
 20
413087.3227625155
 10
2436939.293020918
 20
413081.4434227815
 10
2436936.933639629
 20
413075.5335068611
 10
2436934.206663107
 20
413069.8148917852
 10
2436931.333340248
 20
413064.5270798749
 10
2436927.822841187
 20
413058.4542992669
 10
2436925.775357948
 20
413055.9855901271
 10
2436925.399586377
 20
413055.2849991719
 10
2436925.326432895
 20
413054.4933676111
 10
2436925.664939549
 20
413053.5783438733
 10
2436929.191456928
 20
413048.4316363527
 10
2436929.762204638
 20
413047.8782115502
 10
2436930.503459816
 20
413047.590856856
 10
2436931.298098223
 20
413047.6149766078
 10
2436932.020560641
 20
413047.9467596923
 10
2436932.380747203
 20
413048.2853462412
 10
2436936.058357175
 20
413052.7195458342
 10
2436940.056926645
 20
413059.6366350333
 10
2436943.119292587
 20
413065.2723452886
 10
2436946.100110603
 20
413071.5232795022
 10
2436948.683475947
 20
413077.9942437524
 10
2436950.818552813
 20
413084.3479640995
 10
2436952.602147569
 20
413090.5559880947
 10
2436954.178057469
 20
413096.9024003648
 10
2436955.525344253
 20
413103.7716839557
 10
2436956.901407803
 20
413114.783290017
 10
2436957.570163853
 20
413123.7711987491
 10
2436958.139949292
 20
413134.2138369782
 10
2436958.343097499
 20
413143.8259693924
 10
2436958.685344971
 20
413153.8126458318
 10
2436959.004281451
 20
413159.4086655742
 10
2436959.606131063
 20
413163.6857275759
 10
2436960.943440297
 20
413168.0296130044
 10
2436963.016209153
 20
413172.2398515792
 10
2436966.158966462
 20
413177.4525322274
 10
2436972.262606218
 20
413186.2368207752
 10
2436976.542056224
 20
413191.9840888389
 10
2436979.617907767
 20
413196.9962992063
 10
2436982.225721231
 20
413201.7411705313
 10
2436984.632918157
 20
413206.2187028137
 10
2436986.571976241
 20
413210.6962350962
 10
2436988.586101789
 20
413216.0732542265
 10
2436990.792682178
 20
413223.0903034061
 10
2436992.664935258
 20
413229.9068369702
 10
2436994.141295633
 20
413236.5547252506
 10
2436995.879837942
 20
413245.2424961078
 10
2436998.420745639
 20
413260.680022437
  0
LWPOLYLINE
  5
75
330
17
100
AcDbEntity
  8
P-CONT
100
AcDbPolyline
 90
85
 70
0
 38
953.0
 10
2437040.413632123
 20
414112.5066721258
 10
2437038.941217081
 20
414117.0392762345
 10
2437037.867901291
 20
414121.3299545866
 10
2437036.924904351
 20
414127.4415476402
 10
2437035.978767543
 20
414136.8975322827
 10
2437035.385395415
 20
414146.3870760591
 10
2437035.065832558
 20
414158.5992895255
 10
2437034.631477625
 20
414164.2415411046
 10
2437033.447929572
 20
414171.8244302049
 10
2437031.900935248
 20
414178.3728087009
 10
2437030.085209479
 20
414183.972376137
 10
2437027.323734429
 20
414190.5459154214
 10
2437022.637106408
 20
414200.1619606951
 10
2437017.729407226
 20
414208.0404608643
 10
2437012.27507584
 20
414214.2698186986
 10
2437005.315163188
 20
414220.0703097631
 10
2436998.630027682
 20
414224.7433255034
 10
2436989.477788733
 20
414229.6277626249
 10
2436987.093927501
 20
414230.6553112095
 10
2436986.315877845
 20
414230.8186228514
 10
2436985.535675574
 20
414230.665925845
 10
2436984.87659888
 20
414230.2213475372
 10
2436984.439709942
 20
414229.5473174441
 10
2436982.25249594
 20
414223.9564392458
 10
2436982.115783444
 20
414223.1732779258
 10
2436982.294969518
 20
414222.3987301153
 10
2436982.761741332
 20
414221.7551805573
 10
2436983.323367271
 20
414221.3911490958
 10
2436985.122821524
 20
414220.6155055109
 10
2436990.024575767
 20
414217.9801509444
 10
2436993.388001191
 20
414214.5192505134
 10
2436996.372058828
 20
414210.0728178719
 10
2436998.433743897
 20
414203.6200503714
 10
2437000.32635084
 20
414193.3802442218
 10
2437001.419111437
 20
414182.6776155718
 10
2437001.54345137
 20
414163.200082668
 10
2437000.418245507
 20
414149.4039010961
 10
2436999.219785891
 20
414139.1822741827
 10
2436996.876673404
 20
414130.9193806371
 10
2436994.60560553
 20
414124.9355558287
 10
2436992.890339172
 20
414121.4170349257
 10
2436991.380022106
 20
414119.7781835799
 10
2436988.963454342
 20
414118.8293725201
 10
2436986.158551001
 20
414118.4843750445
 10
2436983.441914906
 20
414118.8197615523
 10
2436980.831783923
 20
414119.7627697637
 10
2436966.448454815
 20
414126.8643229242
 10
2436957.859225533
 20
414131.3623011805
 10
2436948.002414111
 20
414135.4097426548
 10
2436940.343517571
 20
414137.6336843316
 10
2436934.226375747
 20
414139.0178903659
 10
2436927.180199418
 20
414139.8604494862
 10
2436912.773069321
 20
414140.1635214174
 10
2436898.038114787
 20
414140.815685358
 10
2436888.24337257
 20
414142.7886538384
 10
2436883.678867725
 20
414144.8675243034
 10
2436879.923277779
 20
414148.2745670471
 10
2436877.034339183
 20
414152.4900191185
 10
2436874.724578817
 20
414158.9803237951
 10
2436872.888499186
 20
414166.7217316691
 10
2436871.913125965
 20
414176.1834574412
 10
2436871.789692887
 20
414188.175769164
 10
2436872.406354469
 20
414196.8875674406
 10
2436874.597316795
 20
414203.969445318
 10
2436878.887749825
 20
414210.8399272391
 10
2436886.258367151
 20
414218.5010925991
 10
2436895.847686712
 20
414224.7510996689
 10
2436905.835744253
 20
414228.3219744788
 10
2436914.663878204
 20
414230.2435630204
 10
2436922.971272618
 20
414231.2950966871
 10
2436930.996130148
 20
414231.8333728251
 10
2436939.110499957
 20
414231.9680708694
 10
2436947.495851025
 20
414231.5481873961
 10
2436956.06798473
 20
414230.3971945035
 10
2436961.006100324
 20
414229.2459363483
 10
2436961.800771291
 20
414229.2229143036
 10
2436962.541628821
 20
414229.511292666
 10
2436963.111611506
 20
414230.0655053504
 10
2436963.322741589
 20
414230.4650551029
 10
2436965.887500823
 20
414237.0210009173
 10
2436966.02421332
 20
414237.8041622374
 10
2436965.845027245
 20
414238.5787100478
 10
2436965.378255431
 20
414239.2222596059
 10
2436964.753604571
 20
414239.6121935553
 10
2436954.047813479
 20
414243.8004186167
  0
LINE
  5
76
330
17
100
AcDbEntity
  8
P-U-STM
100
AcDbLine
 10
2436256.832338001
 20
412919.0346525225
 30
0.0
 11
2436255.662641904
 21
412943.1793004668
 31
0.0
  0
LINE
  5
77
330
17
100
AcDbEntity
  8
P-U-STM
100
AcDbLine
 10
2436264.402968489
 20
412919.4014144216
 30
0.0
 11
2436263.241641904
 21
412943.3733004668
 31
0.0
  0
LINE
  5
78
330
17
100
AcDbEntity
  8
P-U-STM
100
AcDbLine
 10
2436264.402968489
 20
412919.4014144216
 30
0.0
 11
2436256.832338001
 21
412919.0346525225
 31
0.0
  0
LWPOLYLINE
  5
79
330
17
100
AcDbEntity
  8
P-U-STM
100
AcDbPolyline
 90
2
 70
0
 10
2436609.507082692
 20
413294.8464643871
 10
2436612.414682582
 20
413264.9876991264
  0
LWPOLYLINE
  5
7A
330
17
100
AcDbEntity
  8
P-U-STM
100
AcDbPolyline
 90
2
 70
0
 10
2436499.162439651
 20
413078.9825302306
 10
2436521.289149283
 20
413114.6762283829
  0
LWPOLYLINE
  5
7B
330
17
100
AcDbEntity
  8
P-U-STM
100
AcDbPolyline
 90
2
 70
0
 10
2436540.163432682
 20
414365.1731092161
 10
2436491.847184332
 20
414510.3933796905
  0
LINE
  5
7C
330
17
100
AcDbEntity
  8
P-U-STM
100
AcDbLine
 10
2436456.729895886
 20
414846.4284181067
 30
0.0
 11
2436447.997278995
 21
415112.5398691703
 31
0.0
  0
LINE
  5
7D
330
17
100
AcDbEntity
  8
P-U-STM
100
AcDbLine
 10
2436272.97380193
 20
414814.0050596846
 30
0.0
 11
2436445.467669513
 21
414812.5505342336
 31
0.0
  0
LWPOLYLINE
  5
7E
330
17
100
AcDbEntity
  8
P-U-STM
100
AcDbPolyline
 90
2
 70
0
 10
2436640.747187127
 20
414844.8767233273
 10
2436456.729895886
 20
414846.4284181067
  0
LWPOLYLINE
  5
7F
330
17
100
AcDbEntity
  8
E-SW
100
AcDbPolyline
 90
2
 70
128
 10
2436061.023517039
 20
412911.7526008646
 10
2436080.807769005
 20
412911.7834149249
  0
LWPOLYLINE
  5
80
330
17
100
AcDbEntity
  8
E-SW
100
AcDbPolyline
 90
2
 70
128
 10
2436059.90492468
 20
412905.7508513746
 10
2436074.817121297
 20
412905.7740771871
  0
LWPOLYLINE
  5
81
330
17
100
AcDbEntity
  8
E-SW
100
AcDbPolyline
 90
2
 70
128
 10
2436060.327409426
 20
412903.2569517678
 10
2436067.834559908
 20
412905.7632018168
  0
LWPOLYLINE
  5
82
330
17
100
AcDbEntity
  8
E-SW
100
AcDbPolyline
 90
2
 70
128
 10
2436067.825214893
 20
412911.7631945394
 10
2436062.429905869
 20
412914.2216589978
  0
LWPOLYLINE
  5
83
330
17
100
AcDbEntity
  8
E-CURB
100
AcDbPolyline
 90
2
 70
0
 10
2436058.474300748
 20
412804.8437280483
 10
2436058.320622618
 20
412903.5131953026
  0
LWPOLYLINE
  5
84
330
17
100
AcDbEntity
  8
E-CURB
100
AcDbPolyline
 90
2
 70
0
 10
2436060.474298322
 20
412804.8468430534
 10
2436060.320620192
 20
412903.5163103076
  0
LWPOLYLINE
  5
85
330
17
100
AcDbEntity
  8
E-CURB
100
AcDbPolyline
 90
2
 70
0
 10
2436029.474335923
 20
412804.7985604741
 10
2436029.320224526
 20
412903.7462071445
  0
LWPOLYLINE
  5
86
330
17
100
AcDbEntity
  8
E-CURB
100
AcDbPolyline
 90
2
 70
0
 10
2436029.320224526
 20
412903.7462071445
 42
0.4132983898829423
 10
2435999.36730395
 20
412933.6994451847
  0
LWPOLYLINE
  5
87
330
17
100
AcDbEntity
  8
E-CURB
100
AcDbPolyline
 90
2
 70
0
 10
2436027.320226952
 20
412903.7430921395
 42
0.4132983898829423
 10
2435999.364167748
 20
412931.6994476437
  0
LWPOLYLINE
  5
88
330
17
100
AcDbEntity
  8
E-CURB
100
AcDbPolyline
 90
2
 70
0
 10
2436027.474338348
 20
412804.7954454689
 10
2436027.320226952
 20
412903.7430921395
  0
LWPOLYLINE
  5
89
330
17
100
AcDbEntity
  8
E-SW
100
AcDbPolyline
 90
11
 70
128
 10
2435381.221601469
 20
412056.9789346141
 42
0.3356790492654146
 10
2435463.980892851
 20
412219.3187493373
 10
2435441.696326659
 20
412344.4287422139
 42
-0.1651460696544244
 10
2435467.728448053
 20
412515.4381669842
 10
2435485.117348278
 20
412548.9696624841
 42
-0.1183820234860961
 10
2435545.978516612
 20
412619.1968345978
 10
2435552.341233988
 20
412623.7494039336
 42
-0.1636927193432697
 10
2435734.686144007
 20
412679.4668042464
 10
2435940.312534687
 20
412673.7165854875
 42
0.4228848535360938
 10
2436074.974280735
 20
412804.8694268404
 10
2436074.817121297
 20
412905.7740771871
  0
LWPOLYLINE
  5
8A
330
17
100
AcDbEntity
  8
E-SW
100
AcDbPolyline
 90
11
 70
128
 10
2435383.781569445
 20
412051.552089828
 42
0.3357944575878054
 10
2435469.887919412
 20
412220.3709076931
 10
2435447.60335322
 20
412345.4809005698
 42
-0.1651460696544833
 10
2435473.054832501
 20
412512.6759887294
 10
2435490.443732726
 20
412546.2074842292
 42
-0.1183820234864441
 10
2435549.46989096
 20
412614.3172541685
 10
2435555.832608337
 20
412618.8698235049
 42
-0.1636927193432743
 10
2435734.51842317
 20
412673.4691488944
 10
2435940.144813851
 20
412667.7189301356
 42
0.422884853536643
 10
2436080.974273458
 20
412804.8787718557
 10
2436080.807769005
 20
412911.7834149249
  0
LWPOLYLINE
  5
8B
330
17
100
AcDbEntity
  8
E-SW
100
AcDbPolyline
 90
2
 70
0
 10
2436067.825214893
 20
412911.7631945394
 10
2436067.834559908
 20
412905.7632018168
  0
LWPOLYLINE
  5
8C
330
17
100
AcDbEntity
  8
E-SW
  6
ByBlock
 62
253
100
AcDbPolyline
 90
4
 70
129
 10
2436061.548415348
 20
412909.7535128545
 10
2436063.548414145
 20
412909.7557075468
 10
2436063.546219449
 20
412911.7557063436
 10
2436061.546220656
 20
412911.7535116503
  0
LWPOLYLINE
  5
8D
330
17
100
AcDbEntity
  8
E-SW
  6
ByBlock
 62
253
100
AcDbPolyline
 90
4
 70
129
 10
2436061.550610044
 20
412907.7535140577
 10
2436063.550608841
 20
412907.75570875
 10
2436063.548414145
 20
412909.7557075468
 10
2436061.548415352
 20
412909.7535128535
  0
LWPOLYLINE
  5
8E
330
17
100
AcDbEntity
  8
E-SW
  6
ByBlock
 62
253
100
AcDbPolyline
 90
4
 70
129
 10
2436061.55280474
 20
412905.7535152609
 10
2436063.552803536
 20
412905.7557099533
 10
2436063.550608841
 20
412907.75570875
 10
2436061.550610047
 20
412907.7535140567
  0
LWPOLYLINE
  5
8F
330
17
100
AcDbEntity
  8
E-SW
100
AcDbPolyline
 90
2
 70
128
 10
2436074.817121297
 20
412905.7740771871
 10
2436080.81711402
 20
412905.7834222022
  0
LWPOLYLINE
  5
90
330
17
100
AcDbEntity
  8
E-SW
100
AcDbPolyline
 90
2
 70
128
 10
2436074.817121297
 20
412905.7740771871
 10
2436074.807776282
 20
412911.7740699096
  0
LWPOLYLINE
  5
91
330
17
100
AcDbEntity
  8
E-CURB
100
AcDbPolyline
 90
8
 70
0
 10
2436060.320620192
 20
412903.5163103076
 42
-0.4080121596366395
 10
2436087.682892606
 20
412931.5526577727
 42
-0.1093043133775759
 10
2436088.954501316
 20
412931.3015455627
 10
2436095.692785475
 20
412928.3511275703
 10
2436096.49497507
 20
412930.1832006727
 10
2436089.756690911
 20
412933.1336186651
 42
0.1093043133696846
 10
2436087.637343061
 20
412933.5521390152
 42
0.4080121596349294
 10
2436058.320622618
 20
412903.5131953026
  0
LINE
  5
92
330
17
100
AcDbEntity
  8
P-U-STM
100
AcDbLine
 10
2436386.260108273
 20
413918.5338876647
 30
0.0
 11
2436385.994020938
 21
413948.5847885594
 31
0.0
  0
LINE
  5
93
330
17
100
AcDbEntity
  8
P-U-STM
100
AcDbLine
 10
2436466.240474233
 20
414532.664805693
 30
0.0
 11
2436477.046481589
 21
414504.6785554079
 31
0.0
  0
LINE
  5
94
330
17
100
AcDbEntity
  8
P-U-STM
100
AcDbLine
 10
2436759.434189155
 20
414552.6403408046
 30
0.0
 11
2436762.568706146
 21
414582.4761381498
 31
0.0
  0
LINE
  5
95
330
17
100
AcDbEntity
  8
P-U-STM
100
AcDbLine
 10
2436759.434189155
 20
414552.6403408046
 30
0.0
 11
2436795.166697911
 21
414548.829519638
 31
0.0
  0
LWPOLYLINE
  5
96
330
17
100
AcDbEntity
  8
P-U-STM
100
AcDbPolyline
 90
2
 70
0
 10
2436491.847184332
 20
414510.3933796905
 10
2436477.046481589
 20
414504.6785554079
  0
LWPOLYLINE
  5
97
330
17
100
AcDbEntity
  8
P-U-STM
100
AcDbPolyline
 90
2
 70
0
 10
2436782.469491206
 20
414309.2655120406
 10
2436795.166697911
 20
414548.829519638
  0
LWPOLYLINE
  5
98
330
17
100
AcDbEntity
  8
P-U-STM
100
AcDbPolyline
 90
2
 70
0
 10
2436802.680710659
 20
414206.8744048657
 10
2436782.469491206
 20
414309.2655120406
  0
LINE
  5
99
330
17
100
AcDbEntity
  8
P-U-STM
100
AcDbLine
 10
2436445.467669513
 20
414812.5505342335
 30
0.0
 11
2436458.078080898
 21
414705.8508809145
 31
0.0
  0
LINE
  5
9A
330
17
100
AcDbEntity
  8
P-U-STM
100
AcDbLine
 10
2436458.078080898
 20
414705.8508809145
 30
0.0
 11
2436496.603434728
 21
414545.9984051013
 31
0.0
  0
LINE
  5
9B
330
17
100
AcDbEntity
  8
P-U-STM
100
AcDbLine
 10
2436496.603434728
 20
414545.9984051013
 30
0.0
 11
2436491.847184332
 21
414510.3933796905
 31
0.0
  0
LWPOLYLINE
  5
9C
330
17
100
AcDbEntity
  8
P-U-STM
100
AcDbPolyline
 90
2
 70
0
 10
2436821.1052962
 20
414547.4582511707
 10
2436795.166697911
 20
414548.829519638
  0
LWPOLYLINE
  5
9D
330
17
100
AcDbEntity
  8
P-CONT
  6
HIDDEN2
100
AcDbPolyline
 90
35
 70
129
 38
947.5
 10
2436899.831112339
 20
414185.9237093547
 10
2436900.228522153
 20
414180.329141213
 10
2436901.182328554
 20
414175.5030827245
 10
2436902.873360591
 20
414172.2854610365
 10
2436905.407944504
 20
414170.1322180299
 10
2436909.244839655
 20
414168.7352945
 10
2436914.632781845
 20
414168.1305946932
 10
2436928.588962527
 20
414167.8370090448
 10
2436936.340034785
 20
414167.2187788148
 10
2436944.360707816
 20
414165.938768079
 10
2436958.051966062
 20
414161.8754881925
 10
2436963.745440748
 20
414160.7328551227
 10
2436968.263379399
 20
414160.5867707269
 10
2436970.241495496
 20
414161.3291323888
 10
2436971.79818581
 20
414163.3127274389
 10
2436973.046119266
 20
414167.1754531999
 10
2436973.440477323
 20
414172.4641056389
 10
2436973.104840857
 20
414178.775021843
 10
2436972.42982161
 20
414184.8846194409
 10
2436971.165738355
 20
414189.9008840582
 10
2436969.036429739
 20
414194.0051394186
 10
2436966.112704005
 20
414197.167929961
 10
2436962.128550145
 20
414199.5647991266
 10
2436956.878764696
 20
414201.4572986421
 10
2436951.014695556
 20
414202.8244309606
 10
2436944.928152256
 20
414203.6416800051
 10
2436938.642196403
 20
414203.956439513
 10
2436932.166199462
 20
414203.8489383585
 10
2436925.668638544
 20
414203.4131073192
 10
2436919.408818736
 20
414202.620751624
 10
2436913.558505896
 20
414201.3473348202
 10
2436908.672428833
 20
414199.6004917098
 10
2436905.052284265
 20
414197.1251609508
 10
2436902.087401311
 20
414193.7175066544
 10
2436900.354248933
 20
414190.1665582425
  0
LWPOLYLINE
  5
9E
330
17
100
AcDbEntity
  8
P-CONT
  6
HIDDEN2
100
AcDbPolyline
 90
35
 70
129
 38
946.5
 10
2436902.8442126
 20
414185.8457077356
 10
2436903.207763516
 20
414180.7277909003
 10
2436904.040832568
 20
414176.5126378402
 10
2436905.25859331
 20
414174.1955360434
 10
2436906.940062787
 20
414172.7670521118
 10
2436909.934977788
 20
414171.6766738057
 10
2436914.832036758
 20
414171.1270668299
 10
2436928.739901432
 20
414170.8344975689
 10
2436936.696239734
 20
414170.1998951946
 10
2436945.026691016
 20
414168.8704472749
 10
2436958.775367277
 20
414164.7901269192
 10
2436964.091439756
 20
414163.7232353371
 10
2436967.766015583
 20
414163.6044204901
 10
2436968.40042486
 20
414163.8425061748
 10
2436969.107917906
 20
414164.744021197
 10
2436970.081104075
 20
414167.756322268
 10
2436970.4345353
 20
414172.4961136224
 10
2436970.113609054
 20
414178.5304360173
 10
2436969.470538763
 20
414184.3508636918
 10
2436968.341999165
 20
414188.8292500891
 10
2436966.5594144
 20
414192.2651931082
 10
2436964.199917558
 20
414194.8176193543
 10
2436960.834261122
 20
414196.8424001278
 10
2436956.026589522
 20
414198.5755216548
 10
2436950.473271716
 20
414199.8702062953
 10
2436944.653041673
 20
414200.6516970703
 10
2436938.592021022
 20
414200.9551932963
 10
2436932.291564032
 20
414200.8506060942
 10
2436925.957642036
 20
414200.4257513155
 10
2436919.917205222
 20
414199.6611646887
 10
2436914.385944644
 20
414198.4571948568
 10
2436910.046508346
 20
414196.9057837141
 10
2436907.063079266
 20
414194.8658171798
 10
2436904.610066465
 20
414192.0464749861
 10
2436903.27031024
 20
414189.3015315529
  0
LWPOLYLINE
  5
9F
330
17
100
AcDbEntity
  8
P-CONT
  6
HIDDEN2
100
AcDbPolyline
 90
33
 70
129
 38
945.5
 10
2436905.85731286
 20
414185.7677061165
 10
2436906.187004879
 20
414181.1264405876
 10
2436906.899336582
 20
414177.522192956
 10
2436907.643826028
 20
414176.1056110503
 10
2436908.47218107
 20
414175.4018861937
 10
2436910.62511592
 20
414174.6180531115
 10
2436915.031291671
 20
414174.1235389666
 10
2436928.890840337
 20
414173.831986093
 10
2436937.052444682
 20
414173.1810115743
 10
2436945.692674217
 20
414171.8021264708
 10
2436959.498768492
 20
414167.704765646
 10
2436964.437438764
 20
414166.7136155514
 10
2436966.569289268
 20
414166.644683652
 10
2436967.116088884
 20
414168.3371913359
 10
2436967.428593277
 20
414172.5281216061
 10
2436967.122377251
 20
414178.2858501915
 10
2436966.511255916
 20
414183.8171079427
 10
2436965.518259975
 20
414187.75761612
 10
2436964.082399062
 20
414190.5252467979
 10
2436962.28713111
 20
414192.4673087476
 10
2436959.539972098
 20
414194.120001129
 10
2436955.174414347
 20
414195.6937446674
 10
2436949.931847876
 20
414196.91598163
 10
2436944.377931091
 20
414197.6617141355
 10
2436938.541845641
 20
414197.9539470796
 10
2436932.416928601
 20
414197.85227383
 10
2436926.246645529
 20
414197.4383953118
 10
2436920.425591708
 20
414196.7015777534
 10
2436915.213383391
 20
414195.5670548935
 10
2436911.420587859
 20
414194.2110757185
 10
2436909.073874267
 20
414192.6064734088
 10
2436907.132731619
 20
414190.3754433176
 10
2436906.186371547
 20
414188.4365048634
  0
LWPOLYLINE
  5
A0
330
17
100
AcDbEntity
  8
P-CONT
  6
HIDDEN2
100
AcDbPolyline
 90
30
 70
129
 38
944.5
 10
2436908.87041312
 20
414185.6897044976
 10
2436909.166246242
 20
414181.5250902749
 10
2436909.757840596
 20
414178.5317480719
 10
2436910.021246916
 20
414178.030550065
 10
2436911.315254053
 20
414177.5594324173
 10
2436915.230546584
 20
414177.1200111033
 10
2436929.041779242
 20
414176.8294746171
 10
2436937.408649631
 20
414176.1621279541
 10
2436946.358657417
 20
414174.7338056667
 10
2436960.222169707
 20
414170.6194043727
 10
2436964.218138081
 20
414169.8174467174
 10
2436964.422651253
 20
414172.5601295897
 10
2436964.131145448
 20
414178.0412643657
 10
2436963.551973069
 20
414183.2833521935
 10
2436962.694520785
 20
414186.685982151
 10
2436961.605383724
 20
414188.7853004876
 10
2436960.374344663
 20
414190.1169981409
 10
2436958.245683074
 20
414191.3976021303
 10
2436954.322239172
 20
414192.81196768
 10
2436949.390424035
 20
414193.9617569647
 10
2436944.102820509
 20
414194.6717312007
 10
2436938.49167026
 20
414194.9527008629
 10
2436932.54229317
 20
414194.8539415657
 10
2436926.535649021
 20
414194.4510393082
 10
2436920.933978193
 20
414193.7419908181
 10
2436916.040822139
 20
414192.6769149301
 10
2436912.794667372
 20
414191.5163677229
 10
2436911.084669269
 20
414190.3471296377
 10
2436909.655396773
 20
414188.7044116492
 10
2436909.102432854
 20
414187.5714781737
  0
LWPOLYLINE
  5
A1
330
17
100
AcDbEntity
  8
P-CONT
  6
HIDDEN2
100
AcDbPolyline
 90
27
 70
129
 38
943.5
 10
2436911.88351338
 20
414185.6117028784
 10
2436912.145487606
 20
414181.9237399622
 10
2436912.436267812
 20
414180.4524536675
 10
2436915.429801498
 20
414180.11648324
 10
2436929.192718146
 20
414179.8269631413
 10
2436937.76485458
 20
414179.1432443339
 10
2436947.024640618
 20
414177.6654848626
 10
2436960.945570922
 20
414173.5340430994
 10
2436961.371157914
 20
414173.4486313258
 10
2436961.139913645
 20
414177.7966785398
 10
2436960.592690221
 20
414182.7495964444
 10
2436959.870781595
 20
414185.6143481819
 10
2436959.128368385
 20
414187.0453541775
 10
2436958.461558216
 20
414187.7666875344
 10
2436956.951394051
 20
414188.6752031314
 10
2436953.470063997
 20
414189.9301906925
 10
2436948.849000196
 20
414191.0075322994
 10
2436943.827709926
 20
414191.6817482659
 10
2436938.441494879
 20
414191.9514546461
 10
2436932.66765774
 20
414191.8556093015
 10
2436926.824652513
 20
414191.4636833045
 10
2436921.442364679
 20
414190.7824038828
 10
2436916.868260886
 20
414189.7867749667
 10
2436914.168746885
 20
414188.8216597273
 10
2436913.09546427
 20
414188.0877858666
 10
2436912.178061926
 20
414187.0333799808
 10
2436912.018494161
 20
414186.7064514841
  0
LWPOLYLINE
  5
A2
330
17
100
AcDbEntity
  8
P-CONT
  6
HIDDEN2
100
AcDbPolyline
 90
77
 70
129
 38
943.5
 10
2436795.923324293
 20
413099.2613842534
 10
2436790.182753906
 20
413096.5646720863
 10
2436784.304273859
 20
413093.809219452
 10
2436778.378937045
 20
413091.0526137506
 10
2436772.372294732
 20
413088.294244869
 10
2436766.204697235
 20
413085.5327542259
 10
2436759.800827663
 20
413082.8078637891
 10
2436753.150574159
 20
413080.198143551
 10
2436746.34496959
 20
413077.8046011355
 10
2436739.50311918
 20
413075.6609190333
 10
2436732.661594914
 20
413073.7502653645
 10
2436725.83435986
 20
413072.0487528989
 10
2436719.072955592
 20
413070.5416753982
 10
2436712.651124987
 20
413069.2331320429
 10
2436706.900632799
 20
413068.0101126261
 10
2436701.946275633
 20
413066.7340026702
 10
2436697.948802456
 20
413065.3636339286
 10
2436695.134140037
 20
413063.9851745798
 10
2436693.6981531
 20
413062.9332679168
 10
2436693.673390933
 20
413062.5017611127
 10
2436694.032960819
 20
413059.8968506076
 10
2436694.636492478
 20
413057.9823093904
 10
2436695.071410925
 20
413057.2608644781
 10
2436695.598818132
 20
413056.7581248039
 10
2436696.622260733
 20
413056.1901873402
 10
2436698.853912948
 20
413055.5394884986
 10
2436702.720889014
 20
413055.0253534244
 10
2436707.57616086
 20
413054.8120161333
 10
2436712.724205241
 20
413054.9119107207
 10
2436717.972609293
 20
413055.3128139167
 10
2436723.333484454
 20
413055.9934234685
 10
2436728.805352385
 20
413056.9286451502
 10
2436734.371162384
 20
413058.0915184188
 10
2436740.019336863
 20
413059.4577946615
 10
2436745.747997978
 20
413061.0031356813
 10
2436751.555648585
 20
413062.7013078807
 10
2436757.462384596
 20
413064.5308400994
 10
2436763.589713229
 20
413066.4881380807
 10
2436770.091302724
 20
413068.5125207569
 10
2436777.000222433
 20
413070.4674114491
 10
2436784.167874013
 20
413072.1792652054
 10
2436791.403929898
 20
413073.5837532533
 10
2436798.655028851
 20
413074.6853165088
 10
2436805.873161494
 20
413075.4929722995
 10
2436812.947179162
 20
413076.0344515163
 10
2436819.79779543
 20
413076.389245471
 10
2436826.458035267
 20
413076.6445585245
 10
2436833.186873481
 20
413076.8612503645
 10
2436840.261363883
 20
413076.9571216908
 10
2436847.739528892
 20
413076.777456631
 10
2436855.427938671
 20
413076.1552863034
 10
2436862.516393008
 20
413075.1528026364
 10
2436868.291372237
 20
413074.3033852407
 10
2436872.887815027
 20
413073.9111798838
 10
2436876.923522608
 20
413073.9931427545
 10
2436880.751918265
 20
413074.5129560039
 10
2436884.343498481
 20
413075.4566811774
 10
2436887.619822605
 20
413076.7891473522
 10
2436888.677159922
 20
413077.4009392589
 10
2436887.682606861
 20
413077.865746462
 10
2436883.940012665
 20
413079.0464980616
 10
2436879.392362626
 20
413079.9942605895
 10
2436873.942057027
 20
413080.7524303937
 10
2436867.396093544
 20
413081.5372236218
 10
2436859.852258746
 20
413082.6978220719
 10
2436851.729350409
 20
413084.5769206798
 10
2436843.440671771
 20
413087.346895315
 10
2436835.575405715
 20
413091.0006416714
 10
2436828.736297456
 20
413094.9728418022
 10
2436822.992396813
 20
413098.6377332305
 10
2436818.276807676
 20
413101.5820131467
 10
2436814.57300046
 20
413103.5442300528
 10
2436811.946457091
 20
413104.5137883077
 10
2436810.593586099
 20
413104.7207177607
 10
2436809.081094122
 20
413104.5608916111
 10
2436805.824072724
 20
413103.5834524817
 10
2436801.249646992
 20
413101.7123965786
  0
LINE
  5
A3
330
17
100
AcDbEntity
  8
P-SW
100
AcDbLine
 10
2436875.977065514
 20
414398.7390315764
 30
0.0
 11
2436874.178701022
 21
414381.6213581842
 31
0.0
  0
LINE
  5
A4
330
17
100
AcDbEntity
  8
P-SW
100
AcDbLine
 10
2436879.151333913
 20
414381.0989386814
 30
0.0
 11
2436880.949698404
 21
414398.2166120735
 31
0.0
  0
LINE
  5
A5
330
17
100
AcDbEntity
  8
P-SW
100
AcDbLine
 10
2436886.591828993
 20
414451.9210472953
 30
0.0
 11
2436886.66570157
 21
414452.6242010028
 31
0.0
  0
ARC
  5
A6
330
17
100
AcDbEntity
  8
P-SW
100
AcDbCircle
 10
2436831.96673977
 20
414458.3708154919
 30
0.0
 40
54.999999999806
100
AcDbArc
 50
354.0025673567055
 51
84.00256736245657
  0
LINE
  5
A7
330
17
100
AcDbEntity
  8
P-SW
100
AcDbLine
 10
2436837.713354254
 20
414513.0697772917
 30
0.0
 11
2436819.205018709
 21
414515.0142432493
 31
0.0
  0
ARC
  5
A8
330
17
100
AcDbEntity
  8
P-SW
100
AcDbCircle
 10
2436831.96673977
 20
414458.3708154917
 30
0.0
 40
50.00000000022466
100
AcDbArc
 50
354.0025673569892
 51
84.00256736277774
  0
LINE
  5
A9
330
17
100
AcDbEntity
  8
P-SW
100
AcDbLine
 10
2436881.693068679
 20
414453.1466205018
 30
0.0
 11
2436881.619196102
 21
414452.4434667918
 31
0.0
  0
LWPOLYLINE
  5
AA
330
17
100
AcDbEntity
  8
P-SW
100
AcDbPolyline
 90
7
 70
0
 10
2436598.881548538
 20
413296.6307298191
 42
0.09491804442590915
 10
2436557.007738403
 20
413415.1279804371
 10
2436499.754164711
 20
413513.0806676135
 42
-0.1351587007456346
 10
2436463.411879752
 20
413649.5535298493
 10
2436465.878241085
 20
413942.0421931976
 42
-0.01685466727619003
 10
2436466.63348402
 20
413959.9545514472
 10
2436449.159820424
 20
413960.9627200919
  0
LWPOLYLINE
  5
AB
330
17
100
AcDbEntity
  8
P-SW
100
AcDbPolyline
 90
9
 70
0
 10
2436605.038398748
 20
413296.0251376697
 42
0.01061089385722881
 10
2436602.637708279
 20
413310.2532169345
 10
2436648.126563656
 20
413314.6828505647
 42
0.3836389548633419
 10
2436755.588853629
 20
413432.1192076709
 10
2436759.554462311
 20
413902.4053605245
 42
-0.04005602180284886
 10
2436768.476084264
 20
414002.9497579749
 10
2436787.136859245
 20
414112.5992644455
 42
0.0887476589427434
 10
2436786.335229743
 20
414207.3421188362
 10
2436780.913680349
 20
414234.7771259283
  0
LWPOLYLINE
  5
AC
330
17
100
AcDbEntity
  8
P-SW
100
AcDbPolyline
 90
13
 70
1
 10
2436778.871633704
 20
414214.1628169387
 10
2436780.438156429
 20
414206.2355356611
 42
-0.08874765894273996
 10
2436781.221905719
 20
414113.6059047885
 10
2436762.561130737
 20
414003.9563983177
 42
0.04005602180284513
 10
2436753.554675613
 20
413902.4559527142
 10
2436749.58906693
 20
413432.1697998606
 42
-0.3836389548627868
 10
2436647.545043678
 20
413320.6546036168
 10
2436601.455980698
 20
413316.1665227084
 42
0.08088428894946625
 10
2436562.187774313
 20
413418.1557234857
 10
2436504.934200621
 20
413516.1084106623
 42
-0.1351587007456349
 10
2436469.411666451
 20
413649.5029376597
 10
2436471.878027784
 20
413941.991601008
 42
-0.3556505111540443
 10
2436681.345365437
 20
414194.8431594122
  0
LWPOLYLINE
  5
AD
330
17
100
AcDbEntity
  8
P-SW
100
AcDbPolyline
 90
5
 70
0
 10
2436485.384457644
 20
414557.2079302114
 10
2436386.232331809
 20
414518.9234658697
 42
-0.5294482753735529
 10
2436115.559557509
 20
414706.2435670523
 10
2436121.277282564
 20
415384.3152412399
 10
2436106.777798043
 20
415384.4375056982
  0
LWPOLYLINE
  5
AE
330
17
100
AcDbEntity
  8
P-SW
100
AcDbPolyline
 90
9
 70
0
 10
2436485.583220571
 20
414563.7164060447
 10
2436473.126314243
 20
414558.9065647823
 42
-0.09612817538750737
 10
2436429.321537452
 20
414795.2880205056
 10
2436433.141514325
 20
415248.3035272053
 42
0.01578428836404872
 10
2436430.996613123
 20
415341.0040927216
 10
2436425.490054779
 20
415441.5724189648
 42
-0.2211401357975521
 10
2436482.18921945
 20
415583.2919989157
 10
2436559.092970143
 20
415655.6490195306
 10
2436568.243897888
 20
415645.9230708953
  0
LWPOLYLINE
  5
AF
330
17
100
AcDbEntity
  8
P-SW
100
AcDbPolyline
 90
14
 70
1
 10
2436467.528949915
 20
414556.7453191889
 10
2436384.071130338
 20
414524.5207159268
 42
-0.5294482753739014
 10
2436121.559344207
 20
414706.1929748626
 10
2436128.15409614
 20
415488.2722878293
 42
-0.1529595237631488
 10
2436171.831095855
 20
415623.691298134
 10
2436274.24483519
 20
415768.5001599477
 42
0.04297062520486011
 10
2436320.794265694
 20
415848.0063371161
 42
-0.08618109220376292
 10
2436515.915081615
 20
415701.540096121
 10
2436554.981474423
 20
415660.0188711238
 10
2436478.07772373
 20
415587.6618505089
 42
0.221140135797446
 10
2436419.499028739
 20
415441.2443839299
 10
2436425.005587083
 20
415340.6760576865
 42
-0.01578428836404864
 10
2436427.141727626
 20
415248.3541193949
 10
2436423.321750754
 20
414795.3386126952
 42
0.09611291734779934
  0
LWPOLYLINE
  5
B0
330
17
100
AcDbEntity
  8
P-SW
100
AcDbPolyline
 90
5
 70
0
 10
2437050.784245403
 20
414326.1537442423
 10
2437008.472035405
 20
414326.5204870274
 42
0.05110250750782387
 10
2436858.057884294
 20
414312.423396608
 10
2436843.584086164
 20
414309.5561811603
 10
2436817.398433457
 20
414304.381521812
  0
LWPOLYLINE
  5
B1
330
17
100
AcDbEntity
  8
P-SW
100
AcDbPolyline
 90
5
 70
0
 10
2437050.836248691
 20
414332.1535188762
 10
2437008.524038693
 20
414332.5202616613
 42
0.04270139738016116
 10
2436881.538769561
 20
414322.7634394206
 10
2436880.785518375
 20
414327.2764725588
 42
-0.06761682622060249
 10
2436879.151333924
 20
414381.09893868
  0
LWPOLYLINE
  5
B2
330
17
100
AcDbEntity
  8
P-SW
100
AcDbPolyline
 90
3
 70
0
 10
2436774.681529953
 20
414545.8343704102
 10
2436771.965006248
 20
414519.9772284859
 10
2436786.385641632
 20
414518.4622119399
  0
LWPOLYLINE
  5
B3
330
17
100
AcDbEntity
  8
P-SW
100
AcDbPolyline
 90
4
 70
0
 10
2436768.978691299
 20
414548.9772028361
 10
2436755.541403209
 20
414421.074816172
 42
0.0784141055025977
 10
2436761.791905347
 20
414300.5936160005
 10
2436767.699904522
 20
414270.696589602
  0
LWPOLYLINE
  5
B4
330
17
100
AcDbEntity
  8
P-SW
100
AcDbPolyline
 90
6
 70
0
 10
2436413.010410043
 20
413963.0484133335
 10
2436385.235317778
 20
413964.6509380114
 42
-0.1866084679190055
 10
2436175.758181553
 20
414059.8623065922
 10
2436032.314329478
 20
414206.2570022094
 42
0.1993668291568929
 10
2435904.557872288
 20
414260.5738328419
 10
2435888.77142509
 20
414260.7069493977
  0
LWPOLYLINE
  5
B5
330
17
100
AcDbEntity
  8
P-SW
100
AcDbPolyline
 90
6
 70
0
 10
2436415.885604165
 20
413968.8925031419
 10
2436385.580921817
 20
413970.640976229
 42
-0.1866084679190852
 10
2436180.043794424
 20
414064.0615353694
 10
2436036.599942348
 20
414210.4562309866
 42
0.1993668291569246
 10
2435904.608464478
 20
414266.5736195407
 10
2435888.82201728
 20
414266.7067360964
  0
LWPOLYLINE
  5
B6
330
17
100
AcDbEntity
  8
P-SW
100
AcDbPolyline
 90
6
 70
0
 10
2436778.897584202
 20
414585.9647447342
 10
2436784.456552964
 20
414638.8776068967
 42
0.02406534777321635
 10
2436788.638276232
 20
414712.7414933575
 10
2436793.134723009
 20
415245.9803448796
 42
0.1931957302599953
 10
2436679.31092147
 20
415536.6328172796
 10
2436598.530876656
 20
415622.4888734672
  0
LWPOLYLINE
  5
B7
330
17
100
AcDbEntity
  8
P-SW
100
AcDbPolyline
 90
5
 70
0
 10
2436772.666103917
 20
414584.0757191023
 10
2436774.061398498
 20
414597.3567848914
 10
2436720.224074
 20
414603.0128766811
 42
0.1167754116942455
 10
2436546.084879873
 20
414580.6318793254
 10
2436523.021939258
 20
414571.7404559704
  0
LWPOLYLINE
  5
B8
330
17
100
AcDbEntity
  8
P-SW
100
AcDbPolyline
 90
9
 70
0
 10
2436518.504104556
 20
414576.4277664762
 10
2436543.969433757
 20
414586.2465821432
 42
-0.1167754116942677
 10
2436720.850977398
 20
414608.9800361501
 10
2436774.688301896
 20
414603.3239443605
 10
2436778.489393495
 20
414639.5045102946
 42
0.02406534777322928
 10
2436782.638489534
 20
414712.7920855478
 10
2436787.13493631
 20
415246.0309370701
 42
0.1931957302600725
 10
2436674.941069877
 20
415532.5213215598
 10
2436592.427498167
 20
415620.2198350384
  0
LWPOLYLINE
  5
B9
330
17
100
AcDbEntity
  8
P-SW
100
AcDbPolyline
 90
5
 70
0
 10
2436449.671233948
 20
413966.9431916881
 10
2436467.155816613
 20
413965.9343930518
 42
-0.3305073800997395
 10
2436680.179440376
 20
414200.728787565
 10
2436777.708457702
 20
414220.0489896716
 10
2436774.538067115
 20
414236.0925347455
  0
LWPOLYLINE
  5
BA
330
17
100
AcDbEntity
  8
P-SW
100
AcDbPolyline
 90
6
 70
0
 10
2436785.863222133
 20
414513.4895790492
 10
2436771.442586749
 20
414515.0045955952
 10
2436761.508562678
 20
414420.4479127736
 42
0.07841410550258204
 10
2436767.662157807
 20
414301.8346381863
 10
2436767.88385585
 20
414300.7127656461
 10
2436782.127254343
 20
414303.5274646986
  0
LWPOLYLINE
  5
BB
330
17
100
AcDbEntity
  8
P-SW
100
AcDbPolyline
 90
3
 70
0
 10
2436783.052341041
 20
414297.5942429084
 10
2436769.047046962
 20
414294.8265965662
 10
2436773.097976523
 20
414274.3274231419
  0
LWPOLYLINE
  5
BC
330
17
100
AcDbEntity
  8
P-SW
100
AcDbPolyline
 90
6
 70
0
 10
2436874.178701033
 20
414381.6213581829
 42
0.06761682622058074
 10
2436875.853740095
 20
414326.4533304065
 10
2436876.606991282
 20
414321.9402972683
 42
0.006709358666713142
 10
2436856.891959233
 20
414318.3090247608
 10
2436842.418161104
 20
414315.4418093131
 10
2436814.73437758
 20
414309.971098142
  0
LWPOLYLINE
  5
BD
330
17
100
AcDbEntity
  8
P-U-STM
100
AcDbPolyline
 90
2
 70
0
 10
2436772.551103948
 20
413546.1661363907
 10
2436802.55003744
 20
413545.9131754426
  0
LINE
  5
BE
330
17
100
AcDbEntity
  8
P-U-STM
100
AcDbLine
 10
2436298.44018562
 20
413215.5718176095
 30
0.0
 11
2436499.162439651
 21
413078.9825302306
 31
0.0
  0
LWPOLYLINE
  5
BF
330
17
100
AcDbEntity
  8
P-U-STM
100
AcDbPolyline
 90
2
 70
0
 10
2436557.551348845
 20
413282.0104609229
 10
2436609.507082692
 20
413294.8464643871
  0
LINE
  5
C0
330
17
100
AcDbEntity
  8
P-U-STM
100
AcDbLine
 10
2436486.006681265
 20
413498.9488402467
 30
0.0
 11
2436463.291196426
 21
413485.6715864757
 31
0.0
  0
LINE
  5
C1
330
17
100
AcDbEntity
  8
P-U-STM
100
AcDbLine
 10
2436423.966777491
 20
413606.9072875553
 30
0.0
 11
2436423.898028263
 21
413741.0336891507
 31
0.0
  0
LWPOLYLINE
  5
C2
330
17
100
AcDbEntity
  8
P-U-STM
100
AcDbPolyline
 90
2
 70
0
 10
2436423.966777491
 20
413606.9072875553
 10
2436463.291196426
 20
413485.6715864757
  0
LWPOLYLINE
  5
C3
330
17
100
AcDbEntity
  8
P-U-STM
100
AcDbPolyline
 90
2
 70
0
 10
2436423.898028263
 20
413741.0336891507
 10
2436415.182148483
 20
413741.1071843373
  0
LWPOLYLINE
  5
C4
330
17
100
AcDbEntity
  8
P-U-STM
100
AcDbPolyline
 90
3
 70
0
 10
2436423.898028263
 20
413741.0336891507
 10
2436423.807864923
 20
413916.9379757482
 10
2436386.260108273
 20
413918.5338876647
  0
LINE
  5
C5
330
17
100
AcDbEntity
  8
P-U-STM
100
AcDbLine
 10
2436386.260108273
 20
413918.5338876647
 30
0.0
 11
2436304.70683833
 21
413938.9335552123
 31
0.0
  0
LINE
  5
C6
330
17
100
AcDbEntity
  8
P-U-STM
100
AcDbLine
 10
2436304.70683833
 20
413938.9335552123
 30
0.0
 11
2436198.935863453
 21
413980.9069332105
 31
0.0
  0
LWPOLYLINE
  5
C7
330
17
100
AcDbEntity
  8
P-U-STM
100
AcDbPolyline
 90
2
 70
0
 10
2436764.206549154
 20
414236.7435180901
 10
2436795.563011898
 20
414242.9330434041
  0
LWPOLYLINE
  5
C8
330
17
100
AcDbEntity
  8
P-U-WAT
100
AcDbPolyline
 90
14
 70
0
 10
2436305.54865428
 20
415886.6581872448
 10
2436235.573495002
 20
415764.0439115347
 10
2436154.033228281
 20
415648.749290982
 10
2436108.622879976
 20
415556.2078790783
 10
2436098.587865782
 20
415421.2446370631
 10
2436095.217804918
 20
415021.5851937206
 10
2436097.896252143
 20
414656.9717287113
 10
2436147.017435518
 20
414548.4752468826
 10
2436251.772974019
 20
414491.8126103583
 10
2436343.524360768
 20
414484.637347316
 10
2436512.943962477
 20
414543.1807580751
 10
2436640.516407582
 20
414579.9832113977
 10
2436808.456757355
 20
414570.6263368787
 10
2436815.935270609
 20
414570.3249326237
  0
LINE
  5
C9
330
17
100
AcDbEntity
  8
P-U-SAN
100
AcDbLine
 10
2436329.855598686
 20
412952.5774526289
 30
0.0
 11
2436430.94431745
 21
412993.8845959699
 31
0.0
  0
LINE
  5
CA
330
17
100
AcDbEntity
  8
P-U-SAN
100
AcDbLine
 10
2436430.94431745
 20
412993.8845959699
 30
0.0
 11
2436510.549695524
 21
413068.6362062009
 31
0.0
  0
LINE
  5
CB
330
17
100
AcDbEntity
  8
P-U-SAN
100
AcDbLine
 10
2436510.549695524
 20
413068.6362062009
 30
0.0
 11
2436559.412620204
 21
413171.776446658
 31
0.0
  0
LINE
  5
CC
330
17
100
AcDbEntity
  8
P-U-SAN
100
AcDbLine
 10
2436559.412620204
 20
413171.776446658
 30
0.0
 11
2436567.375674581
 21
413275.672822327
 31
0.0
  0
LINE
  5
CD
330
17
100
AcDbEntity
  8
P-U-SAN
100
AcDbLine
 10
2436567.375674581
 20
413275.672822327
 30
0.0
 11
2436546.236365068
 21
413360.4881471654
 31
0.0
  0
LINE
  5
CE
330
17
100
AcDbEntity
  8
P-U-SAN
100
AcDbLine
 10
2436546.236365068
 20
413360.4881471654
 30
0.0
 11
2436465.623683494
 21
413504.4093275184
 31
0.0
  0
LINE
  5
CF
330
17
100
AcDbEntity
  8
P-U-SAN
100
AcDbLine
 10
2436465.623683494
 20
413504.4093275184
 30
0.0
 11
2436304.463813644
 21
413417.6722448768
 31
0.0
  0
LINE
  5
D0
330
17
100
AcDbEntity
  8
P-U-SAN
100
AcDbLine
 10
2436304.463813644
 20
413417.6722448768
 30
0.0
 11
2436227.674662341
 21
413419.5232559566
 31
0.0
  0
LINE
  5
D1
330
17
100
AcDbEntity
  8
P-U-SAN
100
AcDbLine
 10
2436227.674662341
 20
413419.5232559566
 30
0.0
 11
2436161.869685743
 21
413459.1427594238
 31
0.0
  0
LINE
  5
D2
330
17
100
AcDbEntity
  8
P-U-SAN
100
AcDbLine
 10
2436161.869685743
 20
413459.1427594238
 30
0.0
 11
2436075.421524541
 21
413587.5273219081
 31
0.0
  0
LINE
  5
D3
330
17
100
AcDbEntity
  8
P-U-SAN
100
AcDbLine
 10
2436567.375674572
 20
413275.6728223611
 30
0.0
 11
2436696.728738924
 21
413295.7046329115
 31
0.0
  0
LINE
  5
D4
330
17
100
AcDbEntity
  8
P-U-SAN
100
AcDbLine
 10
2436696.728738924
 20
413295.7046329115
 30
0.0
 11
2436756.867175075
 21
413343.4892381445
 31
0.0
  0
LINE
  5
D5
330
17
100
AcDbEntity
  8
P-U-SAN
100
AcDbLine
 10
2436756.867175075
 20
413343.4892381445
 30
0.0
 11
2436785.467071816
 21
413414.7777078043
 31
0.0
  0
LINE
  5
D6
330
17
100
AcDbEntity
  8
P-U-SAN
100
AcDbLine
 10
2436785.467071816
 20
413414.7777078043
 30
0.0
 11
2436788.411362377
 21
413648.1219442795
 31
0.0
  0
LINE
  5
D7
330
17
100
AcDbEntity
  8
P-U-SAN
100
AcDbLine
 10
2436788.411362377
 20
413648.1219442795
 30
0.0
 11
2437110.919362709
 21
413645.3050793438
 31
0.0
  0
LINE
  5
D8
330
17
100
AcDbEntity
  8
P-U-SAN
100
AcDbLine
 10
2436465.623683379
 20
413504.4093274567
 30
0.0
 11
2436431.96612911
 21
413608.1742984086
 31
0.0
  0
LINE
  5
D9
330
17
100
AcDbEntity
  8
P-U-SAN
100
AcDbLine
 10
2436431.96612911
 20
413608.1742984086
 30
0.0
 11
2436431.732242847
 21
413924.8714391794
 31
0.0
  0
LINE
  5
DA
330
17
100
AcDbEntity
  8
P-U-SAN
100
AcDbLine
 10
2436431.732242847
 20
413924.8714391794
 30
0.0
 11
2436306.948268226
 21
413946.7338441195
 31
0.0
  0
LINE
  5
DB
330
17
100
AcDbEntity
  8
P-U-SAN
100
AcDbLine
 10
2436306.948268226
 20
413946.7338441195
 30
0.0
 11
2436200.738245895
 21
413997.9142227407
 31
0.0
  0
LINE
  5
DC
330
17
100
AcDbEntity
  8
P-U-SAN
100
AcDbLine
 10
2436200.738245895
 20
413997.9142227407
 30
0.0
 11
2435978.37908527
 21
414209.2828799616
 31
0.0
  0
LINE
  5
DD
330
17
100
AcDbEntity
  8
P-U-SAN
100
AcDbLine
 10
2435978.37908527
 20
414209.2828799616
 30
0.0
 11
2435904.296479305
 21
414229.5749348986
 31
0.0
  0
LINE
  5
DE
330
17
100
AcDbEntity
  8
P-U-SAN
100
AcDbLine
 10
2436788.411362377
 20
413648.1219442857
 30
0.0
 11
2436790.496033796
 21
413895.3455560076
 31
0.0
  0
LINE
  5
DF
330
17
100
AcDbEntity
  8
P-U-SAN
100
AcDbLine
 10
2436790.496033796
 20
413895.3455560076
 30
0.0
 11
2436821.148403618
 21
414135.817266591
 31
0.0
  0
LINE
  5
E0
330
17
100
AcDbEntity
  8
P-U-SAN
100
AcDbLine
 10
2436821.148403618
 20
414135.817266591
 30
0.0
 11
2436807.402891853
 21
414260.5920682948
 31
0.0
  0
LINE
  5
E1
330
17
100
AcDbEntity
  8
P-U-SAN
100
AcDbLine
 10
2436807.402891853
 20
414260.5920682948
 30
0.0
 11
2436636.210588563
 21
414224.1397544431
 31
0.0
  0
LINE
  5
E2
330
17
100
AcDbEntity
  8
P-U-SAN
100
AcDbLine
 10
2436636.210588563
 20
414224.1397544431
 30
0.0
 11
2436540.864925445
 21
414171.1378250003
 31
0.0
  0
LINE
  5
E3
330
17
100
AcDbEntity
  8
P-U-SAN
100
AcDbLine
 10
2436540.864925445
 20
414171.1378250003
 30
0.0
 11
2436470.774217055
 21
414087.5477981
 31
0.0
  0
LINE
  5
E4
330
17
100
AcDbEntity
  8
P-U-SAN
100
AcDbLine
 10
2436470.774217055
 20
414087.5477981
 30
0.0
 11
2436435.206012614
 21
413984.4221328582
 31
0.0
  0
LINE
  5
E5
330
17
100
AcDbEntity
  8
P-U-SAN
100
AcDbLine
 10
2436466.067746229
 20
414706.9668547466
 30
0.0
 11
2436462.614321745
 21
415067.0612814259
 31
0.0
  0
LINE
  5
E6
330
17
100
AcDbEntity
  8
P-U-SAN
100
AcDbLine
 10
2436824.065103981
 20
415237.5934446274
 30
0.0
 11
2436821.219153886
 21
414900.0889136944
 31
0.0
  0
LINE
  5
E7
330
17
100
AcDbEntity
  8
P-U-SAN
100
AcDbLine
 10
2436821.219153886
 20
414900.0889136944
 30
0.0
 11
2436821.219153886
 21
414900.0889136944
 31
0.0
  0
LINE
  5
E8
330
17
100
AcDbEntity
  8
P-U-SAN
100
AcDbLine
 10
2436821.219153886
 20
414900.0889136944
 30
0.0
 11
2436807.61988099
 21
414562.6605566032
 31
0.0
  0
LINE
  5
E9
330
17
100
AcDbEntity
  8
P-U-SAN
100
AcDbLine
 10
2436807.619880993
 20
414562.6605566794
 30
0.0
 11
2436641.428178936
 21
414571.920004403
 31
0.0
  0
LINE
  5
EA
330
17
100
AcDbEntity
  8
P-U-SAN
100
AcDbLine
 10
2436641.428178936
 20
414571.920004403
 30
0.0
 11
2436515.360717125
 21
414535.5517128414
 31
0.0
  0
LINE
  5
EB
330
17
100
AcDbEntity
  8
P-U-SAN
100
AcDbLine
 10
2436515.360717125
 20
414535.5517128414
 30
0.0
 11
2436344.562070298
 21
414476.5317692374
 31
0.0
  0
LINE
  5
EC
330
17
100
AcDbEntity
  8
P-U-SAN
100
AcDbLine
 10
2436344.562070298
 20
414476.5317692374
 30
0.0
 11
2436249.458522074
 21
414483.9691824357
 31
0.0
  0
LINE
  5
ED
330
17
100
AcDbEntity
  8
P-U-SAN
100
AcDbLine
 10
2436249.458522074
 20
414483.9691824357
 30
0.0
 11
2436165.552611744
 21
414529.3541822868
 31
0.0
  0
LINE
  5
EE
330
17
100
AcDbEntity
  8
P-U-SAN
100
AcDbLine
 10
2436087.217557147
 20
415021.5895389463
 30
0.0
 11
2436089.908925659
 21
414655.2171162117
 31
0.0
  0
LINE
  5
EF
330
17
100
AcDbEntity
  8
P-U-SAN
100
AcDbLine
 10
2436089.908925659
 20
414655.2171162117
 30
0.0
 11
2436129.253457381
 21
414568.3148272653
 31
0.0
  0
LWPOLYLINE
  5
F0
330
17
100
AcDbEntity
  8
P-U-WAT
100
AcDbPolyline
 90
4
 70
0
 10
2437168.919798118
 20
413665.2681994546
 10
2437080.09319792
 20
413665.3246865202
 10
2437012.859904394
 20
413638.1612498529
 10
2436796.310182444
 20
413640.0526488816
  0
LWPOLYLINE
  5
F1
330
17
100
AcDbEntity
  8
P-U-WAT
100
AcDbPolyline
 90
7
 70
0
 10
2436111.525228964
 20
413607.1973840552
 10
2436096.16193614
 20
413571.0488489828
 10
2436167.515173394
 20
413465.0818275982
 10
2436229.98576865
 20
413427.4698703687
 10
2436302.538277122
 20
413425.7209840381
 10
2436463.114803876
 20
413512.1441083825
 10
2436470.724499259
 20
413514.6124147192
  0
LWPOLYLINE
  5
F2
330
17
100
AcDbEntity
  8
P-U-WAT
100
AcDbPolyline
 90
12
 70
0
 10
2436815.608437412
 20
414562.2154704751
 10
2436796.719629886
 20
414382.4229745344
 10
2436798.893974863
 20
414339.1038408086
 10
2436815.279400606
 20
414262.1523807521
 10
2436829.204372352
 20
414135.7485321198
 10
2436798.491752943
 20
413894.8041559135
 10
2436796.410936823
 20
413648.0377485076
 10
2436793.447603107
 20
413413.1842825763
 10
2436763.50298699
 20
413338.5439481424
 10
2436700.046568155
 20
413288.1229508966
 10
2436581.53258799
 20
413269.7768321712
 10
2436574.829047169
 20
413270.3531285551
  0
LWPOLYLINE
  5
F3
330
17
100
AcDbEntity
  8
P-U-WAT
100
AcDbPolyline
 90
2
 70
0
 10
2436841.12155749
 20
414947.7282113148
 10
2436829.621966319
 20
414947.8251796799
  0
LWPOLYLINE
  5
F4
330
17
100
AcDbEntity
  8
P-U-WAT
100
AcDbPolyline
 90
2
 70
0
 10
2436828.733922724
 20
414577.0022463941
 10
2436816.224703182
 20
414577.5064016812
  0
LWPOLYLINE
  5
F5
330
17
100
AcDbEntity
  8
P-U-WAT
100
AcDbPolyline
 90
2
 70
0
 10
2436517.295988862
 20
414584.7166702638
 10
2436506.20461014
 20
414581.5169985213
  0
LWPOLYLINE
  5
F6
330
17
100
AcDbEntity
  8
P-U-WAT
100
AcDbPolyline
 90
2
 70
0
 10
2436261.346796038
 20
414500.900659912
 10
2436260.582205255
 20
414491.1236992306
  0
LWPOLYLINE
  5
F7
330
17
100
AcDbEntity
  8
P-U-WAT
100
AcDbPolyline
 90
2
 70
0
 10
2436104.78591608
 20
414687.008901867
 10
2436097.675983017
 20
414686.9566723628
  0
LWPOLYLINE
  5
F8
330
17
100
AcDbEntity
  8
P-U-WAT
100
AcDbPolyline
 90
2
 70
0
 10
2436167.544090218
 20
414051.8137847692
 10
2436161.897128011
 20
414045.8731983409
  0
LWPOLYLINE
  5
F9
330
17
100
AcDbEntity
  8
P-U-WAT
100
AcDbPolyline
 90
8
 70
0
 10
2435893.113037631
 20
414249.1699306396
 10
2435893.018320448
 20
414237.9373096997
 10
2435904.399720651
 20
414237.8413379603
 10
2435982.432760733
 20
414216.4672149039
 10
2436205.34095547
 20
414004.5766605738
 10
2436309.421658823
 20
413954.422356038
 10
2436432.427540444
 20
413932.8714765906
 10
2436439.799698049
 20
413932.8752553407
  0
LWPOLYLINE
  5
FA
330
17
100
AcDbEntity
  8
P-U-WAT
100
AcDbPolyline
 90
2
 70
0
 10
2436451.865259942
 20
413956.4808826434
 10
2436436.948005163
 20
413951.788804788
  0
LWPOLYLINE
  5
FB
330
17
100
AcDbEntity
  8
P-U-WAT
100
AcDbPolyline
 90
2
 70
0
 10
2436449.598283537
 20
413731.0160875893
 10
2436439.903167638
 20
413731.0111181595
  0
LWPOLYLINE
  5
FC
330
17
100
AcDbEntity
  8
P-U-WAT
100
AcDbPolyline
 90
2
 70
0
 10
2436406.608879203
 20
413492.5017530331
 10
2436411.103195958
 20
413484.1511896832
  0
LWPOLYLINE
  5
FD
330
17
100
AcDbEntity
  8
P-U-WAT
100
AcDbPolyline
 90
2
 70
0
 10
2436496.859580189
 20
414156.2500149502
 10
2436509.238025983
 20
414145.8706184287
  0
LWPOLYLINE
  5
FE
330
17
100
AcDbEntity
  8
P-U-WAT
100
AcDbPolyline
 90
2
 70
0
 10
2436747.211322561
 20
414268.5472329265
 10
2436749.776374011
 20
414256.5008902025
  0
LWPOLYLINE
  5
FF
330
17
100
AcDbEntity
  8
P-U-WAT
100
AcDbPolyline
 90
2
 70
0
 10
2436809.943328368
 20
413889.0129441903
 10
2436798.443737196
 20
413889.1099125537
  0
LWPOLYLINE
  5
100
330
17
100
AcDbEntity
  8
P-U-WAT
100
AcDbPolyline
 90
2
 70
0
 10
2436795.224074976
 20
413553.9752347975
 10
2436807.117333718
 20
413553.8749468987
  0
LWPOLYLINE
  5
101
330
17
100
AcDbEntity
  8
P-U-WAT
100
AcDbPolyline
 90
2
 70
0
 10
2436621.625328697
 20
413261.3633320288
 10
2436619.415112159
 20
413275.6410963285
  0
LWPOLYLINE
  5
102
330
17
100
AcDbEntity
  8
P-U-WAT
100
AcDbPolyline
 90
15
 70
0
 10
2436333.293242525
 20
412933.6909644527
 10
2436329.098030614
 20
412943.9532773099
 10
2436435.267404179
 20
412987.153257227
 10
2436516.99382682
 20
413063.8956172253
 10
2436567.27610154
 20
413169.6891185494
 10
2436575.343559973
 20
413276.3917562179
 10
2436548.188162805
 20
413376.040924667
 10
2436472.978896688
 20
413507.6621924356
 10
2436439.965480729
 20
413609.4413092619
 10
2436439.794642362
 20
413942.7386539452
 10
2436426.712147469
 20
413984.3310817509
 10
2436463.693686407
 20
414091.5545377695
 10
2436535.685159769
 20
414177.4114128569
 10
2436633.371688101
 20
414231.7146114793
 10
2436813.58949525
 20
414270.0887436199
  0
LWPOLYLINE
  5
103
330
17
100
AcDbEntity
  8
P-U-WAT
100
AcDbPolyline
 90
2
 70
0
 10
2436480.885295368
 20
414921.2273981557
 10
2436472.014100664
 20
414921.1423204685
  0
LWPOLYLINE
  5
104
330
17
100
AcDbEntity
  8
P-U-WAT
100
AcDbPolyline
 90
6
 70
0
 10
2436592.394382392
 20
415632.0583040705
 10
2436483.403513506
 20
415522.1929893162
 10
2436464.238576052
 20
415451.1687687042
 10
2436470.613684964
 20
415067.1660400332
 10
2436474.207506999
 20
414692.4321227972
 10
2436516.932056834
 20
414544.3312546128
  0
LWPOLYLINE
  5
105
330
17
100
AcDbEntity
  8
P-U-WAT
100
AcDbPolyline
 90
19
 70
0
 10
2436815.608437412
 20
414562.2154704751
 10
2436829.217795195
 20
414899.8940561383
 10
2436832.069286115
 20
415238.055680006
 10
2436815.273286883
 20
415373.0295772342
 10
2436759.461759162
 20
415497.2650552865
 10
2436613.08034264
 20
415663.9481019586
 10
2436456.208832147
 20
415815.8133086584
 10
2436306.19138321
 20
415904.8842655197
 10
2436102.835702267
 20
415986.7544502275
 10
2436036.734806989
 20
415989.4816250068
 10
2435950.164384608
 20
415958.7049504846
 10
2435760.578229146
 20
415799.253982623
 10
2435677.809256006
 20
415778.0205461627
 10
2435467.596708763
 20
415808.9235315379
 10
2435388.178894826
 20
415810.9285608646
 10
2435181.295452472
 20
415768.0314079056
 10
2435079.267637699
 20
415763.8609958277
 10
2434731.625006923
 20
415806.2589632196
 10
2434713.429883712
 20
415841.6919538963
  0
LWPOLYLINE
  5
106
330
17
100
AcDbEntity
  8
P-SW
100
AcDbPolyline
 90
4
 70
0
 10
2436608.257350078
 20
413262.9690378464
 42
-0.2892686758780829
 10
2436429.467600943
 20
412947.0198126698
 10
2436426.629685739
 20
412952.3062327527
 42
0.2880568537924935
 10
2436602.333003773
 20
413261.1869976654
  0
LWPOLYLINE
  5
107
330
17
100
AcDbEntity
  8
P-SW
100
AcDbPolyline
 90
2
 70
0
 10
2435888.82201728
 20
414266.7067360964
 10
2435888.77142509
 20
414260.7069493977
  0
ARC
  5
108
330
17
100
AcDbEntity
  8
P-CURB
100
AcDbCircle
 10
2435996.631050627
 20
415212.9573547581
 30
0.0
 40
766.4999999975088
100
AcDbArc
 50
43.25521528312013
 51
67.05159888279495
  0
ARC
  5
109
330
17
100
AcDbEntity
  8
P-CURB
100
AcDbCircle
 10
2441669.676645281
 20
418171.0392336455
 30
0.0
 40
5983.500000010577
100
AcDbArc
 50
194.8036894783832
 51
195.7941239754237
  0
ARC
  5
10A
330
17
100
AcDbEntity
  8
P-CURB
100
AcDbCircle
 10
2441425.483789096
 20
418104.1857021538
 30
0.0
 40
5763.330518134332
100
AcDbArc
 50
194.8064691956343
 51
195.8153018242079
  0
ARC
  5
10B
330
17
100
AcDbEntity
  8
P-CURB
100
AcDbCircle
 10
2435416.590929556
 20
415353.7606416106
 30
0.0
 40
466.4999999847076
100
AcDbArc
 50
80.45465065368023
 51
88.31209930674386
  0
ARC
  5
10C
330
17
100
AcDbEntity
  8
P-CURB
100
AcDbCircle
 10
2435416.590929229
 20
415353.7606415012
 30
0.0
 40
466.5000000688525
100
AcDbArc
 50
98.74391640652428
 51
103.8002185213318
  0
ARC
  5
10D
330
17
100
AcDbEntity
  8
P-CURB
100
AcDbCircle
 10
2435416.590929416
 20
415353.7606416027
 30
0.0
 40
433.5000000150577
100
AcDbArc
 50
80.45465063709722
 51
103.8002185459065
  0
LINE
  5
10E
330
17
100
AcDbEntity
  8
P-CURB
100
AcDbLine
 10
2436073.711514946
 20
415376.7160471422
 30
0.0
 11
2436068.061246144
 21
414706.6440885537
 31
0.0
  0
ARC
  5
10F
330
17
100
AcDbEntity
  8
P-CURB
100
AcDbCircle
 10
2436314.552483018
 20
414704.5655927633
 30
0.0
 40
246.5000000007649
100
AcDbArc
 50
179.5168744512771
 51
291.1124942725687
  0
LINE
  5
110
330
17
100
AcDbEntity
  8
P-CURB
100
AcDbLine
 10
2436403.341843456
 20
414474.6119029184
 30
0.0
 11
2436560.288926442
 21
414535.2120660668
 31
0.0
  0
ARC
  5
111
330
17
100
AcDbEntity
  8
P-CURB
100
AcDbCircle
 10
2436680.415708212
 20
414224.0982503919
 30
0.0
 40
333.5000000035025
100
AcDbArc
 50
84.00256736230604
 51
111.1124942725453
  0
LINE
  5
112
330
17
100
AcDbEntity
  8
P-CURB
100
AcDbLine
 10
2436715.261088764
 20
414555.7728642178
 30
0.0
 11
2436761.142200636
 21
414550.9526436258
 31
0.0
  0
ARC
  5
113
330
17
100
AcDbEntity
  8
P-CURB
100
AcDbCircle
 10
2436758.164409494
 20
414522.6086361472
 30
0.0
 40
28.50000000050808
100
AcDbArc
 50
354.0025673620619
 51
84.00256736312159
  0
LINE
  5
114
330
17
100
AcDbEntity
  8
P-CURB
100
AcDbLine
 10
2436786.508416973
 20
414519.6308450054
 30
0.0
 11
2436775.929198062
 21
414418.9328962275
 31
0.0
  0
ARC
  5
115
330
17
100
AcDbEntity
  8
P-CURB
100
AcDbCircle
 10
2437140.423188976
 20
414380.6395469847
 30
0.0
 40
366.5000000113004
100
AcDbArc
 50
174.002567362365
 51
192.3722769136362
  0
ARC
  5
116
330
17
100
AcDbEntity
  8
P-CURB
100
AcDbCircle
 10
2436754.596643033
 20
414296.0057685359
 30
0.0
 40
28.49999999990681
100
AcDbArc
 50
281.2050518941253
 51
12.37227691354994
  0
LINE
  5
117
330
17
100
AcDbEntity
  8
P-CURB
100
AcDbLine
 10
2436760.13478707
 20
414268.0490348102
 30
0.0
 11
2436670.366237783
 21
414250.266157851
 31
0.0
  0
ARC
  5
118
330
17
100
AcDbEntity
  8
P-CURB
100
AcDbCircle
 10
2436731.868784729
 20
413939.79927279
 30
0.0
 40
316.5000000004366
100
AcDbArc
 50
101.2050518943883
 51
173.5643501480756
  0
ARC
  5
119
330
17
100
AcDbEntity
  8
P-CURB
100
AcDbCircle
 10
2436389.042847073
 20
413978.4693706717
 30
0.0
 40
28.49999999917378
100
AcDbArc
 50
267.2624585052935
 51
353.564350148282
  0
ARC
  5
11A
330
17
100
AcDbEntity
  8
P-CURB
100
AcDbCircle
 10
2436403.609932508
 20
414283.1213032528
 30
0.0
 40
333.5000000051338
100
AcDbArc
 50
224.4166923588286
 51
267.2624585057446
  0
LINE
  5
11B
330
17
100
AcDbEntity
  8
P-CURB
100
AcDbLine
 10
2436165.401283782
 20
414049.7141703806
 30
0.0
 11
2436021.957431707
 21
414196.1088659979
 31
0.0
  0
ARC
  5
11C
330
17
100
AcDbEntity
  8
P-CURB
100
AcDbCircle
 10
2435903.031674548
 20
414079.5802674302
 30
0.0
 40
166.4999999999522
100
AcDbArc
 50
44.41669235839282
 51
89.51687444506216
  0
LINE
  5
11D
330
17
100
AcDbEntity
  8
P-CURB
100
AcDbLine
 10
2435904.435607828
 20
414246.07434832
 30
0.0
 11
2435888.64916063
 21
414246.2074648758
 31
0.0
  0
LINE
  5
11E
330
17
100
AcDbEntity
  8
P-CURB
100
AcDbLine
 10
2435888.64916063
 20
414246.2074648758
 30
0.0
 11
2435888.485873783
 21
414213.207668566
 31
0.0
  0
LINE
  5
11F
330
17
100
AcDbEntity
  8
P-CURB
100
AcDbLine
 10
2435888.485873783
 20
414213.207668566
 30
0.0
 11
2435904.157350781
 21
414213.0755214769
 31
0.0
  0
ARC
  5
120
330
17
100
AcDbEntity
  8
P-CURB
100
AcDbCircle
 10
2435903.031674547
 20
414079.5802674303
 30
0.0
 40
133.499999999848
100
AcDbArc
 50
44.41669235819201
 51
89.5168744447952
  0
LINE
  5
121
330
17
100
AcDbEntity
  8
P-CURB
100
AcDbLine
 10
2435998.386560918
 20
414173.013107723
 30
0.0
 11
2436141.830412995
 21
414026.6184121062
 31
0.0
  0
ARC
  5
122
330
17
100
AcDbEntity
  8
P-CURB
100
AcDbCircle
 10
2436403.60993252
 20
414283.1213032648
 30
0.0
 40
366.5000000216574
100
AcDbArc
 50
224.4166923588182
 51
267.5063351394821
  0
ARC
  5
123
330
17
100
AcDbEntity
  8
P-CURB
100
AcDbCircle
 10
2436386.423907819
 20
413888.4953530645
 30
0.0
 40
28.49999999948083
100
AcDbArc
 50
359.5168744508636
 51
87.50633514082469
  0
LINE
  5
124
330
17
100
AcDbEntity
  8
P-CURB
100
AcDbLine
 10
2436414.922894638
 20
413888.2550401636
 30
0.0
 11
2436412.913675037
 21
413649.9793474451
 31
0.0
  0
ARC
  5
125
330
17
100
AcDbEntity
  8
P-CURB
100
AcDbCircle
 10
2436729.40242341
 20
413647.3106094458
 30
0.0
 40
316.5000000140936
100
AcDbArc
 50
179.5168744519086
 51
201.1774194332162
  0
ARC
  5
126
330
17
100
AcDbEntity
  8
P-CURB
100
AcDbCircle
 10
2436407.701568199
 20
413522.6769070724
 30
0.0
 40
28.50000000101562
100
AcDbArc
 50
300.30638530675
 51
21.1774194316311
  0
LINE
  5
127
330
17
100
AcDbEntity
  8
P-CURB
100
AcDbLine
 10
2436422.083347682
 20
413498.0717364984
 30
0.0
 11
2436336.930747021
 21
413448.2998431746
 31
0.0
  0
ARC
  5
128
330
17
100
AcDbEntity
  8
P-CURB
100
AcDbCircle
 10
2436269.563464185
 20
413563.5556421752
 30
0.0
 40
133.4999999995584
100
AcDbArc
 50
224.6254734403975
 51
300.3063853059655
  0
ARC
  5
129
330
17
100
AcDbEntity
  8
P-CURB
100
AcDbCircle
 10
2436226.86063611
 20
413521.4074693454
 30
0.0
 40
73.50000001196388
100
AcDbArc
 50
194.7614846952006
 51
224.6254734266592
  0
LINE
  5
12A
330
17
100
AcDbEntity
  8
P-CURB
100
AcDbLine
 10
2436155.786512006
 20
413502.6799792674
 30
0.0
 11
2436137.12885287
 21
413573.4890825712
 31
0.0
  0
ARC
  5
12B
330
17
100
AcDbEntity
  8
P-CURB
100
AcDbCircle
 10
2436092.163590692
 20
413561.6410786362
 30
0.0
 40
46.49999999964377
100
AcDbArc
 50
14.76148470801843
 51
231.0244847054137
  0
LINE
  5
12C
330
17
100
AcDbEntity
  8
P-CURB
100
AcDbLine
 10
2436062.915638043
 20
413525.4912893454
 30
0.0
 11
2436121.947057059
 21
413477.7303429637
 31
0.0
  0
ARC
  5
12D
330
17
100
AcDbEntity
  8
P-CURB
100
AcDbCircle
 10
2436056.846775357
 20
413397.2679087318
 30
0.0
 40
103.5000000008525
100
AcDbArc
 50
38.01592646104766
 51
51.02448470789474
  0
ARC
  5
12E
330
17
100
AcDbEntity
  8
P-CURB
100
AcDbCircle
 10
2436269.563464187
 20
413563.5556421767
 30
0.0
 40
166.500000000918
100
AcDbArc
 50
218.0159264601567
 51
300.3063853053304
  0
LINE
  5
12F
330
17
100
AcDbEntity
  8
P-CURB
100
AcDbLine
 10
2436353.583333789
 20
413419.809645668
 30
0.0
 11
2436434.963257928
 21
413467.3764007765
 31
0.0
  0
ARC
  5
130
330
17
100
AcDbEntity
  8
P-CURB
100
AcDbCircle
 10
2436449.34503741
 20
413442.7712302032
 30
0.0
 40
28.49999999998832
100
AcDbArc
 50
30.30638530616239
 51
120.3063853057832
  0
LINE
  5
131
330
17
100
AcDbEntity
  8
P-CURB
100
AcDbLine
 10
2436473.950207983
 20
413457.153009685
 30
0.0
 11
2436513.409102825
 21
413389.644476444
 31
0.0
  0
ARC
  5
132
330
17
100
AcDbEntity
  8
P-CURB
100
AcDbCircle
 10
2436268.652406069
 20
413246.5836173913
 30
0.0
 40
283.4999999996529
100
AcDbArc
 50
270.0750000000155
 51
30.30638530541746
  0
LINE
  5
133
330
17
100
AcDbEntity
  8
P-CURB
100
AcDbLine
 10
2436269.023506595
 20
412963.0838602764
 30
0.0
 11
2436268.778663128
 21
412963.0835397766
 31
0.0
  0
LINE
  5
134
330
17
100
AcDbEntity
  8
P-CURB
100
AcDbLine
 10
2436268.778663128
 20
412963.0835397766
 30
0.0
 11
2436269.066703481
 21
412930.0838885484
 31
0.0
  0
ARC
  5
135
330
17
100
AcDbEntity
  8
P-CURB
100
AcDbCircle
 10
2436268.652406075
 20
413246.5836173841
 30
0.0
 40
316.4999999927642
100
AcDbArc
 50
270.074999998774
 51
358.0671200763281
  0
ARC
  5
136
330
17
100
AcDbEntity
  8
P-CURB
100
AcDbCircle
 10
2436613.456109639
 20
413234.9472088732
 30
0.0
 40
28.49999999901253
100
AcDbArc
 50
95.56183752847808
 51
178.0671200768947
  0
LINE
  5
137
330
17
100
AcDbEntity
  8
P-CURB
100
AcDbLine
 10
2436610.693889746
 20
413263.3130358702
 30
0.0
 11
2436652.730263476
 21
413267.406472235
 31
0.0
  0
ARC
  5
138
330
17
100
AcDbEntity
  8
P-CURB
100
AcDbCircle
 10
2436636.593084104
 20
413433.1226194319
 30
0.0
 40
166.4999999995701
100
AcDbArc
 50
275.561837528782
 51
359.5168744512905
  0
LINE
  5
139
330
17
100
AcDbEntity
  8
P-CURB
100
AcDbLine
 10
2436803.087164993
 20
413431.7186861698
 30
0.0
 11
2436807.052773675
 21
413902.0048390231
 31
0.0
  0
ARC
  5
13A
330
17
100
AcDbEntity
  8
P-CURB
100
AcDbCircle
 10
2437390.532030025
 20
413897.084748585
 30
0.0
 40
583.49999989736
100
AcDbArc
 50
170.3416155667518
 51
179.5168744514837
  0
LINE
  5
13B
330
17
100
AcDbEntity
  8
P-CURB
100
AcDbLine
 10
2436815.302799681
 20
413994.9805219272
 30
0.0
 11
2436833.963574663
 21
414104.6300283978
 31
0.0
  0
ARC
  5
13C
330
17
100
AcDbEntity
  8
P-CURB
100
AcDbCircle
 10
2436521.949776143
 20
414157.7303064839
 30
0.0
 40
316.4999999990347
100
AcDbArc
 50
350.3416155683061
 51
10.28022851289798
  0
ARC
  5
13D
330
17
100
AcDbEntity
  8
P-CURB
100
AcDbCircle
 10
2436861.411380736
 20
414219.2999337889
 30
0.0
 40
28.49999999985495
100
AcDbArc
 50
101.2050518950891
 51
190.2802285130703
  0
LINE
  5
13E
330
17
100
AcDbEntity
  8
P-CURB
100
AcDbLine
 10
2436855.873236698
 20
414247.2566675146
 30
0.0
 11
2436870.39725785
 21
414250.133831991
 31
0.0
  0
ARC
  5
13F
330
17
100
AcDbEntity
  8
P-CURB
100
AcDbCircle
 10
2437002.049629272
 20
413585.5483197363
 30
0.0
 40
677.4999999998736
100
AcDbArc
 50
89.50339895677473
 51
101.2050518942435
  0
LINE
  5
140
330
17
100
AcDbEntity
  8
P-CURB
100
AcDbLine
 10
2437007.921667268
 20
414263.0228721511
 30
0.0
 11
2437088.723743793
 21
414262.3225168964
 31
0.0
  0
LINE
  5
141
330
17
100
AcDbEntity
  8
P-CURB
100
AcDbLine
 10
2437088.723743793
 20
414262.3225168964
 30
0.0
 11
2437088.665309743
 21
414307.324713686
 31
0.0
  0
LINE
  5
142
330
17
100
AcDbEntity
  8
P-CURB
100
AcDbLine
 10
2437088.665309743
 20
414307.324713686
 30
0.0
 11
2437008.311691933
 21
414308.0211819061
 31
0.0
  0
ARC
  5
143
330
17
100
AcDbEntity
  8
P-CURB
100
AcDbCircle
 10
2437002.049629277
 20
413585.5483197408
 30
0.0
 40
722.4999999958741
100
AcDbArc
 50
89.50339895711197
 51
101.2050518945454
  0
LINE
  5
144
330
17
100
AcDbEntity
  8
P-CURB
100
AcDbLine
 10
2436861.652819898
 20
414294.2760431369
 30
0.0
 11
2436847.179618084
 21
414291.4089458176
 31
0.0
  0
ARC
  5
145
330
17
100
AcDbEntity
  8
P-CURB
100
AcDbCircle
 10
2436841.641474047
 20
414319.3656795434
 30
0.0
 40
28.49999999983714
100
AcDbArc
 50
191.5894722067088
 51
281.2050518931843
  0
ARC
  5
146
330
17
100
AcDbEntity
  8
P-CURB
100
AcDbCircle
 10
2437140.423188976
 20
414380.6395469872
 30
0.0
 40
333.5000000117545
100
AcDbArc
 50
174.0025673628564
 51
191.5894722068103
  0
LINE
  5
147
330
17
100
AcDbEntity
  8
P-CURB
100
AcDbLine
 10
2436808.748575142
 20
414415.484927537
 30
0.0
 11
2436831.696565427
 21
414633.9146216602
 31
0.0
  0
ARC
  5
148
330
17
100
AcDbEntity
  8
P-CURB
100
AcDbCircle
 10
2436019.665613843
 20
414719.2257258091
 30
0.0
 40
816.5000005028359
100
AcDbArc
 50
354.0025673632277
 51
359.5168744407422
  0
LINE
  5
149
330
17
100
AcDbEntity
  8
P-CURB
100
AcDbLine
 10
2436836.136587598
 20
414712.34097185
 30
0.0
 11
2436840.633034373
 21
415245.5798233715
 31
0.0
  0
ARC
  5
14A
330
17
100
AcDbEntity
  8
P-CURB
100
AcDbCircle
 10
2436374.14961855
 20
415249.5133661845
 30
0.0
 40
466.4999999967011
100
AcDbArc
 50
359.5168744427162
 51
43.25521528326983
  0
LINE
  5
14B
330
17
100
AcDbEntity
  8
P-CURB
100
AcDbLine
 10
2435888.502737846
 20
414215.2075974655
 30
0.0
 11
2435904.174214845
 21
414215.0754503765
 31
0.0
  0
ARC
  5
14C
330
17
100
AcDbEntity
  8
P-CURB
100
AcDbCircle
 10
2435903.031674548
 20
414079.5802674305
 30
0.0
 40
135.4999999996654
100
AcDbArc
 50
44.4166923583026
 51
89.51687444508292
  0
LINE
  5
14D
330
17
100
AcDbEntity
  8
P-CURB
100
AcDbLine
 10
2435999.815098542
 20
414174.4128506488
 30
0.0
 11
2436143.258950618
 21
414028.018155032
 31
0.0
  0
ARC
  5
14E
330
17
100
AcDbEntity
  8
P-CURB
100
AcDbCircle
 10
2436403.609932518
 20
414283.1213032644
 30
0.0
 40
364.500000019755
100
AcDbArc
 50
224.4166923590291
 51
267.5063351398656
  0
ARC
  5
14F
330
17
100
AcDbEntity
  8
P-CURB
100
AcDbCircle
 10
2436386.423907819
 20
413888.495353065
 30
0.0
 40
30.49999999990581
100
AcDbArc
 50
359.5168744498951
 51
87.50633513957209
  0
LINE
  5
150
330
17
100
AcDbEntity
  8
P-CURB
100
AcDbLine
 10
2436416.922823537
 20
413888.2381761004
 30
0.0
 11
2436414.913603937
 21
413649.9624833819
 31
0.0
  0
ARC
  5
151
330
17
100
AcDbEntity
  8
P-CURB
100
AcDbCircle
 10
2436729.40242341
 20
413647.3106094456
 30
0.0
 40
314.5000000140997
100
AcDbArc
 50
179.5168744518721
 51
201.1774194331619
  0
ARC
  5
152
330
17
100
AcDbEntity
  8
P-CURB
100
AcDbCircle
 10
2436407.701568201
 20
413522.676907072
 30
0.0
 40
30.49999999976536
100
AcDbArc
 50
300.3063853051717
 51
21.17741943354955
  0
LINE
  5
153
330
17
100
AcDbEntity
  8
P-CURB
100
AcDbLine
 10
2436423.092595365
 20
413496.345057862
 30
0.0
 11
2436337.939994704
 21
413446.5731645378
 31
0.0
  0
ARC
  5
154
330
17
100
AcDbEntity
  8
P-CURB
100
AcDbCircle
 10
2436269.563464186
 20
413563.5556421751
 30
0.0
 40
135.499999999271
100
AcDbArc
 50
224.6254734402808
 51
300.3063853058376
  0
ARC
  5
155
330
17
100
AcDbEntity
  8
P-CURB
100
AcDbCircle
 10
2436226.860636111
 20
413521.407469347
 30
0.0
 40
75.50000001319742
100
AcDbArc
 50
194.7614846961997
 51
224.6254734274772
  0
LINE
  5
156
330
17
100
AcDbEntity
  8
P-CURB
100
AcDbLine
 10
2436153.852522235
 20
413502.1703877007
 30
0.0
 11
2436135.194863099
 21
413572.979491004
 31
0.0
  0
ARC
  5
157
330
17
100
AcDbEntity
  8
P-CURB
100
AcDbCircle
 10
2436092.163590692
 20
413561.6410786365
 30
0.0
 40
44.49999999993744
100
AcDbArc
 50
14.76148470745564
 51
231.0244847069104
  0
LINE
  5
158
330
17
100
AcDbEntity
  8
P-CURB
100
AcDbLine
 10
2436064.173614501
 20
413527.0461189918
 30
0.0
 11
2436123.205033517
 21
413479.2851726107
 31
0.0
  0
ARC
  5
159
330
17
100
AcDbEntity
  8
P-CURB
100
AcDbCircle
 10
2436056.846775357
 20
413397.2679087319
 30
0.0
 40
105.5000000005022
100
AcDbArc
 50
38.01592646117737
 51
51.02448470810447
  0
ARC
  5
15A
330
17
100
AcDbEntity
  8
P-CURB
100
AcDbCircle
 10
2436269.563464186
 20
413563.5556421765
 30
0.0
 40
164.500000000456
100
AcDbArc
 50
218.0159264601986
 51
300.3063853054005
  0
LINE
  5
15B
330
17
100
AcDbEntity
  8
P-CURB
100
AcDbLine
 10
2436352.574086106
 20
413421.5363243051
 30
0.0
 11
2436433.954010245
 21
413469.1030794133
 31
0.0
  0
ARC
  5
15C
330
17
100
AcDbEntity
  8
P-CURB
100
AcDbCircle
 10
2436449.34503741
 20
413442.7712302034
 30
0.0
 40
30.49999999993584
100
AcDbArc
 50
30.30638530573812
 51
120.3063853059821
  0
LINE
  5
15D
330
17
100
AcDbEntity
  8
P-CURB
100
AcDbLine
 10
2436475.67688662
 20
413458.1622573679
 30
0.0
 11
2436515.135781461
 21
413390.6537241269
 31
0.0
  0
ARC
  5
15E
330
17
100
AcDbEntity
  8
P-CURB
100
AcDbCircle
 10
2436268.652406069
 20
413246.5836173914
 30
0.0
 40
285.4999999997427
100
AcDbArc
 50
270.0750000000679
 51
30.30638530539752
  0
LINE
  5
15F
330
17
100
AcDbEntity
  8
P-CURB
100
AcDbLine
 10
2436269.026124588
 20
412961.0838619898
 30
0.0
 11
2436268.781281122
 21
412961.0835414901
 31
0.0
  0
ARC
  5
160
330
17
100
AcDbEntity
  8
P-CURB
100
AcDbCircle
 10
2434964.193737508
 20
415260.6901816429
 30
0.0
 40
1514.50000007737
100
AcDbArc
 50
359.5168744508708
 51
3.13406649495141
  0
LINE
  5
161
330
17
100
AcDbEntity
  8
P-CURB
100
AcDbLine
 10
2436478.639896791
 20
415247.919869767
 30
0.0
 11
2436474.819919918
 21
414794.9043630674
 31
0.0
  0
ARC
  5
162
330
17
100
AcDbEntity
  8
P-CURB
100
AcDbCircle
 10
2437060.299105247
 20
414789.9674085578
 30
0.0
 40
585.499999977517
100
AcDbArc
 50
179.5168744507336
 51
200.7061822417327
  0
ARC
  5
163
330
17
100
AcDbEntity
  8
P-CURB
100
AcDbCircle
 10
2436541.148838936
 20
414593.7328525664
 30
0.0
 40
30.49999999952931
100
AcDbArc
 50
200.7061822418489
 51
290.644855096944
  0
ARC
  5
164
330
17
100
AcDbEntity
  8
P-CURB
100
AcDbCircle
 10
2436680.415708212
 20
414224.0982503903
 30
0.0
 40
364.5000000052935
100
AcDbArc
 50
84.00256736233489
 51
110.6448550949191
  0
LINE
  5
165
330
17
100
AcDbEntity
  8
P-CURB
100
AcDbLine
 10
2436718.500089655
 20
414586.6031881414
 30
0.0
 11
2436764.381201527
 21
414581.7829675492
 31
0.0
  0
ARC
  5
166
330
17
100
AcDbEntity
  8
P-CURB
100
AcDbCircle
 10
2436767.567960469
 20
414612.1160281828
 30
0.0
 40
30.49999999925199
100
AcDbArc
 50
264.0025673612309
 51
354.002567366279
  0
LINE
  5
167
330
17
100
AcDbEntity
  8
P-CURB
100
AcDbLine
 10
2436797.901021102
 20
414608.929269244
 30
0.0
 11
2436800.866241504
 21
414637.1536225523
 31
0.0
  0
ARC
  5
168
330
17
100
AcDbEntity
  8
P-CURB
100
AcDbCircle
 10
2436019.665614749
 20
414719.2257257508
 30
0.0
 40
785.4999995955337
100
AcDbArc
 50
354.0025673606788
 51
359.5168744443398
  0
LINE
  5
169
330
17
100
AcDbEntity
  8
P-CURB
100
AcDbLine
 10
2436805.137689654
 20
414712.602364834
 30
0.0
 11
2436809.634136431
 21
415245.8412163557
 31
0.0
  0
ARC
  5
16A
330
17
100
AcDbEntity
  8
P-CURB
100
AcDbCircle
 10
2436374.149618547
 20
415249.5133661811
 30
0.0
 40
435.5000000006579
100
AcDbArc
 50
359.5168744431425
 51
43.25521528343243
  0
ARC
  5
16B
330
17
100
AcDbEntity
  8
P-CURB
100
AcDbCircle
 10
2434964.193737507
 20
415260.6901816397
 30
0.0
 40
1516.500000078267
100
AcDbArc
 50
359.51687445099
 51
3.13406649506964
  0
LINE
  5
16C
330
17
100
AcDbEntity
  8
P-CURB
100
AcDbLine
 10
2436480.639825691
 20
415247.9030057038
 30
0.0
 11
2436476.819848817
 21
414794.8874990041
 31
0.0
  0
ARC
  5
16D
330
17
100
AcDbEntity
  8
P-CURB
100
AcDbCircle
 10
2437060.299105246
 20
414789.9674085579
 30
0.0
 40
583.4999999765888
100
AcDbArc
 50
179.5168744507434
 51
200.7061822417815
  0
ARC
  5
16E
330
17
100
AcDbEntity
  8
P-CURB
100
AcDbCircle
 10
2436541.148838936
 20
414593.7328525665
 30
0.0
 40
28.49999999945762
100
AcDbArc
 50
200.7061822420848
 51
290.6448550968977
  0
ARC
  5
16F
330
17
100
AcDbEntity
  8
P-CURB
100
AcDbCircle
 10
2436680.415708211
 20
414224.0982503901
 30
0.0
 40
366.5000000051662
100
AcDbArc
 50
84.0025673621999
 51
110.6448550947879
  0
LINE
  5
170
330
17
100
AcDbEntity
  8
P-CURB
100
AcDbLine
 10
2436718.709057454
 20
414588.5922412974
 30
0.0
 11
2436764.590169326
 21
414583.7720207056
 31
0.0
  0
ARC
  5
171
330
17
100
AcDbEntity
  8
P-CURB
100
AcDbCircle
 10
2436767.567960468
 20
414612.1160281834
 30
0.0
 40
28.49999999974629
100
AcDbArc
 50
264.0025673620194
 51
354.0025673653391
  0
LINE
  5
172
330
17
100
AcDbEntity
  8
P-CURB
100
AcDbLine
 10
2436795.911967946
 20
414609.1382370433
 30
0.0
 11
2436798.877188347
 21
414637.3625903516
 31
0.0
  0
ARC
  5
173
330
17
100
AcDbEntity
  8
P-CURB
100
AcDbCircle
 10
2436019.665614748
 20
414719.2257257494
 30
0.0
 40
783.4999995969209
100
AcDbArc
 50
354.0025673607772
 51
359.5168744444386
  0
LINE
  5
174
330
17
100
AcDbEntity
  8
P-CURB
100
AcDbLine
 10
2436803.137760754
 20
414712.6192288975
 30
0.0
 11
2436807.634207531
 21
415245.8580804192
 31
0.0
  0
ARC
  5
175
330
17
100
AcDbEntity
  8
P-CURB
100
AcDbCircle
 10
2436374.149618547
 20
415249.5133661813
 30
0.0
 40
433.5000000006611
100
AcDbArc
 50
359.5168744431216
 51
43.25521528339173
  0
LINE
  5
176
330
17
100
AcDbEntity
  8
P-CURB
100
AcDbLine
 10
2436075.711443845
 20
415376.699183079
 30
0.0
 11
2436070.061175043
 21
414706.6272244905
 31
0.0
  0
ARC
  5
177
330
17
100
AcDbEntity
  8
P-CURB
100
AcDbCircle
 10
2436314.552483017
 20
414704.5655927631
 30
0.0
 40
244.5000000007704
100
AcDbArc
 50
179.5168744512385
 51
291.1124942726897
  0
LINE
  5
178
330
17
100
AcDbEntity
  8
P-CURB
100
AcDbLine
 10
2436402.621442966
 20
414476.4776529374
 30
0.0
 11
2436559.568525951
 21
414537.0778160857
 31
0.0
  0
ARC
  5
179
330
17
100
AcDbEntity
  8
P-CURB
100
AcDbCircle
 10
2436680.415708213
 20
414224.0982503918
 30
0.0
 40
335.5000000036124
100
AcDbArc
 50
84.0025673624033
 51
111.1124942726164
  0
LINE
  5
17A
330
17
100
AcDbEntity
  8
P-CURB
100
AcDbLine
 10
2436715.470056564
 20
414557.7619173742
 30
0.0
 11
2436761.351168435
 21
414552.9416967821
 31
0.0
  0
ARC
  5
17B
330
17
100
AcDbEntity
  8
P-CURB
100
AcDbCircle
 10
2436758.164409494
 20
414522.6086361472
 30
0.0
 40
30.50000000042824
100
AcDbArc
 50
354.0025673618944
 51
84.00256736322224
  0
LINE
  5
17C
330
17
100
AcDbEntity
  8
P-CURB
100
AcDbLine
 10
2436788.497470129
 20
414519.421877206
 30
0.0
 11
2436777.918251218
 21
414418.7239284281
 31
0.0
  0
ARC
  5
17D
330
17
100
AcDbEntity
  8
P-CURB
100
AcDbCircle
 10
2437140.423188975
 20
414380.6395469843
 30
0.0
 40
364.5000000109993
100
AcDbArc
 50
174.0025673623093
 51
192.3722769136014
  0
ARC
  5
17E
330
17
100
AcDbEntity
  8
P-CURB
100
AcDbCircle
 10
2436754.596643032
 20
414296.0057685359
 30
0.0
 40
30.50000000012565
100
AcDbArc
 50
281.2050518954264
 51
12.37227691333137
  0
LINE
  5
17F
330
17
100
AcDbEntity
  8
P-CURB
100
AcDbLine
 10
2436760.523428757
 20
414266.0871587592
 30
0.0
 11
2436670.75487947
 21
414248.3042818002
 31
0.0
  0
ARC
  5
180
330
17
100
AcDbEntity
  8
P-CURB
100
AcDbCircle
 10
2436731.868784728
 20
413939.7992727903
 30
0.0
 40
314.5000000002335
100
AcDbArc
 50
101.2050518943491
 51
173.5643501481119
  0
ARC
  5
181
330
17
100
AcDbEntity
  8
P-CURB
100
AcDbCircle
 10
2436389.042847072
 20
413978.4693706718
 30
0.0
 40
30.49999999997348
100
AcDbArc
 50
267.2624585066978
 51
353.5643501481008
  0
ARC
  5
182
330
17
100
AcDbEntity
  8
P-CURB
100
AcDbCircle
 10
2436403.609932508
 20
414283.1213032518
 30
0.0
 40
335.5000000046163
100
AcDbArc
 50
224.4166923587286
 51
267.2624585057017
  0
LINE
  5
183
330
17
100
AcDbEntity
  8
P-CURB
100
AcDbLine
 10
2436163.972746159
 20
414048.3144274547
 30
0.0
 11
2436020.528894084
 21
414194.7091230722
 31
0.0
  0
ARC
  5
184
330
17
100
AcDbEntity
  8
P-CURB
100
AcDbCircle
 10
2435903.031674548
 20
414079.5802674302
 30
0.0
 40
164.499999999998
100
AcDbArc
 50
44.41669235838873
 51
89.5168744449901
  0
LINE
  5
185
330
17
100
AcDbEntity
  8
P-CURB
100
AcDbLine
 10
2435904.418743765
 20
414244.0744194204
 30
0.0
 11
2435888.632296567
 21
414244.2075359762
 31
0.0
  0
ARC
  5
186
330
17
100
AcDbEntity
  8
P-CURB
100
AcDbCircle
 10
2435416.590929417
 20
415353.7606416025
 30
0.0
 40
435.5000000153781
100
AcDbArc
 50
80.45465063721244
 51
103.8002185460291
  0
ARC
  5
187
330
17
100
AcDbEntity
  8
P-CURB
100
AcDbCircle
 10
2435416.59092923
 20
415353.7606414907
 30
0.0
 40
464.5000000792739
100
AcDbArc
 50
98.74391640634425
 51
103.8002185211409
  0
ARC
  5
188
330
17
100
AcDbEntity
  8
P-CURB
100
AcDbCircle
 10
2435416.590929556
 20
415353.7606416143
 30
0.0
 40
464.4999999810224
100
AcDbArc
 50
80.4546506537445
 51
88.31209930675978
  0
ARC
  5
189
330
17
100
AcDbEntity
  8
P-CURB
100
AcDbCircle
 10
2441425.524375232
 20
418104.19682167
 30
0.0
 40
5761.372598374127
100
AcDbArc
 50
194.8064655892184
 51
195.8152982177919
  0
ARC
  5
18A
330
17
100
AcDbEntity
  8
P-CURB
100
AcDbCircle
 10
2441669.676645284
 20
418171.0392336003
 30
0.0
 40
5985.500000000686
100
AcDbArc
 50
194.8036894779602
 51
195.7941239750009
  0
ARC
  5
18B
330
17
100
AcDbEntity
  8
P-CURB
100
AcDbCircle
 10
2435996.631050627
 20
415212.9573547578
 30
0.0
 40
764.499999997476
100
AcDbArc
 50
43.25521528314238
 51
67.05159888283688
  0
ARC
  5
18C
330
17
100
AcDbEntity
  8
P-CURB
100
AcDbCircle
 10
2436374.14961855
 20
415249.5133661847
 30
0.0
 40
464.4999999967035
100
AcDbArc
 50
359.5168744426878
 51
43.25521528322592
  0
LINE
  5
18D
330
17
100
AcDbEntity
  8
P-CURB
100
AcDbLine
 10
2436838.633105474
 20
415245.596687435
 30
0.0
 11
2436834.136658698
 21
414712.3578359135
 31
0.0
  0
ARC
  5
18E
330
17
100
AcDbEntity
  8
P-CURB
100
AcDbCircle
 10
2436019.665613844
 20
414719.2257258078
 30
0.0
 40
814.5000005018974
100
AcDbArc
 50
354.0025673633197
 51
359.5168744408353
  0
LINE
  5
18F
330
17
100
AcDbEntity
  8
P-CURB
100
AcDbLine
 10
2436829.707512271
 20
414634.1235894596
 30
0.0
 11
2436806.759521985
 21
414415.6938953364
 31
0.0
  0
ARC
  5
190
330
17
100
AcDbEntity
  8
P-CURB
100
AcDbCircle
 10
2437140.423188976
 20
414380.6395469885
 30
0.0
 40
335.5000000114742
100
AcDbArc
 50
174.0025673630737
 51
191.5894722070099
  0
ARC
  5
191
330
17
100
AcDbEntity
  8
P-CURB
100
AcDbCircle
 10
2436841.641474048
 20
414319.3656795435
 30
0.0
 40
30.49999999968911
100
AcDbArc
 50
191.5894722064862
 51
281.205051891994
  0
LINE
  5
192
330
17
100
AcDbEntity
  8
P-CURB
100
AcDbLine
 10
2436847.568259771
 20
414289.4470697667
 30
0.0
 11
2436862.041461585
 21
414292.3141670859
 31
0.0
  0
ARC
  5
193
330
17
100
AcDbEntity
  8
P-CURB
100
AcDbCircle
 10
2437002.049629277
 20
413585.5483197409
 30
0.0
 40
720.4999999957632
100
AcDbArc
 50
89.50339895715283
 51
101.205051894565
  0
LINE
  5
194
330
17
100
AcDbEntity
  8
P-CURB
100
AcDbLine
 10
2437008.294357503
 20
414306.0212570282
 30
0.0
 11
2437088.647975313
 21
414305.324788808
 31
0.0
  0
ARC
  5
195
330
17
100
AcDbEntity
  8
P-CURB
100
AcDbCircle
 10
2436268.652406075
 20
413246.5836173841
 30
0.0
 40
314.4999999928089
100
AcDbArc
 50
270.0749999988034
 51
358.0671200763207
  0
ARC
  5
196
330
17
100
AcDbEntity
  8
P-CURB
100
AcDbCircle
 10
2436613.45610964
 20
413234.947208873
 30
0.0
 40
30.4999999998014
100
AcDbArc
 50
95.56183753002323
 51
178.0671200764462
  0
LINE
  5
197
330
17
100
AcDbEntity
  8
P-CURB
100
AcDbLine
 10
2436610.500049754
 20
413265.3036202212
 30
0.0
 11
2436652.536423484
 21
413269.3970565858
 31
0.0
  0
ARC
  5
198
330
17
100
AcDbEntity
  8
P-CURB
100
AcDbCircle
 10
2436636.593084103
 20
413433.1226194318
 30
0.0
 40
164.4999999995084
100
AcDbArc
 50
275.5618375289696
 51
359.5168744513347
  0
LINE
  5
199
330
17
100
AcDbEntity
  8
P-CURB
100
AcDbLine
 10
2436801.087236093
 20
413431.735550233
 30
0.0
 11
2436805.052844776
 21
413902.0217030863
 31
0.0
  0
ARC
  5
19A
330
17
100
AcDbEntity
  8
P-CURB
100
AcDbCircle
 10
2437390.532030025
 20
413897.0847485854
 30
0.0
 40
585.4999998968868
100
AcDbArc
 50
170.3416155667835
 51
179.5168744515215
  0
LINE
  5
19B
330
17
100
AcDbEntity
  8
P-CURB
100
AcDbLine
 10
2436813.331148506
 20
413995.3160687083
 30
0.0
 11
2436831.991923487
 21
414104.9655751788
 31
0.0
  0
ARC
  5
19C
330
17
100
AcDbEntity
  8
P-CURB
100
AcDbCircle
 10
2436521.949776143
 20
414157.7303064847
 30
0.0
 40
314.4999999991311
100
AcDbArc
 50
350.3416155681593
 51
10.28022851274036
  0
ARC
  5
19D
330
17
100
AcDbEntity
  8
P-CURB
100
AcDbCircle
 10
2436861.411380738
 20
414219.2999337889
 30
0.0
 40
30.50000000098895
100
AcDbArc
 50
101.2050518978307
 51
190.2802285127097
  0
LINE
  5
19E
330
17
100
AcDbEntity
  8
P-CURB
100
AcDbLine
 10
2436855.484595011
 20
414249.2185435662
 30
0.0
 11
2436870.008616163
 21
414252.0957080419
 31
0.0
  0
ARC
  5
19F
330
17
100
AcDbEntity
  8
P-CURB
100
AcDbCircle
 10
2437002.049629274
 20
413585.5483197366
 30
0.0
 40
679.4999999999484
100
AcDbArc
 50
89.50339895692873
 51
101.2050518943843
  0
LINE
  5
1A0
330
17
100
AcDbEntity
  8
P-CURB
100
AcDbLine
 10
2437007.939001698
 20
414265.0227970294
 30
0.0
 11
2437088.741078223
 21
414264.3224417743
 31
0.0
  0
ARC
  5
1A1
330
17
100
AcDbEntity
  8
P-CURB
100
AcDbCircle
 10
2437060.29910627
 20
414789.9674086419
 30
0.0
 40
614.5000009990661
100
AcDbArc
 50
179.5168744593971
 51
200.7617089539667
  0
LINE
  5
1A2
330
17
100
AcDbEntity
  8
P-CURB
100
AcDbLine
 10
2436445.820950874
 20
414795.148891984
 30
0.0
 11
2436449.640927747
 21
415248.1643986838
 31
0.0
  0
ARC
  5
1A3
330
17
100
AcDbEntity
  8
P-CURB
100
AcDbCircle
 10
2434964.193737135
 20
415260.6901816369
 30
0.0
 40
1485.500000449193
100
AcDbArc
 50
359.5168744512229
 51
3.134066494413307
  0
ARC
  5
1A4
330
17
100
AcDbEntity
  8
P-CURB
100
AcDbCircle
 10
2435996.631050626
 20
415212.9573547522
 30
0.0
 40
735.5000000023996
100
AcDbArc
 50
43.25521528339521
 51
62.29401352916103
  0
LINE
  5
1A5
330
17
100
AcDbEntity
  8
P-CURB
100
AcDbLine
 10
2436105.654896019
 20
415488.4620085405
 30
0.0
 11
2436099.060144087
 21
414706.3826955738
 31
0.0
  0
ARC
  5
1A6
330
17
100
AcDbEntity
  8
P-CURB
100
AcDbCircle
 10
2436314.552483017
 20
414704.5655927622
 30
0.0
 40
215.5000000001393
100
AcDbArc
 50
179.5168744510227
 51
291.1124942725963
  0
LINE
  5
1A7
330
17
100
AcDbEntity
  8
P-CURB
100
AcDbLine
 10
2436392.175635855
 20
414503.5310282127
 30
0.0
 11
2436468.169714999
 21
414532.8737436479
 31
0.0
  0
ARC
  5
1A8
330
17
100
AcDbEntity
  8
P-CURB
100
AcDbCircle
 10
2436457.183607525
 20
414561.3264314354
 30
0.0
 40
30.49999999605048
100
AcDbArc
 50
291.1124942665127
 51
20.76170897412469
  0
ARC
  5
1A9
330
17
100
AcDbEntity
  8
P-CURB
100
AcDbCircle
 10
2437060.299106271
 20
414789.9674086424
 30
0.0
 40
616.500001000453
100
AcDbArc
 50
179.5168744594141
 51
200.7617089539675
  0
LINE
  5
1AA
330
17
100
AcDbEntity
  8
P-CURB
100
AcDbLine
 10
2436443.821021975
 20
414795.1657560472
 30
0.0
 11
2436447.640998847
 21
415248.181262747
 31
0.0
  0
ARC
  5
1AB
330
17
100
AcDbEntity
  8
P-CURB
100
AcDbCircle
 10
2434964.193737136
 20
415260.6901816402
 30
0.0
 40
1483.500000448293
100
AcDbArc
 50
359.516874451097
 51
3.134066494287234
  0
ARC
  5
1AC
330
17
100
AcDbEntity
  8
P-CURB
100
AcDbCircle
 10
2435996.631050624
 20
415212.9573547523
 30
0.0
 40
733.5000000038241
100
AcDbArc
 50
43.25521528327466
 51
62.29401352901152
  0
LINE
  5
1AD
330
17
100
AcDbEntity
  8
P-CURB
100
AcDbLine
 10
2436107.654824919
 20
415488.4451444773
 30
0.0
 11
2436101.060072987
 21
414706.3658315106
 31
0.0
  0
ARC
  5
1AE
330
17
100
AcDbEntity
  8
P-CURB
100
AcDbCircle
 10
2436314.552483017
 20
414704.5655927622
 30
0.0
 40
213.5000000001434
100
AcDbArc
 50
179.516874451023
 51
291.112494272613
  0
LINE
  5
1AF
330
17
100
AcDbEntity
  8
P-CURB
100
AcDbLine
 10
2436391.455235364
 20
414505.3967782318
 30
0.0
 11
2436467.449314509
 21
414534.739493667
 31
0.0
  0
ARC
  5
1B0
330
17
100
AcDbEntity
  8
P-CURB
100
AcDbCircle
 10
2436457.183607525
 20
414561.3264314358
 30
0.0
 40
28.49999999643898
100
AcDbArc
 50
291.1124942668728
 51
20.7617089744129
  0
ARC
  5
1B1
330
17
100
AcDbEntity
  8
P-CURB
100
AcDbCircle
 10
2436731.868784729
 20
413939.7992727901
 30
0.0
 40
285.5000000004838
100
AcDbArc
 50
101.2050518946395
 51
179.5168744511207
  0
LINE
  5
1B2
330
17
100
AcDbEntity
  8
P-CURB
100
AcDbLine
 10
2436446.378934314
 20
413942.2066178139
 30
0.0
 11
2436443.912572981
 21
413649.7179544655
 31
0.0
  0
ARC
  5
1B3
330
17
100
AcDbEntity
  8
P-CURB
100
AcDbCircle
 10
2436729.40242341
 20
413647.310609444
 30
0.0
 40
285.500000013941
100
AcDbArc
 50
179.5168744516108
 51
210.3063853045407
  0
LINE
  5
1B4
330
17
100
AcDbEntity
  8
P-CURB
100
AcDbLine
 10
2436482.919048003
 20
413503.240502705
 30
0.0
 11
2436540.172621694
 21
413405.287815529
 31
0.0
  0
ARC
  5
1B5
330
17
100
AcDbEntity
  8
P-CURB
100
AcDbCircle
 10
2436268.652406052
 20
413246.5836173902
 30
0.0
 40
314.5000000143298
100
AcDbArc
 50
13.05655498268713
 51
30.3063853040662
  0
ARC
  5
1B6
330
17
100
AcDbEntity
  8
P-CURB
100
AcDbCircle
 10
2436604.733309977
 20
413324.5235046548
 30
0.0
 40
30.49999999951378
100
AcDbArc
 50
193.0565549819107
 51
275.5618375300868
  0
LINE
  5
1B7
330
17
100
AcDbEntity
  8
P-CURB
100
AcDbLine
 10
2436607.689369862
 20
413294.167093307
 30
0.0
 11
2436649.725743594
 21
413298.2605296712
 31
0.0
  0
ARC
  5
1B8
330
17
100
AcDbEntity
  8
P-CURB
100
AcDbCircle
 10
2436636.593084103
 20
413433.122619433
 30
0.0
 40
135.5000000007834
100
AcDbArc
 50
275.5618375291589
 51
359.516874450748
  0
LINE
  5
1B9
330
17
100
AcDbEntity
  8
P-CURB
100
AcDbLine
 10
2436772.088267051
 20
413431.9800791494
 30
0.0
 11
2436776.053875733
 21
413902.2662320032
 31
0.0
  0
ARC
  5
1BA
330
17
100
AcDbEntity
  8
P-CURB
100
AcDbCircle
 10
2437390.532030112
 20
413897.0847485847
 30
0.0
 40
614.4999999832128
100
AcDbArc
 50
170.3416155681536
 51
179.5168744514721
  0
LINE
  5
1BB
330
17
100
AcDbEntity
  8
P-CURB
100
AcDbLine
 10
2436784.742206461
 20
414000.1814970321
 30
0.0
 11
2436803.402981443
 21
414109.8310035025
 31
0.0
  0
ARC
  5
1BC
330
17
100
AcDbEntity
  8
P-CURB
100
AcDbCircle
 10
2436521.949776134
 20
414157.7303064853
 30
0.0
 40
285.5000000090008
100
AcDbArc
 50
350.341615568339
 51
11.30201062636511
  0
ARC
  5
1BD
330
17
100
AcDbEntity
  8
P-CURB
100
AcDbCircle
 10
2436772.004760499
 20
414207.7053482418
 30
0.0
 40
30.49999999989865
100
AcDbArc
 50
11.30201062619351
 51
101.2050518945896
  0
LINE
  5
1BE
330
17
100
AcDbEntity
  8
P-CURB
100
AcDbLine
 10
2436766.077974774
 20
414237.6239580185
 30
0.0
 11
2436676.390183929
 21
414219.8570790614
 31
0.0
  0
ARC
  5
1BF
330
17
100
AcDbEntity
  8
P-CURB
100
AcDbCircle
 10
2436731.86878473
 20
413939.7992727902
 30
0.0
 40
283.5000000009186
100
AcDbArc
 50
101.2050518947641
 51
179.5168744511342
  0
LINE
  5
1C0
330
17
100
AcDbEntity
  8
P-CURB
100
AcDbLine
 10
2436448.378863214
 20
413942.1897537507
 30
0.0
 11
2436445.912501881
 21
413649.7010904023
 31
0.0
  0
ARC
  5
1C1
330
17
100
AcDbEntity
  8
P-CURB
100
AcDbCircle
 10
2436729.402423411
 20
413647.3106094443
 30
0.0
 40
283.5000000144083
100
AcDbArc
 50
179.5168744516748
 51
210.3063853045477
  0
LINE
  5
1C2
330
17
100
AcDbEntity
  8
P-CURB
100
AcDbLine
 10
2436484.64572664
 20
413504.2497503879
 30
0.0
 11
2436541.899300331
 21
413406.2970632119
 31
0.0
  0
ARC
  5
1C3
330
17
100
AcDbEntity
  8
P-CURB
100
AcDbCircle
 10
2436268.652406052
 20
413246.5836173926
 30
0.0
 40
316.5000000132153
100
AcDbArc
 50
13.05655498229218
 51
30.30638530368376
  0
ARC
  5
1C4
330
17
100
AcDbEntity
  8
P-CURB
100
AcDbCircle
 10
2436604.733309977
 20
413324.5235046554
 30
0.0
 40
28.50000000022541
100
AcDbArc
 50
193.0565549827083
 51
275.5618375301601
  0
LINE
  5
1C5
330
17
100
AcDbEntity
  8
P-CURB
100
AcDbLine
 10
2436607.49552987
 20
413296.1576776575
 30
0.0
 11
2436649.531903601
 21
413300.2511140215
 31
0.0
  0
ARC
  5
1C6
330
17
100
AcDbEntity
  8
P-CURB
100
AcDbCircle
 10
2436636.593084102
 20
413433.122619433
 30
0.0
 40
133.5000000012305
100
AcDbArc
 50
275.5618375295753
 51
359.5168744507711
  0
LINE
  5
1C7
330
17
100
AcDbEntity
  8
P-CURB
100
AcDbLine
 10
2436770.088338151
 20
413431.9969432126
 30
0.0
 11
2436774.053946834
 21
413902.2830960663
 31
0.0
  0
ARC
  5
1C8
330
17
100
AcDbEntity
  8
P-CURB
100
AcDbCircle
 10
2437390.532030113
 20
413897.0847485848
 30
0.0
 40
616.4999999841381
100
AcDbArc
 50
170.3416155681849
 51
179.5168744514929
  0
LINE
  5
1C9
330
17
100
AcDbEntity
  8
P-CURB
100
AcDbLine
 10
2436782.770555286
 20
414000.5170438131
 30
0.0
 11
2436801.431330267
 21
414110.1665502834
 31
0.0
  0
ARC
  5
1CA
330
17
100
AcDbEntity
  8
P-CURB
100
AcDbCircle
 10
2436521.949776134
 20
414157.7303064854
 30
0.0
 40
283.5000000089799
100
AcDbArc
 50
350.3416155683154
 51
11.30201062634166
  0
ARC
  5
1CB
330
17
100
AcDbEntity
  8
P-CURB
100
AcDbCircle
 10
2436772.004760499
 20
414207.7053482419
 30
0.0
 40
28.49999999987313
100
AcDbArc
 50
11.3020106259482
 51
101.2050518950664
  0
LINE
  5
1CC
330
17
100
AcDbEntity
  8
P-CURB
100
AcDbLine
 10
2436766.466616461
 20
414235.6620819676
 30
0.0
 11
2436676.778825616
 21
414217.8952030109
 31
0.0
  0
LWPOLYLINE
  5
1CD
330
17
100
AcDbEntity
  8
P-U-STM
100
AcDbPolyline
 90
2
 70
0
 10
2436805.741321343
 20
414843.4854380884
 10
2436811.16052342
 20
414849.3589815954
  0
LWPOLYLINE
  5
1CE
330
17
100
AcDbEntity
  8
P-U-STM
100
AcDbPolyline
 90
2
 70
0
 10
2436811.16052342
 20
414849.3589815954
 10
2436835.790164282
 20
414849.1512962982
  0
LWPOLYLINE
  5
1CF
330
17
100
AcDbEntity
  8
P-U-STM
100
AcDbPolyline
 90
2
 70
0
 10
2436814.663183675
 20
415072.2870560765
 10
2436811.168276465
 20
414849.3632062107
  0
LWPOLYLINE
  5
1D0
330
17
100
AcDbEntity
  8
P-U-STM
100
AcDbPolyline
 90
2
 70
0
 10
2436215.758389677
 20
414005.7464704736
 10
2436198.935863453
 20
413980.9069332105
  0
LWPOLYLINE
  5
1D1
330
17
100
AcDbEntity
  8
P-U-STM
100
AcDbPolyline
 90
2
 70
0
 10
2435974.325409807
 20
414202.0985450194
 10
2436198.935863453
 20
413980.9069332105
  0
LWPOLYLINE
  5
1D2
330
17
100
AcDbEntity
  8
P-U-STM
100
AcDbPolyline
 90
2
 70
0
 10
2435904.226696973
 20
414221.2993670383
 10
2435974.325409807
 20
414202.0985450193
  0
LINE
  5
1D3
330
17
100
AcDbEntity
  8
P-U-SAN
100
AcDbLine
 10
2436539.256664726
 20
413356.578699232
 30
0.0
 11
2436458.643983152
 21
413500.4998795849
 31
0.0
  0
LWPOLYLINE
  5
1D4
330
17
100
AcDbEntity
  8
P-CONT
100
AcDbPolyline
 90
13
 70
0
 43
1.0
 38
954.0
 10
2436993.416415989
 20
414114.9430507604
 10
2436989.087383246
 20
414110.0652143139
 10
2436984.735056463
 20
414104.0151364399
 10
2436979.391569547
 20
414094.1182849508
 10
2436975.066063826
 20
414085.7310572323
 10
2436973.353173314
 20
414084.1244812103
 10
2436971.347689404
 20
414083.4934335926
 10
2436969.676249623
 20
414084.3840215289
 10
2436969.267838006
 20
414086.1278750749
 10
2436969.879845861
 20
414091.2972318345
 10
2436971.608585183
 20
414102.812671129
 10
2436972.376642851
 20
414107.9948976565
 10
2436972.340696533
 20
414116.2256616117
  0
LINE
  5
1D5
330
17
100
AcDbEntity
  8
P-SW
100
AcDbLine
 10
2436818.682599211
 20
414510.0416103585
 30
0.0
 11
2436837.190934755
 21
414508.0971444008
 31
0.0
  0
LWPOLYLINE
  5
1D6
330
17
100
AcDbEntity
  8
P-U-STM
100
AcDbPolyline
 90
2
 70
0
 43
1.0
 10
2436739.486692258
 20
414407.5301650309
 10
2436787.877339979
 20
414411.2978688162
  0
LINE
  5
1D7
330
17
100
AcDbEntity
  8
RES_SURVEY$0$E-LOTLINE
100
AcDbLine
 10
2435896.582281068
 20
415615.7446090449
 30
0.0
 11
2435882.355900513
 21
413461.5269728574
 31
0.0
  0
LINE
  5
1D8
330
17
100
AcDbEntity
  8
RES_SURVEY$0$E-ROW
100
AcDbLine
 10
2435823.250042628
 20
412978.6153392332
 30
0.0
 11
2436267.802370726
 21
412979.3003947352
 31
0.0
  0
LINE
  5
1D9
330
17
100
AcDbEntity
  8
RES_SURVEY$0$E-LOTLINE
100
AcDbLine
 10
2436280.300934732
 20
412946.3196158503
 30
0.0
 11
2436217.109323146
 21
413113.0674572916
 31
0.0
  0
LINE
  5
1DA
330
17
100
AcDbEntity
  8
RES_SURVEY$0$E-LOTLINE
100
AcDbLine
 10
2436217.109323146
 20
413113.0674572916
 30
0.0
 11
2435882.501947647
 21
413461.5263197384
 31
0.0
  0
LINE
  5
1DB
330
17
100
AcDbEntity
  8
RES_SURVEY$0$E-LOTLINE
100
AcDbLine
 10
2435882.501947647
 20
413461.5263197384
 30
0.0
 11
2435822.506018882
 21
413461.433865963
 31
0.0
  0
LINE
  5
1DC
330
17
100
AcDbEntity
  8
RES_SURVEY$0$E-LOTLINE
100
AcDbLine
 10
2435822.506018882
 20
413461.433865963
 30
0.0
 11
2435823.300895594
 21
412945.6153784154
 31
0.0
  0
ARC
  5
1DD
330
17
100
AcDbEntity
  8
RES_SURVEY$0$E-ROW
100
AcDbCircle
 10
2425905.87919335
 20
418175.04875935
 30
0.0
 40
11370.36347064355
100
AcDbArc
 50
358.6240534809816
 51
0.3408497010465572
  0
LINE
  5
1DE
330
17
100
AcDbEntity
  8
RES_SURVEY$0$E-ROW
100
AcDbLine
 10
2436225.400726187
 20
412913.2349754017
 30
0.0
 11
2437038.645683629
 21
412914.4881865477
 31
0.0
  0
LINE
  5
1DF
330
17
100
AcDbEntity
  8
RES_SURVEY$0$E-ROW
100
AcDbLine
 10
2437038.645683629
 20
412914.4881865476
 30
0.0
 11
2437039.859495844
 21
412135.889624822
 31
0.0
  0
LWPOLYLINE
  5
1E0
330
17
100
AcDbEntity
  8
RES_SURVEY$0$P-CL
100
AcDbPolyline
 90
22
 70
128
 10
2436043.754251912
 20
412945.9550972182
 10
2436043.975137006
 20
412804.8207672607
 42
-0.4228848535369463
 10
2435941.180668451
 20
412704.7033167788
 10
2435735.554234272
 20
412710.4519798728
 42
0.1636927193419063
 10
2435534.30446437
 20
412648.9563365684
 10
2435527.941781441
 20
412644.4037190984
 42
0.11838202348642
 10
2435457.600341658
 20
412563.2361035804
 10
2435440.211695116
 20
412529.7044765262
 42
0.1651460696506239
 10
2435411.181032337
 20
412338.9874262966
 10
2435433.466545048
 20
412213.8776020167
 42
-0.3387014440710768
 10
2435366.523452328
 20
412084.30318318
 10
2435298.825227434
 20
412052.3677414005
 42
-0.09667985303504414
 10
2435205.971601095
 20
412028.8542320178
 10
2435163.657260341
 20
412026.5136601658
 42
-0.3799769228116748
 10
2435059.636455918
 20
412109.0933581311
 10
2435049.134208257
 20
412169.0000408586
 42
-0.02958086076004307
 10
2435038.338103039
 20
412262.9578158504
 10
2435019.282589774
 20
412607.4554568368
 42
-0.2449206480764021
 10
2435068.837403416
 20
412716.9116639915
 10
2435102.474060921
 20
412743.3032232261
 42
0.2306169264552563
 10
2435179.017376277
 20
412900.8724727613
 10
2435178.969110323
 20
412944.555515342
  0
LINE
  5
1E1
330
17
100
AcDbEntity
  8
RES_SURVEY$0$E-LOTLINE
100
AcDbLine
 10
2436225.400726187
 20
412913.2349754017
 30
0.0
 11
2436226.833649939
 21
412622.0404009839
 31
0.0
  0
ARC
  5
1E2
330
17
100
AcDbEntity
  8
RES_SURVEY$0$E-ROW
100
AcDbCircle
 10
2436093.837141164
 20
412893.0322120631
 30
0.0
 40
19.99999999958357
100
AcDbArc
 50
90.08829276976562
 51
180.0896718293098
  0
LINE
  5
1E3
330
17
100
AcDbEntity
  8
RES_SURVEY$0$E-ROW
100
AcDbLine
 10
2436093.806321184
 20
412913.0321883159
 30
0.0
 11
2436225.400726187
 21
412913.2349754017
 31
0.0
  0
LINE
  5
1E4
330
17
100
AcDbEntity
  8
RES_SURVEY$0$E-ROW
100
AcDbLine
 10
2435228.82634273
 20
412911.6992534602
 30
0.0
 11
2435993.806439889
 21
412912.8780884166
 31
0.0
  0
ARC
  5
1E5
330
17
100
AcDbEntity
  8
RES_SURVEY$0$E-ROW
100
AcDbCircle
 10
2435837.117052203
 20
412307.1414068005
 30
0.0
 40
829.9999995846356
100
AcDbArc
 50
183.1660275538948
 51
189.9434851043355
  0
ARC
  5
1E6
330
17
100
AcDbEntity
  8
RES_SURVEY$0$E-ROW
100
AcDbCircle
 10
2435837.117052618
 20
412307.1414068491
 30
0.0
 40
770.0000000029928
100
AcDbArc
 50
183.1660275572248
 51
189.9434851043355
  0
ARC
  5
1E7
330
17
100
AcDbEntity
  8
RES_SURVEY$0$E-ROW
100
AcDbCircle
 10
2435943.975259479
 20
412804.6642604571
 30
0.0
 40
130.0000000002546
100
AcDbArc
 50
268.3986087821696
 51
0.0896718293098363
  0
ARC
  5
1E8
330
17
100
AcDbEntity
  8
RES_SURVEY$0$E-ROW
100
AcDbCircle
 10
2435943.975259478
 20
412804.6642604569
 30
0.0
 40
70.00000000041214
100
AcDbArc
 50
268.3986087821696
 51
0.0896718293098363
  0
LINE
  5
1E9
330
17
100
AcDbEntity
  8
RES_SURVEY$0$E-ROW
100
AcDbLine
 10
2436073.975100265
 20
412804.8677193015
 30
0.0
 11
2436073.837165659
 21
412893.0009107025
 31
0.0
  0
ARC
  5
1EA
330
17
100
AcDbEntity
  8
RES_SURVEY$0$E-ROW
100
AcDbCircle
 10
2435993.837259869
 20
412892.8781121633
 30
0.0
 40
19.99999999999652
100
AcDbArc
 50
0.0896718293098363
 51
90.08829276976562
  0
LINE
  5
1EB
330
17
100
AcDbEntity
  8
RES_SURVEY$0$E-ROW
100
AcDbLine
 10
2436013.975173748
 20
412804.7738152194
 30
0.0
 11
2436013.837235374
 21
412892.9094135233
 31
0.0
  0
LINE
  5
1EC
330
17
100
AcDbEntity
  8
RES_SURVEY$0$E-LOTLINE
100
AcDbLine
 10
2435909.083287636
 20
412735.6123792463
 30
0.0
 11
2435908.806059408
 21
412912.7471027605
 31
0.0
  0
LINE
  5
1ED
330
17
100
AcDbEntity
  8
RES_SURVEY$0$E-LOTLINE
100
AcDbLine
 10
2435808.859448656
 20
412912.5930849515
 30
0.0
 11
2435809.051906954
 21
412738.4089394693
 31
0.0
  0
LINE
  5
1EE
330
17
100
AcDbEntity
  8
RES_SURVEY$0$E-LOTLINE
100
AcDbLine
 10
2435708.85955788
 20
412912.4389850377
 30
0.0
 11
2435709.049904731
 21
412740.1658018548
 31
0.0
  0
LWPOLYLINE
  5
1EF
330
17
100
AcDbEntity
  8
RES_SURVEY$0$P-CL
100
AcDbPolyline
 90
4
 70
128
 10
2436092.163590693
 20
413561.6410786362
 10
2436143.610509513
 20
413482.0948957443
 42
0.4010519630212806
 10
2436345.257040404
 20
413434.0547444216
 10
2436465.623683491
 20
413504.409327522
  0
LWPOLYLINE
  5
1F0
330
17
100
AcDbEntity
  8
RES_SURVEY$0$P-CL
100
AcDbPolyline
 90
10
 70
0
 10
2437107.243758129
 20
416007.53281313
 10
2437095.434348565
 20
416007.4631346498
 42
0.1894814700279062
 10
2436891.629607055
 20
415925.9609361155
 10
2436503.431947335
 20
415560.7144323511
 42
0.2211401358014168
 10
2436456.443689322
 20
415443.2672666459
 10
2436461.950247664
 20
415342.6989404027
 42
-0.01578428836879221
 10
2436464.140412269
 20
415248.0421342254
 10
2436460.320435396
 20
414795.0266275256
 42
0.0945085483041928
 10
2436500.574099564
 20
414573.8472614478
 10
2436515.360717125
 20
414535.5517128415
  0
LINE
  5
1F1
330
17
100
AcDbEntity
  8
RES_SURVEY$0$P-CL
100
AcDbLine
 10
2437206.702944101
 20
414283.8007725761
 30
0.0
 11
2437008.116679601
 21
414285.5220270288
 31
0.0
  0
ARC
  5
1F2
330
17
100
AcDbEntity
  8
RES_SURVEY$0$P-CL
100
AcDbCircle
 10
2437002.049629276
 20
413585.5483197367
 30
0.0
 40
699.9999999999377
100
AcDbArc
 50
89.50339895704553
 51
101.2050518944809
  0
LINE
  5
1F3
330
17
100
AcDbEntity
  8
RES_SURVEY$0$P-CL
100
AcDbLine
 10
2436866.025038874
 20
414272.204937564
 30
0.0
 11
2436673.5725317
 21
414234.080680431
 31
0.0
  0
ARC
  5
1F4
330
17
100
AcDbEntity
  8
RES_SURVEY$0$P-CL
100
AcDbCircle
 10
2436731.868784729
 20
413939.7992727908
 30
0.0
 40
300.0000000000042
100
AcDbArc
 50
101.205051894546
 51
179.516874451281
  0
LINE
  5
1F5
330
17
100
AcDbEntity
  8
RES_SURVEY$0$P-CL
100
AcDbLine
 10
2436431.879449792
 20
413942.3288822721
 30
0.0
 11
2436429.413088459
 21
413649.8402189239
 31
0.0
  0
ARC
  5
1F6
330
17
100
AcDbEntity
  8
RES_SURVEY$0$P-CL
100
AcDbCircle
 10
2436729.402423396
 20
413647.3106094424
 30
0.0
 40
299.9999999998403
100
AcDbArc
 50
179.5168744512246
 51
210.306385305173
  0
LINE
  5
1F7
330
17
100
AcDbEntity
  8
RES_SURVEY$0$P-CL
100
AcDbLine
 10
2436470.400627886
 20
413495.9234570066
 30
0.0
 11
2436527.818646819
 21
413397.6894275063
 31
0.0
  0
LWPOLYLINE
  5
1F8
330
17
100
AcDbEntity
  8
RES_SURVEY$0$P-CL
100
AcDbPolyline
 90
6
 70
0
 10
2435888.567517206
 20
414229.7075667209
 10
2435904.296479305
 20
414229.5749348986
 42
-0.199366829156605
 10
2436010.171996313
 20
414184.5609868604
 10
2436153.615848389
 20
414038.1662912435
 42
0.1993668291847737
 10
2436400.658721446
 20
413933.1337458207
 10
2436431.7996991
 20
413932.8711547777
  0
LWPOLYLINE
  5
1F9
330
17
100
AcDbEntity
  8
RES_SURVEY$0$P-CL
100
AcDbPolyline
 90
24
 70
0
 10
2436567.375674582
 20
413275.6728223271
 10
2436651.131083539
 20
413283.8287931284
 42
0.3836389548656574
 10
2436786.587751572
 20
413431.8578146913
 10
2436790.553360255
 20
413902.1439675445
 42
-0.04005602180169653
 10
2436799.036677483
 20
413997.7487828698
 10
2436817.697452466
 20
414107.3982893408
 42
0.09128622197512341
 10
2436816.231183783
 20
414216.0265595133
 10
2436797.094880051
 20
414312.627251783
 42
-0.07520127981609168
 10
2436792.338886602
 20
414417.2089118825
 10
2436815.286876887
 20
414635.6386060077
 42
0.02406534776256413
 10
2436819.637174176
 20
414712.4801003805
 10
2436824.133620952
 20
415245.7189518953
 42
0.1931957302601059
 10
2436701.888488036
 20
415557.8755451651
 10
2436542.862499773
 20
415726.8943197262
 42
0.104206060196902
 10
2436289.057543677
 20
415903.5996255166
 10
2436139.380285864
 20
415966.974830662
 42
0.2929524280815178
 10
2435926.63250191
 20
415930.5795772257
 10
2435807.596609422
 20
415822.0223418784
 42
-0.230451131325926
 10
2435639.663584635
 20
415772.5674290163
 10
2435491.213617119
 20
415797.5302377827
 42
0.1022180505512472
 10
2435309.249206595
 20
415790.7706581412
 10
2435199.961540134
 20
415763.9265905968
 42
-0.0908260259719172
 10
2435074.070191126
 20
415756.4013989611
 10
2434736.041522549
 20
415797.6582873552
  0
LWPOLYLINE
  5
1FA
330
17
100
AcDbEntity
  8
RES_SURVEY$0$P-CL
100
AcDbPolyline
 90
10
 70
0
 10
2436302.634606724
 20
415897.6922112185
 10
2436292.30235453
 20
415874.5720445332
 42
-0.04886305978016604
 10
2436244.036272352
 20
415789.8646803327
 10
2436141.622533017
 20
415645.0558185189
 42
0.1529595237571877
 10
2436091.155411497
 20
415488.5842729987
 10
2436084.560659565
 20
414706.5049600319
 42
0.5294482753747995
 10
2436397.39853941
 20
414490.0043405751
 10
2436554.345622396
 20
414550.6045037233
 42
-0.1188441930852661
 10
2436716.98507311
 20
414572.1825527575
 10
2436807.619880998
 20
414562.6605566789
  0
ARC
  5
1FB
330
17
100
AcDbEntity
  8
RES_SURVEY$0$P-CL
100
AcDbCircle
 10
2436268.816851309
 20
413246.3022750706
 30
0.0
 40
300.0
100
AcDbArc
 50
270.0882927733247
 51
30.30638530508974
  0
ARC
  5
1FC
330
17
100
AcDbEntity
  8
RES_SURVEY$0$P-LOTLINE
100
AcDbCircle
 10
2436268.816851309
 20
413246.3022750706
 30
0.0
 40
333.0
100
AcDbArc
 50
270.0882927732927
 51
306.8534819498032
  0
LINE
  5
1FD
330
17
100
AcDbEntity
  8
RES_SURVEY$0$P-LOTLINE
100
AcDbLine
 10
2436274.238606671
 20
414963.9997271528
 30
0.0
 11
2436431.733007506
 21
414962.6716821762
 31
0.0
  0
LINE
  5
1FE
330
17
100
AcDbEntity
  8
RES_SURVEY$0$P-LOTLINE
100
AcDbLine
 10
2436273.606204301
 20
414889.0023934185
 30
0.0
 11
2436431.100605136
 21
414887.6743484419
 31
0.0
  0
LINE
  5
1FF
330
17
100
AcDbEntity
  8
RES_SURVEY$0$P-LOTLINE
100
AcDbLine
 10
2436272.97380193
 20
414814.0050596846
 30
0.0
 11
2436430.468202765
 21
414812.6770147076
 31
0.0
  0
LINE
  5
200
330
17
100
AcDbEntity
  8
RES_SURVEY$0$P-LOTLINE
100
AcDbLine
 10
2436272.34139956
 20
414739.0077259503
 30
0.0
 11
2436432.474554813
 21
414737.6574301217
 31
0.0
  0
LINE
  5
201
330
17
100
AcDbEntity
  8
RES_SURVEY$0$P-LOTLINE
100
AcDbLine
 10
2436366.215306636
 20
413411.5561059709
 30
0.0
 11
2436420.316616468
 21
413286.8088751733
 31
0.0
  0
LINE
  5
202
330
17
100
AcDbEntity
  8
RES_SURVEY$0$P-LOTLINE
100
AcDbLine
 10
2436484.522515949
 20
413088.9489584798
 30
0.0
 11
2436298.44018562
 21
413215.5718176095
 31
0.0
  0
ARC
  5
203
330
17
100
AcDbEntity
  8
RES_SURVEY$0$P-LOTLINE
100
AcDbCircle
 10
2435416.590929417
 20
415353.7606416037
 30
0.0
 40
420.0000000141536
100
AcDbArc
 50
80.4546506371886
 51
103.80021854607
  0
ARC
  5
204
330
17
100
AcDbEntity
  8
RES_SURVEY$0$P-LOTLINE
100
AcDbCircle
 10
2441669.676645291
 20
418171.039233627
 30
0.0
 40
5970.000000014617
100
AcDbArc
 50
194.8036894781898
 51
195.7941239752294
  0
ARC
  5
205
330
17
100
AcDbEntity
  8
RES_SURVEY$0$P-LOTLINE
100
AcDbCircle
 10
2441669.676648064
 20
418171.0392342886
 30
0.0
 40
6030.000002863878
100
AcDbArc
 50
194.8276956662937
 51
195.7941239740989
  0
LINE
  5
206
330
17
100
AcDbEntity
  8
RES_SURVEY$0$P-LOTLINE
100
AcDbLine
 10
2436640.114784745
 20
414769.8793895934
 30
0.0
 11
2436643.963554511
 21
414694.8442691299
 31
0.0
  0
LINE
  5
207
330
17
100
AcDbEntity
  8
RES_SURVEY$0$P-LOTLINE
100
AcDbLine
 10
2436492.017324463
 20
414996.1361955581
 30
0.0
 11
2436792.006659359
 21
414993.6065860325
 31
0.0
  0
LINE
  5
208
330
17
100
AcDbEntity
  8
RES_SURVEY$0$P-LOTLINE
100
AcDbLine
 10
2436491.384922091
 20
414921.1388618238
 30
0.0
 11
2436791.374256978
 21
414918.6092522987
 31
0.0
  0
LINE
  5
209
330
17
100
AcDbEntity
  8
RES_SURVEY$0$P-LOTLINE
100
AcDbLine
 10
2436490.75251972
 20
414846.1415280895
 30
0.0
 11
2436790.741854595
 21
414843.6119185644
 31
0.0
  0
LINE
  5
20A
330
17
100
AcDbEntity
  8
RES_SURVEY$0$P-LOTLINE
100
AcDbLine
 10
2436490.610127811
 20
414771.1400624248
 30
0.0
 11
2436790.109452214
 21
414768.6145848306
 31
0.0
  0
LINE
  5
20B
330
17
100
AcDbEntity
  8
RES_SURVEY$0$P-LOTLINE
100
AcDbLine
 10
2436643.963554511
 20
414694.8442691299
 30
0.0
 11
2436650.316590356
 21
414602.9043262498
 31
0.0
  0
LINE
  5
20C
330
17
100
AcDbEntity
  8
RES_SURVEY$0$P-LOTLINE
100
AcDbLine
 10
2436643.963554511
 20
414694.8442691299
 30
0.0
 11
2436789.217053944
 21
414692.9468024503
 31
0.0
  0
LINE
  5
20D
330
17
100
AcDbEntity
  8
RES_SURVEY$0$P-LOTLINE
100
AcDbLine
 10
2436643.963554511
 20
414694.8442691299
 30
0.0
 11
2436502.027370511
 21
414674.9340648325
 31
0.0
  0
LINE
  5
20E
330
17
100
AcDbEntity
  8
RES_SURVEY$0$P-LOTLINE
100
AcDbLine
 10
2436155.394563675
 20
414583.4509499203
 30
0.0
 11
2436271.844658287
 21
414680.0985999182
 31
0.0
  0
LINE
  5
20F
330
17
100
AcDbEntity
  8
RES_SURVEY$0$P-LOTLINE
100
AcDbLine
 10
2436300.407813646
 20
414649.1556072314
 30
0.0
 11
2436271.844658287
 21
414680.0985999182
 31
0.0
  0
LINE
  5
210
330
17
100
AcDbEntity
  8
RES_SURVEY$0$P-LOTLINE
100
AcDbLine
 10
2436442.682383202
 20
414665.6710505183
 30
0.0
 11
2436300.407813646
 21
414649.1556072314
 31
0.0
  0
ARC
  5
211
330
17
100
AcDbEntity
  8
RES_SURVEY$0$P-LOTLINE
100
AcDbCircle
 10
2436374.149618556
 20
415249.5133661865
 30
0.0
 40
479.999999991235
100
AcDbArc
 50
359.5168744424779
 51
43.25521528355857
  0
ARC
  5
212
330
17
100
AcDbEntity
  8
RES_SURVEY$0$P-LOTLINE
100
AcDbCircle
 10
2436374.149618547
 20
415249.5133661814
 30
0.0
 40
420.0000000010227
100
AcDbArc
 50
359.5168744431152
 51
43.25521528333052
  0
ARC
  5
213
330
17
100
AcDbEntity
  8
RES_SURVEY$0$P-LOTLINE
100
AcDbCircle
 10
2435996.631050627
 20
415212.9573547578
 30
0.0
 40
779.9999999976342
100
AcDbArc
 50
43.25521528314057
 51
67.0515988828095
  0
ARC
  5
214
330
17
100
AcDbEntity
  8
RES_SURVEY$0$P-LOTLINE
100
AcDbCircle
 10
2435996.631050625
 20
415212.9573547529
 30
0.0
 40
720.0000000028608
100
AcDbArc
 50
43.2552152832927
 51
62.29401352905771
  0
LINE
  5
215
330
17
100
AcDbEntity
  8
RES_SURVEY$0$P-LOTLINE
100
AcDbLine
 10
2436273.991526838
 20
414934.6982420799
 30
0.0
 11
2436116.497125998
 21
414936.0262870584
 31
0.0
  0
LINE
  5
216
330
17
100
AcDbEntity
  8
RES_SURVEY$0$P-LOTLINE
100
AcDbLine
 10
2436273.359124469
 20
414859.7009083456
 30
0.0
 11
2436115.864723627
 21
414861.0289533241
 31
0.0
  0
LINE
  5
217
330
17
100
AcDbEntity
  8
RES_SURVEY$0$P-LOTLINE
100
AcDbLine
 10
2436272.726722098
 20
414784.7035746113
 30
0.0
 11
2436115.232321257
 21
414786.0316195898
 31
0.0
  0
LINE
  5
218
330
17
100
AcDbEntity
  8
RES_SURVEY$0$P-LOTLINE
100
AcDbLine
 10
2436272.24674146
 20
414727.7821115954
 30
0.0
 11
2436115.249331532
 21
414687.884651294
 31
0.0
  0
LINE
  5
219
330
17
100
AcDbEntity
  8
RES_SURVEY$0$P-LOTLINE
100
AcDbLine
 10
2436300.407813646
 20
414649.1556072314
 30
0.0
 11
2436264.000761421
 21
414511.0597183197
 31
0.0
  0
LINE
  5
21A
330
17
100
AcDbEntity
  8
RES_SURVEY$0$P-LOTLINE
100
AcDbLine
 10
2436350.838150762
 20
414655.009635644
 30
0.0
 11
2436388.015064782
 21
414518.5398569806
 31
0.0
  0
LINE
  5
21B
330
17
100
AcDbEntity
  8
RES_SURVEY$0$P-LOTLINE
100
AcDbLine
 10
2436126.936690849
 20
414335.1355672362
 30
0.0
 11
2436196.823029844
 21
414472.7471813802
 31
0.0
  0
LINE
  5
21C
330
17
100
AcDbEntity
  8
RES_SURVEY$0$P-LOTLINE
100
AcDbLine
 10
2436540.163432682
 20
414365.1731092161
 30
0.0
 11
2436649.060526514
 21
414400.4895689036
 31
0.0
  0
LINE
  5
21D
330
17
100
AcDbEntity
  8
RES_SURVEY$0$P-LOTLINE
100
AcDbLine
 10
2436471.036605414
 20
414327.423016686
 30
0.0
 11
2436539.914689622
 21
414211.9070186773
 31
0.0
  0
LINE
  5
21E
330
17
100
AcDbEntity
  8
RES_SURVEY$0$P-LOTLINE
100
AcDbLine
 10
2436383.53379216
 20
414258.3901059045
 30
0.0
 11
2436471.036605414
 21
414327.423016686
 31
0.0
  0
LINE
  5
21F
330
17
100
AcDbEntity
  8
RES_SURVEY$0$P-LOTLINE
100
AcDbLine
 10
2436540.163432682
 20
414365.1731092161
 30
0.0
 11
2436496.585533377
 21
414496.1436191369
 31
0.0
  0
LINE
  5
220
330
17
100
AcDbEntity
  8
RES_SURVEY$0$P-LOTLINE
100
AcDbLine
 10
2436615.147040445
 20
414389.491072787
 30
0.0
 11
2436571.6524322
 21
414525.0476644025
 31
0.0
  0
LINE
  5
221
330
17
100
AcDbEntity
  8
RES_SURVEY$0$P-LOTLINE
100
AcDbLine
 10
2436471.036605414
 20
414327.423016686
 30
0.0
 11
2436425.345590763
 21
414468.6365634911
 31
0.0
  0
LINE
  5
222
330
17
100
AcDbEntity
  8
RES_SURVEY$0$P-LOTLINE
100
AcDbLine
 10
2436679.465927968
 20
414544.0968408883
 30
0.0
 11
2436673.295874123
 21
414402.3765370515
 31
0.0
  0
LINE
  5
223
330
17
100
AcDbEntity
  8
RES_SURVEY$0$P-LOTLINE
100
AcDbLine
 10
2436486.9296138
 20
414165.3958209571
 30
0.0
 11
2436383.53379216
 21
414258.3901059045
 31
0.0
  0
LINE
  5
224
330
17
100
AcDbEntity
  8
RES_SURVEY$0$P-LOTLINE
100
AcDbLine
 10
2436471.036605414
 20
414327.423016686
 30
0.0
 11
2436540.163432682
 21
414365.1731092161
 31
0.0
  0
LINE
  5
225
330
17
100
AcDbEntity
  8
RES_SURVEY$0$P-LOTLINE
100
AcDbLine
 10
2436554.728996836
 20
414369.896873103
 30
0.0
 11
2436605.054140313
 21
414247.7068010545
 31
0.0
  0
LINE
  5
226
330
17
100
AcDbEntity
  8
RES_SURVEY$0$P-LOTLINE
100
AcDbLine
 10
2436649.060526514
 20
414400.4895689036
 30
0.0
 11
2436675.293840382
 21
414268.0629354659
 31
0.0
  0
LINE
  5
227
330
17
100
AcDbEntity
  8
RES_SURVEY$0$P-LOTLINE
100
AcDbLine
 10
2436335.963993039
 20
414180.1380609106
 30
0.0
 11
2436443.866107747
 21
414106.962241332
 31
0.0
  0
LINE
  5
228
330
17
100
AcDbEntity
  8
RES_SURVEY$0$P-LOTLINE
100
AcDbLine
 10
2436415.675512207
 20
414044.2541166786
 30
0.0
 11
2436289.072486607
 21
414089.8301451481
 31
0.0
  0
LINE
  5
229
330
17
100
AcDbEntity
  8
RES_SURVEY$0$P-LOTLINE
100
AcDbLine
 10
2436649.060526514
 20
414400.4895689036
 30
0.0
 11
2436761.501333977
 21
414409.2442286536
 31
0.0
  0
LINE
  5
22A
330
17
100
AcDbEntity
  8
RES_SURVEY$0$P-LOTLINE
100
AcDbLine
 10
2436383.53379216
 20
414258.3901059045
 30
0.0
 11
2436357.815788236
 21
414448.19030842
 31
0.0
  0
LINE
  5
22B
330
17
100
AcDbEntity
  8
RES_SURVEY$0$P-LOTLINE
100
AcDbLine
 10
2436245.248935871
 20
414254.5225643124
 30
0.0
 11
2436274.980713171
 21
414447.5946313068
 31
0.0
  0
LINE
  5
22C
330
17
100
AcDbEntity
  8
RES_SURVEY$0$P-LOTLINE
100
AcDbLine
 10
2436019.577165211
 20
414408.2858464196
 30
0.0
 11
2435890.268969176
 21
414490.8271308411
 31
0.0
  0
LINE
  5
22D
330
17
100
AcDbEntity
  8
RES_SURVEY$0$P-LOTLINE
100
AcDbLine
 10
2436130.193217474
 20
414521.230759169
 30
0.0
 11
2436019.577165211
 21
414408.2858464196
 31
0.0
  0
LINE
  5
22E
330
17
100
AcDbEntity
  8
RES_SURVEY$0$P-LOTLINE
100
AcDbLine
 10
2435890.268969176
 20
414490.8271308411
 30
0.0
 11
2436082.351999879
 21
414587.5915117427
 31
0.0
  0
LINE
  5
22F
330
17
100
AcDbEntity
  8
RES_SURVEY$0$P-LOTLINE
100
AcDbLine
 10
2435891.246122068
 20
414640.7894817004
 30
0.0
 11
2436057.454046809
 21
414665.8306718301
 31
0.0
  0
ARC
  5
230
330
17
100
AcDbEntity
  8
RES_SURVEY$0$P-LOTLINE
100
AcDbCircle
 10
2436314.552483017
 20
414704.5655927622
 30
0.0
 40
200.0000000000546
100
AcDbArc
 50
179.5168744510249
 51
291.1124942726516
  0
ARC
  5
231
330
17
100
AcDbEntity
  8
RES_SURVEY$0$P-LOTLINE
100
AcDbCircle
 10
2436314.552483018
 20
414704.5655927638
 30
0.0
 40
260.0000000013153
100
AcDbArc
 50
179.5168744513659
 51
291.1124942725953
  0
ARC
  5
232
330
17
100
AcDbEntity
  8
RES_SURVEY$0$P-LOTLINE
100
AcDbCircle
 10
2436541.148838936
 20
414593.7328525665
 30
0.0
 40
14.99999999944701
100
AcDbArc
 50
200.7061822425586
 51
290.6448550966834
  0
ARC
  5
233
330
17
100
AcDbEntity
  8
RES_SURVEY$0$P-LOTLINE
100
AcDbCircle
 10
2436680.415708212
 20
414224.098250389
 30
0.0
 40
380.0000000064097
100
AcDbArc
 50
84.0025673622451
 51
110.6448550948751
  0
ARC
  5
234
330
17
100
AcDbEntity
  8
RES_SURVEY$0$P-LOTLINE
100
AcDbCircle
 10
2436680.415708213
 20
414224.098250392
 30
0.0
 40
320.0000000034373
100
AcDbArc
 50
84.00256736236264
 51
111.1124942726632
  0
LINE
  5
235
330
17
100
AcDbEntity
  8
RES_SURVEY$0$P-LOTLINE
100
AcDbLine
 10
2436386.592532055
 20
414517.9905908601
 30
0.0
 11
2436462.586611198
 21
414547.3333062953
 31
0.0
  0
LINE
  5
236
330
17
100
AcDbEntity
  8
RES_SURVEY$0$P-LOTLINE
100
AcDbLine
 10
2436408.204546766
 20
414462.01809029
 30
0.0
 11
2436565.151629752
 21
414522.6182534383
 31
0.0
  0
ARC
  5
237
330
17
100
AcDbEntity
  8
RES_SURVEY$0$P-LOTLINE
100
AcDbCircle
 10
2436767.567960468
 20
414612.1160281836
 30
0.0
 40
14.99999999999054
100
AcDbArc
 50
264.0025673613162
 51
354.002567364854
  0
LINE
  5
238
330
17
100
AcDbEntity
  8
RES_SURVEY$0$P-LOTLINE
100
AcDbLine
 10
2436720.119590101
 20
414602.0183501029
 30
0.0
 11
2436766.000701972
 21
414597.198129511
 31
0.0
  0
LINE
  5
239
330
17
100
AcDbEntity
  8
RES_SURVEY$0$P-LOTLINE
100
AcDbLine
 10
2436713.850556118
 20
414542.3467554124
 30
0.0
 11
2436759.73166799
 21
414537.5265348204
 31
0.0
  0
LINE
  5
23A
330
17
100
AcDbEntity
  8
RES_SURVEY$0$P-LOTLINE
100
AcDbLine
 10
2436702.291369731
 20
414063.4981804793
 30
0.0
 11
2436779.721197081
 21
414063.0648925886
 31
0.0
  0
LINE
  5
23B
330
17
100
AcDbEntity
  8
RES_SURVEY$0$P-LOTLINE
100
AcDbLine
 10
2436655.829030569
 20
414041.5192599483
 30
0.0
 11
2436702.291369731
 21
414063.4981804793
 31
0.0
  0
LINE
  5
23C
330
17
100
AcDbEntity
  8
RES_SURVEY$0$P-LOTLINE
100
AcDbLine
 10
2436620.278029996
 20
414000.4334501009
 30
0.0
 11
2436655.829030569
 21
414041.5192599483
 31
0.0
  0
LINE
  5
23D
330
17
100
AcDbEntity
  8
RES_SURVEY$0$P-LOTLINE
100
AcDbLine
 10
2436612.989749289
 20
413954.6463156878
 30
0.0
 11
2436620.278029996
 21
414000.4334501009
 31
0.0
  0
LINE
  5
23E
330
17
100
AcDbEntity
  8
RES_SURVEY$0$P-LOTLINE
100
AcDbLine
 10
2436702.291369731
 20
414063.4981804793
 30
0.0
 11
2436679.985119533
 21
414201.7097255904
 31
0.0
  0
LINE
  5
23F
330
17
100
AcDbEntity
  8
RES_SURVEY$0$P-LOTLINE
100
AcDbLine
 10
2436572.005679527
 20
414153.6515292558
 30
0.0
 11
2436655.829030569
 21
414041.5192599483
 31
0.0
  0
LINE
  5
240
330
17
100
AcDbEntity
  8
RES_SURVEY$0$P-LOTLINE
100
AcDbLine
 10
2436497.264599581
 20
414067.2742754822
 30
0.0
 11
2436620.278029996
 21
414000.4334501009
 31
0.0
  0
LINE
  5
241
330
17
100
AcDbEntity
  8
RES_SURVEY$0$P-LOTLINE
100
AcDbLine
 10
2436646.040790983
 20
413480.3757624323
 30
0.0
 11
2436685.68016687
 21
413323.6216682703
 31
0.0
  0
LINE
  5
242
330
17
100
AcDbEntity
  8
RES_SURVEY$0$P-LOTLINE
100
AcDbLine
 10
2436646.040790983
 20
413480.3757624323
 30
0.0
 11
2436542.574994958
 21
413437.8386689657
 31
0.0
  0
LINE
  5
243
330
17
100
AcDbEntity
  8
RES_SURVEY$0$P-LOTLINE
100
AcDbLine
 10
2436646.040790983
 20
413480.3757624323
 30
0.0
 11
2436757.125261053
 21
413495.7281728699
 31
0.0
  0
LINE
  5
244
330
17
100
AcDbEntity
  8
RES_SURVEY$0$P-LOTLINE
100
AcDbLine
 10
2436621.943829468
 20
413575.4442012887
 30
0.0
 11
2436757.812845208
 21
413577.269578605
 31
0.0
  0
LINE
  5
245
330
17
100
AcDbEntity
  8
RES_SURVEY$0$P-LOTLINE
100
AcDbLine
 10
2436621.943829468
 20
413575.4442012887
 30
0.0
 11
2436489.205141539
 21
413530.716159367
 31
0.0
  0
LINE
  5
246
330
17
100
AcDbEntity
  8
RES_SURVEY$0$P-LOTLINE
100
AcDbLine
 10
2436621.943829468
 20
413575.4442012887
 30
0.0
 11
2436646.040790983
 21
413480.3757624323
 31
0.0
  0
LINE
  5
247
330
17
100
AcDbEntity
  8
RES_SURVEY$0$P-LOTLINE
100
AcDbLine
 10
2436610.460139808
 20
413654.6569807511
 30
0.0
 11
2436621.943829468
 21
413575.4442012887
 31
0.0
  0
LINE
  5
248
330
17
100
AcDbEntity
  8
RES_SURVEY$0$P-LOTLINE
100
AcDbLine
 10
2436612.989749289
 20
413954.6463156878
 30
0.0
 11
2436465.511257784
 21
413958.3105623079
 31
0.0
  0
LINE
  5
249
330
17
100
AcDbEntity
  8
RES_SURVEY$0$P-LOTLINE
100
AcDbLine
 10
2436462.411915302
 20
413649.5619618809
 30
0.0
 11
2436610.460139808
 21
413654.6569807511
 31
0.0
  0
LINE
  5
24A
330
17
100
AcDbEntity
  8
RES_SURVEY$0$P-LOTLINE
100
AcDbLine
 10
2436612.989749289
 20
413954.6463156878
 30
0.0
 11
2436763.052357906
 21
413953.3809380447
 31
0.0
  0
LINE
  5
24B
330
17
100
AcDbEntity
  8
RES_SURVEY$0$P-LOTLINE
100
AcDbLine
 10
2436464.36260835
 20
413880.8969226312
 30
0.0
 11
2436760.352085488
 21
413878.4010412763
 31
0.0
  0
LINE
  5
24C
330
17
100
AcDbEntity
  8
RES_SURVEY$0$P-LOTLINE
100
AcDbLine
 10
2436610.460139808
 20
413654.6569807511
 30
0.0
 11
2436758.454878377
 21
413653.4090400734
 31
0.0
  0
LINE
  5
24D
330
17
100
AcDbEntity
  8
RES_SURVEY$0$P-LOTLINE
100
AcDbLine
 10
2436463.097803609
 20
413730.9022551626
 30
0.0
 11
2436759.087280747
 21
413728.4063738077
 31
0.0
  0
LINE
  5
24E
330
17
100
AcDbEntity
  8
RES_SURVEY$0$P-LOTLINE
100
AcDbLine
 10
2436463.730205979
 20
413805.8995888969
 30
0.0
 11
2436759.719683118
 21
413803.403707542
 31
0.0
  0
LINE
  5
24F
330
17
100
AcDbEntity
  8
RES_SURVEY$0$P-LOTLINE
100
AcDbLine
 10
2436909.233529782
 20
413264.8848903864
 30
0.0
 11
2436789.776359187
 21
413338.5981028522
 31
0.0
  0
LINE
  5
250
330
17
100
AcDbEntity
  8
RES_SURVEY$0$P-LOTLINE
100
AcDbLine
 10
2436830.796834674
 20
413177.1309274938
 30
0.0
 11
2436745.383773142
 21
413289.7190421456
 31
0.0
  0
LINE
  5
251
330
17
100
AcDbEntity
  8
RES_SURVEY$0$P-LOTLINE
100
AcDbLine
 10
2437026.624979675
 20
413360.5529336724
 30
0.0
 11
2436813.556035109
 21
413400.1967333918
 31
0.0
  0
LINE
  5
252
330
17
100
AcDbEntity
  8
RES_SURVEY$0$P-LOTLINE
100
AcDbLine
 10
2437061.475254808
 20
414114.9000493712
 30
0.0
 11
2436849.387656332
 21
414116.6884422824
 31
0.0
  0
LINE
  5
253
330
17
100
AcDbEntity
  8
RES_SURVEY$0$P-LOTLINE
100
AcDbLine
 10
2437059.979684114
 20
414038.9099586071
 30
0.0
 11
2436836.793352521
 21
414040.7919397135
 31
0.0
  0
LINE
  5
254
330
17
100
AcDbEntity
  8
RES_SURVEY$0$P-LOTLINE
100
AcDbLine
 10
2437058.484113421
 20
413962.9198678425
 30
0.0
 11
2436824.579606585
 21
413964.8922281545
 31
0.0
  0
LINE
  5
255
330
17
100
AcDbEntity
  8
RES_SURVEY$0$P-LOTLINE
100
AcDbLine
 10
2437056.988542728
 20
413886.9297770783
 30
0.0
 11
2436820.44295509
 21
413888.9244078584
 31
0.0
  0
LINE
  5
256
330
17
100
AcDbEntity
  8
RES_SURVEY$0$P-LOTLINE
100
AcDbLine
 10
2437035.49241819
 20
413811.1083376114
 30
0.0
 11
2436819.802120688
 21
413812.9271096746
 31
0.0
  0
LINE
  5
257
330
17
100
AcDbEntity
  8
RES_SURVEY$0$P-LOTLINE
100
AcDbLine
 10
2437033.996847497
 20
413735.1182468473
 30
0.0
 11
2436819.161286287
 21
413736.9298114907
 31
0.0
  0
LINE
  5
258
330
17
100
AcDbEntity
  8
RES_SURVEY$0$P-LOTLINE
100
AcDbLine
 10
2437032.501276804
 20
413659.1281560827
 30
0.0
 11
2436818.520451885
 21
413660.9325133064
 31
0.0
  0
LINE
  5
259
330
17
100
AcDbEntity
  8
RES_SURVEY$0$P-LOTLINE
100
AcDbLine
 10
2437028.762350072
 20
413469.1529291719
 30
0.0
 11
2436816.91836588
 21
413470.9392678468
 31
0.0
  0
LINE
  5
25A
330
17
100
AcDbEntity
  8
RES_SURVEY$0$P-LOTLINE
100
AcDbLine
 10
2437030.238242203
 20
413544.1431503212
 30
0.0
 11
2436817.550768251
 21
413545.9366015806
 31
0.0
  0
LINE
  5
25B
330
17
100
AcDbEntity
  8
RES_SURVEY$0$P-LOTLINE
100
AcDbLine
 10
2437031.714134335
 20
413619.13337147
 30
0.0
 11
2436818.18317062
 21
413620.9339353149
 31
0.0
  0
ARC
  5
25C
330
17
100
AcDbEntity
  8
RES_SURVEY$0$P-LOTLINE
100
AcDbCircle
 10
2436772.575392009
 20
414204.7600914271
 30
0.0
 40
15.00000000061042
100
AcDbArc
 50
10.62793282873483
 51
101.2050518939878
  0
ARC
  5
25D
330
17
100
AcDbEntity
  8
RES_SURVEY$0$P-LOTLINE
100
AcDbCircle
 10
2436521.949776143
 20
414157.7303064873
 30
0.0
 40
269.9999999999384
100
AcDbArc
 50
350.341615567613
 51
10.62793282696266
  0
ARC
  5
25E
330
17
100
AcDbEntity
  8
RES_SURVEY$0$P-LOTLINE
100
AcDbCircle
 10
2436862.102564185
 20
414215.3591255529
 30
0.0
 40
15.00000000027547
100
AcDbArc
 50
101.2050518942471
 51
189.6157659824873
  0
ARC
  5
25F
330
17
100
AcDbEntity
  8
RES_SURVEY$0$P-LOTLINE
100
AcDbCircle
 10
2436521.949776147
 20
414157.7303064843
 30
0.0
 40
329.9999999951053
100
AcDbArc
 50
350.3416155681392
 51
9.615765983520287
  0
LINE
  5
260
330
17
100
AcDbEntity
  8
RES_SURVEY$0$P-LOTLINE
100
AcDbLine
 10
2436828.611445116
 20
413992.7155811554
 30
0.0
 11
2436847.272220097
 21
414102.3650876265
 31
0.0
  0
LINE
  5
261
330
17
100
AcDbEntity
  8
RES_SURVEY$0$P-LOTLINE
100
AcDbLine
 10
2436769.461909851
 20
414002.7819845844
 30
0.0
 11
2436788.122684833
 21
414112.4314910551
 31
0.0
  0
LINE
  5
262
330
17
100
AcDbEntity
  8
RES_SURVEY$0$P-LOTLINE
100
AcDbLine
 10
2436769.660579357
 20
414219.4741618098
 30
0.0
 11
2436679.985119533
 21
414201.7097255904
 31
0.0
  0
LINE
  5
263
330
17
100
AcDbEntity
  8
RES_SURVEY$0$P-LOTLINE
100
AcDbLine
 10
2436756.87971472
 20
414284.2248493708
 30
0.0
 11
2436667.159943867
 21
414266.4516352713
 31
0.0
  0
LINE
  5
264
330
17
100
AcDbEntity
  8
RES_SURVEY$0$P-LOTLINE
100
AcDbLine
 10
2436873.79787261
 20
414232.9674165454
 30
0.0
 11
2436859.187751533
 21
414230.0731959352
 31
0.0
  0
LINE
  5
265
330
17
100
AcDbEntity
  8
RES_SURVEY$0$P-LOTLINE
100
AcDbLine
 10
2436858.252205137
 20
414311.4424585826
 30
0.0
 11
2436843.778407008
 21
414308.575243135
 31
0.0
  0
LINE
  5
266
330
17
100
AcDbEntity
  8
RES_SURVEY$0$P-LOTLINE
100
AcDbLine
 10
2436251.413948591
 20
413739.6392230345
 30
0.0
 11
2436397.15876715
 21
413738.4102544282
 31
0.0
  0
LINE
  5
267
330
17
100
AcDbEntity
  8
RES_SURVEY$0$P-LOTLINE
100
AcDbLine
 10
2436396.529596543
 20
413663.796179363
 30
0.0
 11
2436255.066812677
 21
413659.9921674244
 31
0.0
  0
LINE
  5
268
330
17
100
AcDbEntity
  8
RES_SURVEY$0$P-LOTLINE
100
AcDbLine
 10
2436252.052223118
 20
413815.3329425864
 30
0.0
 11
2436397.797041676
 21
413814.1039739805
 31
0.0
  0
LINE
  5
269
330
17
100
AcDbEntity
  8
RES_SURVEY$0$P-LOTLINE
100
AcDbLine
 10
2436400.683773676
 20
413594.08421255
 30
0.0
 11
2436274.399422965
 21
413564.0003698529
 31
0.0
  0
ARC
  5
26A
330
17
100
AcDbEntity
  8
RES_SURVEY$0$P-LOTLINE
100
AcDbCircle
 10
2436056.846775358
 20
413397.2679087339
 30
0.0
 40
89.99999999846342
100
AcDbArc
 50
38.01592646067389
 51
51.02448470759584
  0
LINE
  5
26B
330
17
100
AcDbEntity
  8
RES_SURVEY$0$P-LOTLINE
100
AcDbLine
 10
2436054.424296951
 20
413514.9961892283
 30
0.0
 11
2436113.455715967
 21
413467.2352428464
 31
0.0
  0
ARC
  5
26C
330
17
100
AcDbEntity
  8
RES_SURVEY$0$P-LOTLINE
100
AcDbCircle
 10
2436092.163590692
 20
413561.6410786363
 30
0.0
 40
59.99999999982186
100
AcDbArc
 50
14.76148470819421
 51
231.024484705923
  0
LINE
  5
26D
330
17
100
AcDbEntity
  8
RES_SURVEY$0$P-LOTLINE
100
AcDbLine
 10
2436150.183283825
 20
413576.9288256494
 30
0.0
 11
2436168.840942962
 21
413506.1197223421
 31
0.0
  0
ARC
  5
26E
330
17
100
AcDbEntity
  8
RES_SURVEY$0$P-LOTLINE
100
AcDbCircle
 10
2436226.860636104
 20
413521.4074693424
 30
0.0
 40
60.00000000556487
100
AcDbArc
 50
194.7614846941032
 51
224.6254734252269
  0
LINE
  5
26F
330
17
100
AcDbEntity
  8
RES_SURVEY$0$P-LOTLINE
100
AcDbLine
 10
2436647.450938331
 20
413113.4046349293
 30
0.0
 11
2436647.921362299
 21
412980.0798508292
 31
0.0
  0
LINE
  5
270
330
17
100
AcDbEntity
  8
RES_SURVEY$0$P-LOTLINE
100
AcDbLine
 10
2437055.581159256
 20
413815.4204875003
 30
0.0
 11
2437063.738046026
 21
414229.8726888336
 31
0.0
  0
LINE
  5
271
330
17
100
AcDbEntity
  8
RES_SURVEY$0$P-LOTLINE
100
AcDbLine
 10
2437065.902682152
 20
414339.8580586291
 30
0.0
 11
2437067.387549615
 21
414415.3043172094
 31
0.0
  0
ARC
  5
272
330
17
100
AcDbEntity
  8
RES_SURVEY$0$P-LOTLINE
100
AcDbCircle
 10
2436840.863594357
 20
414323.2893135165
 30
0.0
 40
14.99999999932435
100
AcDbArc
 50
190.8380467534395
 51
281.2050518948088
  0
ARC
  5
273
330
17
100
AcDbEntity
  8
RES_SURVEY$0$P-LOTLINE
100
AcDbCircle
 10
2437140.423188964
 20
414380.639546987
 30
0.0
 40
320.0000000001348
100
AcDbArc
 50
174.0025673626044
 51
190.8380467541825
  0
ARC
  5
274
330
17
100
AcDbEntity
  8
RES_SURVEY$0$P-LOTLINE
100
AcDbCircle
 10
2436753.964902068
 20
414298.9389197526
 30
0.0
 40
14.99999999981868
100
AcDbArc
 50
281.2050518945927
 51
11.93705827484204
  0
ARC
  5
275
330
17
100
AcDbEntity
  8
RES_SURVEY$0$P-LOTLINE
100
AcDbCircle
 10
2437140.423188963
 20
414380.6395469828
 30
0.0
 40
379.9999999990908
100
AcDbArc
 50
174.0025673618291
 51
191.9370582736809
  0
ARC
  5
276
330
17
100
AcDbEntity
  8
RES_SURVEY$0$P-LOTLINE
100
AcDbCircle
 10
2436636.593084105
 20
413433.1226194307
 30
0.0
 40
179.9999999983416
100
AcDbArc
 50
275.5618375286056
 51
359.5168744516722
  0
ARC
  5
277
330
17
100
AcDbEntity
  8
RES_SURVEY$0$P-LOTLINE
100
AcDbCircle
 10
2436636.593084103
 20
413433.1226194331
 30
0.0
 40
120.00000000083
100
AcDbArc
 50
275.5618375291113
 51
359.5168744506606
  0
ARC
  5
278
330
17
100
AcDbEntity
  8
RES_SURVEY$0$P-LOTLINE
100
AcDbCircle
 10
2435416.590929214
 20
415353.7606415639
 30
0.0
 40
480.0000000043646
100
AcDbArc
 50
98.7439164065506
 51
103.8002185213945
  0
ARC
  5
279
330
17
100
AcDbEntity
  8
RES_SURVEY$0$P-LOTLINE
100
AcDbCircle
 10
2435416.590929552
 20
415353.7606415834
 30
0.0
 40
480.0000000121464
100
AcDbArc
 50
80.45465065332463
 51
88.31209930635818
  0
LINE
  5
27A
330
17
100
AcDbEntity
  8
RES_SURVEY$0$P-LOTLINE
100
AcDbLine
 10
2436726.273189673
 20
413124.805149232
 30
0.0
 11
2436685.840799502
 21
413260.413966089
 31
0.0
  0
LINE
  5
27B
330
17
100
AcDbEntity
  8
RES_SURVEY$0$P-LOTLINE
100
AcDbLine
 10
2436568.950976755
 20
413102.0507352445
 30
0.0
 11
2436726.273189673
 21
413124.805149232
 31
0.0
  0
LINE
  5
27C
330
17
100
AcDbEntity
  8
RES_SURVEY$0$P-LOTLINE
100
AcDbLine
 10
2436726.273189673
 20
413124.805149232
 30
0.0
 11
2436830.796834674
 21
413177.1309274938
 31
0.0
  0
LINE
  5
27D
330
17
100
AcDbEntity
  8
RES_SURVEY$0$P-LOTLINE
100
AcDbLine
 10
2436830.796834674
 20
413177.1309274938
 30
0.0
 11
2436909.233529782
 21
413264.8848903864
 31
0.0
  0
LINE
  5
27E
330
17
100
AcDbEntity
  8
RES_SURVEY$0$P-LOTLINE
100
AcDbLine
 10
2436909.233529782
 20
413264.8848903864
 30
0.0
 11
2437024.714871863
 21
413263.5001720218
 31
0.0
  0
ARC
  5
27F
330
17
100
AcDbEntity
  8
RES_SURVEY$0$P-LOTLINE
100
AcDbCircle
 10
2436386.041727202
 20
413978.6276938525
 30
0.0
 40
15.00000000011444
100
AcDbArc
 50
266.6978968393101
 51
353.5938314222122
  0
ARC
  5
280
330
17
100
AcDbEntity
  8
RES_SURVEY$0$P-LOTLINE
100
AcDbCircle
 10
2436403.609932508
 20
414283.1213032501
 30
0.0
 40
320.0000000028873
100
AcDbArc
 50
224.4166923585719
 51
266.6978968391746
  0
LINE
  5
281
330
17
100
AcDbEntity
  8
RES_SURVEY$0$P-LOTLINE
100
AcDbLine
 10
2436031.600060666
 20
414205.5571307465
 30
0.0
 11
2436175.043912741
 21
414059.1624351293
 31
0.0
  0
ARC
  5
282
330
17
100
AcDbEntity
  8
RES_SURVEY$0$P-LOTLINE
100
AcDbCircle
 10
2435903.031674548
 20
414079.5802674302
 30
0.0
 40
180.0000000000045
100
AcDbArc
 50
44.41669235837671
 51
89.51687444506197
  0
LINE
  5
283
330
17
100
AcDbEntity
  8
RES_SURVEY$0$P-LOTLINE
100
AcDbLine
 10
2435888.762993058
 20
414259.7069849479
 30
0.0
 11
2435904.549440256
 21
414259.573868392
 31
0.0
  0
ARC
  5
284
330
17
100
AcDbEntity
  8
RES_SURVEY$0$P-LOTLINE
100
AcDbCircle
 10
2436383.424998753
 20
413888.6373765128
 30
0.0
 40
15.00000000019765
100
AcDbArc
 50
359.5168744529989
 51
87.07084697970404
  0
ARC
  5
285
330
17
100
AcDbEntity
  8
RES_SURVEY$0$P-LOTLINE
100
AcDbCircle
 10
2436403.60993252
 20
414283.1213032654
 30
0.0
 40
380.0000000218252
100
AcDbArc
 50
224.4166923589136
 51
267.0708469763056
  0
LINE
  5
286
330
17
100
AcDbEntity
  8
RES_SURVEY$0$P-LOTLINE
100
AcDbLine
 10
2435988.743931959
 20
414163.5648429743
 30
0.0
 11
2436132.187784036
 21
414017.1701473575
 31
0.0
  0
ARC
  5
287
330
17
100
AcDbEntity
  8
RES_SURVEY$0$P-LOTLINE
100
AcDbCircle
 10
2435903.031674548
 20
414079.5802674305
 30
0.0
 40
119.9999999995662
100
AcDbArc
 50
44.41669235826978
 51
89.51687444498661
  0
LINE
  5
288
330
17
100
AcDbEntity
  8
RES_SURVEY$0$P-LOTLINE
100
AcDbLine
 10
2435888.314556254
 20
414199.7086332273
 30
0.0
 11
2435904.043518353
 21
414199.5760014048
 31
0.0
  0
LINE
  5
289
330
17
100
AcDbEntity
  8
RES_SURVEY$0$P-LOTLINE
100
AcDbLine
 10
2436335.963993039
 20
414180.1380609106
 30
0.0
 11
2436317.747237047
 21
414205.1252617463
 31
0.0
  0
LINE
  5
28A
330
17
100
AcDbEntity
  8
RES_SURVEY$0$P-LOTLINE
100
AcDbLine
 10
2436019.577165211
 20
414408.2858464196
 30
0.0
 11
2435970.512218326
 21
414246.4526024992
 31
0.0
  0
LINE
  5
28B
330
17
100
AcDbEntity
  8
RES_SURVEY$0$P-LOTLINE
100
AcDbLine
 10
2436116.063774326
 20
414342.5439166534
 30
0.0
 11
2436040.315969123
 21
414196.661923687
 31
0.0
  0
LINE
  5
28C
330
17
100
AcDbEntity
  8
RES_SURVEY$0$P-LOTLINE
100
AcDbLine
 10
2436190.971553064
 20
414291.5048971055
 30
0.0
 11
2436106.599941575
 21
414129.0143958842
 31
0.0
  0
LINE
  5
28D
330
17
100
AcDbEntity
  8
RES_SURVEY$0$P-LOTLINE
100
AcDbLine
 10
2436265.879331802
 20
414240.4658775581
 30
0.0
 11
2436172.883914027
 21
414061.366868082
 31
0.0
  0
LINE
  5
28E
330
17
100
AcDbEntity
  8
RES_SURVEY$0$P-LOTLINE
100
AcDbLine
 10
2436335.963993039
 20
414180.1380609106
 30
0.0
 11
2436245.09770259
 21
414005.1395179327
 31
0.0
  0
LINE
  5
28F
330
17
100
AcDbEntity
  8
RES_SURVEY$0$P-LOTLINE
100
AcDbLine
 10
2435893.151613876
 20
414933.2227676567
 30
0.0
 11
2436056.459740808
 21
414931.8456994132
 31
0.0
  0
LINE
  5
290
330
17
100
AcDbEntity
  8
RES_SURVEY$0$P-LOTLINE
100
AcDbLine
 10
2435892.565186321
 20
414843.2245129752
 30
0.0
 11
2436055.700857963
 21
414841.8488989323
 31
0.0
  0
LINE
  5
291
330
17
100
AcDbEntity
  8
RES_SURVEY$0$P-LOTLINE
100
AcDbLine
 10
2435891.978758765
 20
414753.2262582942
 30
0.0
 11
2436054.941975119
 21
414751.852098451
 31
0.0
  0
LINE
  5
292
330
17
100
AcDbEntity
  8
RES_SURVEY$0$P-LOTLINE
100
AcDbLine
 10
2436845.122674232
 20
414632.5040890141
 30
0.0
 11
2436822.174683947
 21
414414.074394891
 31
0.0
  0
ARC
  5
293
330
17
100
AcDbEntity
  8
RES_SURVEY$0$P-LOTLINE
100
AcDbCircle
 10
2436758.164409494
 20
414522.6086361472
 30
0.0
 40
15.00000000044149
100
AcDbArc
 50
354.0025673619442
 51
84.0025673633174
  0
LINE
  5
294
330
17
100
AcDbEntity
  8
RES_SURVEY$0$P-LOTLINE
100
AcDbLine
 10
2436773.082308168
 20
414521.0413776515
 30
0.0
 11
2436762.503018053
 21
414420.3427511249
 31
0.0
  0
LINE
  5
295
330
17
100
AcDbEntity
  8
RES_SURVEY$0$P-LOTLINE
100
AcDbLine
 10
2436785.451079542
 20
414638.773122997
 30
0.0
 11
2436782.485859141
 21
414610.5487696887
 31
0.0
  0
LINE
  5
296
330
17
100
AcDbEntity
  8
RES_SURVEY$0$P-LOTLINE
100
AcDbLine
 10
2436287.783304378
 20
413384.4801345728
 30
0.0
 11
2436298.44018562
 21
413215.5718176095
 31
0.0
  0
LINE
  5
297
330
17
100
AcDbEntity
  8
RES_SURVEY$0$P-LOTLINE
100
AcDbLine
 10
2435972.524211153
 20
413409.2275692904
 30
0.0
 11
2436067.487062146
 21
413504.4274101192
 31
0.0
  0
LINE
  5
298
330
17
100
AcDbEntity
  8
RES_SURVEY$0$P-LOTLINE
100
AcDbLine
 10
2436040.771099167
 20
413343.126739067
 30
0.0
 11
2436138.053884724
 21
413440.6523041022
 31
0.0
  0
LINE
  5
299
330
17
100
AcDbEntity
  8
RES_SURVEY$0$P-LOTLINE
100
AcDbLine
 10
2436219.877940623
 20
413169.6520025143
 30
0.0
 11
2436517.461306315
 21
413343.5901725446
 31
0.0
  0
LINE
  5
29A
330
17
100
AcDbEntity
  8
RES_SURVEY$0$P-LOTLINE
100
AcDbLine
 10
2435884.231764622
 20
413564.3054016186
 30
0.0
 11
2436032.168515617
 21
413562.4098222209
 31
0.0
  0
LINE
  5
29B
330
17
100
AcDbEntity
  8
RES_SURVEY$0$P-LOTLINE
100
AcDbLine
 10
2435886.270830045
 20
413877.238051794
 30
0.0
 11
2436059.379855434
 21
413611.892712466
 31
0.0
  0
LINE
  5
29C
330
17
100
AcDbEntity
  8
RES_SURVEY$0$P-LOTLINE
100
AcDbLine
 10
2436191.006935226
 20
413794.2111498881
 30
0.0
 11
2436115.632243142
 21
413616.8608427807
 31
0.0
  0
LINE
  5
29D
330
17
100
AcDbEntity
  8
RES_SURVEY$0$P-LOTLINE
100
AcDbLine
 10
2435886.270830045
 20
413877.238051794
 30
0.0
 11
2436251.734599509
 21
413777.6655888613
 31
0.0
  0
LINE
  5
29E
330
17
100
AcDbEntity
  8
RES_SURVEY$0$P-LOTLINE
100
AcDbLine
 10
2436185.146429382
 20
413972.1973610967
 30
0.0
 11
2436090.654219345
 21
413821.5527577763
 31
0.0
  0
LINE
  5
29F
330
17
100
AcDbEntity
  8
RES_SURVEY$0$P-LOTLINE
100
AcDbLine
 10
2436111.915756216
 20
414037.8591995491
 30
0.0
 11
2435966.235410269
 21
413855.4512951691
 31
0.0
  0
LINE
  5
2A0
330
17
100
AcDbEntity
  8
RES_SURVEY$0$P-LOTLINE
100
AcDbLine
 10
2435886.57076248
 20
413923.2682825271
 30
0.0
 11
2436040.009557436
 21
414111.2446108516
 31
0.0
  0
LINE
  5
2A1
330
17
100
AcDbEntity
  8
RES_SURVEY$0$P-LOTLINE
100
AcDbLine
 10
2436317.747237047
 20
414205.1252617463
 30
0.0
 11
2436383.53379216
 21
414258.3901059045
 31
0.0
  0
LINE
  5
2A2
330
17
100
AcDbEntity
  8
RES_SURVEY$0$P-LOTLINE
100
AcDbLine
 10
2436317.747237047
 20
414205.1252617463
 30
0.0
 11
2436019.577165211
 21
414408.2858464196
 31
0.0
  0
LINE
  5
2A3
330
17
100
AcDbEntity
  8
RES_SURVEY$0$P-LOTLINE
100
AcDbLine
 10
2436153.971759507
 20
413562.550893032
 30
0.0
 11
2436260.231702401
 21
413619.521057853
 31
0.0
  0
LINE
  5
2A4
330
17
100
AcDbEntity
  8
RES_SURVEY$0$P-LOTLINE
100
AcDbLine
 10
2436251.010364665
 20
413691.7777351271
 30
0.0
 11
2436260.231702401
 21
413619.521057853
 31
0.0
  0
LINE
  5
2A5
330
17
100
AcDbEntity
  8
RES_SURVEY$0$P-LOTLINE
100
AcDbLine
 10
2436260.231702401
 20
413619.521057853
 30
0.0
 11
2436303.85732183
 21
413448.5602886705
 31
0.0
  0
LINE
  5
2A6
330
17
100
AcDbEntity
  8
RES_SURVEY$0$P-LOTLINE
100
AcDbLine
 10
2436251.010364665
 20
413691.7777351271
 30
0.0
 11
2436253.054706046
 21
413934.2185606593
 31
0.0
  0
ARC
  5
2A7
330
17
100
AcDbEntity
  8
RES_SURVEY$0$P-LOTLINE
100
AcDbCircle
 10
2437048.740950283
 20
414230.1678485922
 30
0.0
 40
14.99999999998865
100
AcDbArc
 50
358.8725000013175
 51
89.50364194703481
  0
ARC
  5
2A8
330
17
100
AcDbEntity
  8
RES_SURVEY$0$P-LOTLINE
100
AcDbCircle
 10
2437050.905586409
 20
414340.1532183881
 30
0.0
 40
14.99999999999184
100
AcDbArc
 50
269.50339895749
 51
358.8724999995391
  0
LINE
  5
2A9
330
17
100
AcDbEntity
  8
RES_SURVEY$0$P-LOTLINE
100
AcDbLine
 10
2436330.118325161
 20
413459.9549239725
 30
0.0
 11
2436412.647973034
 21
413508.1936952854
 31
0.0
  0
ARC
  5
2AA
330
17
100
AcDbEntity
  8
RES_SURVEY$0$P-LOTLINE
100
AcDbCircle
 10
2436269.563464186
 20
413563.5556421758
 30
0.0
 40
120.0000000000354
100
AcDbArc
 50
224.6254734404229
 51
300.3063853056728
  0
ARC
  5
2AB
330
17
100
AcDbEntity
  8
RES_SURVEY$0$P-LOTLINE
100
AcDbCircle
 10
2436269.563464186
 20
413563.5556421771
 30
0.0
 40
180.0000000009014
100
AcDbArc
 50
218.0159264603669
 51
300.3063853053517
  0
LINE
  5
2AC
330
17
100
AcDbEntity
  8
RES_SURVEY$0$P-LOTLINE
100
AcDbLine
 10
2436439.18566183
 20
413454.2074484592
 30
0.0
 11
2436360.395755649
 21
413408.1545648705
 31
0.0
  0
ARC
  5
2AD
330
17
100
AcDbEntity
  8
RES_SURVEY$0$P-LOTLINE
100
AcDbCircle
 10
2437060.299105252
 20
414789.9674085586
 30
0.0
 40
569.9999999820815
100
AcDbArc
 50
179.5168744508183
 51
200.7061822416593
  0
LINE
  5
2AE
330
17
100
AcDbEntity
  8
RES_SURVEY$0$P-LOTLINE
100
AcDbLine
 10
2436494.139345763
 20
415247.7891732771
 30
0.0
 11
2436490.31936889
 21
414794.7736665774
 31
0.0
  0
ARC
  5
2AF
330
17
100
AcDbEntity
  8
RES_SURVEY$0$P-LOTLINE
100
AcDbCircle
 10
2436457.183607521
 20
414561.3264314376
 30
0.0
 40
14.99999999964989
100
AcDbArc
 50
291.1124942728538
 51
20.76170898070404
  0
ARC
  5
2B0
330
17
100
AcDbEntity
  8
RES_SURVEY$0$P-LOTLINE
100
AcDbCircle
 10
2437060.299106275
 20
414789.9674086431
 30
0.0
 40
630.0000010047333
100
AcDbArc
 50
179.5168744593005
 51
200.7617089538866
  0
LINE
  5
2B1
330
17
100
AcDbEntity
  8
RES_SURVEY$0$P-LOTLINE
100
AcDbLine
 10
2436434.141478775
 20
415248.2950951736
 30
0.0
 11
2436430.321501902
 21
414795.279588474
 31
0.0
  0
LINE
  5
2B2
330
17
100
AcDbEntity
  8
RES_SURVEY$0$P-LOTLINE
100
AcDbLine
 10
2436219.877940623
 20
413169.6520025143
 30
0.0
 11
2435883.781343499
 21
413495.1798727429
 31
0.0
  0
LINE
  5
2B3
330
17
100
AcDbEntity
  8
RES_SURVEY$0$P-LOTLINE
100
AcDbLine
 10
2436206.940799022
 20
413394.8001924632
 30
0.0
 11
2436148.901653765
 21
413238.3964042598
 31
0.0
  0
LINE
  5
2B4
330
17
100
AcDbEntity
  8
RES_SURVEY$0$P-LOTLINE
100
AcDbLine
 10
2436398.144219223
 20
413012.7141077584
 30
0.0
 11
2436282.735410774
 21
413206.3923401516
 31
0.0
  0
LINE
  5
2B5
330
17
100
AcDbEntity
  8
RES_SURVEY$0$P-LOTLINE
100
AcDbLine
 10
2436312.911530001
 20
412982.9685337627
 30
0.0
 11
2436219.877940623
 21
413169.6520025143
 31
0.0
  0
LINE
  5
2B6
330
17
100
AcDbEntity
  8
RES_SURVEY$0$P-LOTLINE
100
AcDbLine
 10
2436316.593318776
 20
413226.1823662012
 30
0.0
 11
2436531.835696162
 21
413200.3665890275
 31
0.0
  0
ARC
  5
2B7
330
17
100
AcDbEntity
  8
RES_SURVEY$0$P-LOTLINE
100
AcDbCircle
 10
2414287.101216011
 20
414933.8873092222
 30
0.0
 40
22826.08000177604
100
AcDbArc
 50
358.8722297532451
 51
0.3380555554993787
  0
LINE
  5
2B8
330
17
100
AcDbEntity
  8
RES_SURVEY$0$P-LOTLINE
100
AcDbLine
 10
2437107.379804928
 20
414414.517224519
 30
0.0
 11
2437067.387549615
 21
414415.3043172094
 31
0.0
  0
LINE
  5
2B9
330
17
100
AcDbEntity
  8
RES_SURVEY$0$P-LOTLINE
100
AcDbLine
 10
2437055.581159256
 20
413815.4204875003
 30
0.0
 11
2437035.5850316
 21
413815.8140338454
 31
0.0
  0
LINE
  5
2BA
330
17
100
AcDbEntity
  8
RES_SURVEY$0$P-LOTLINE
100
AcDbLine
 10
2437035.5850316
 20
413815.8140338454
 30
0.0
 11
2437019.146403985
 21
412980.5657835496
 31
0.0
  0
LINE
  5
2BB
330
17
100
AcDbEntity
  8
RES_SURVEY$0$P-LOTLINE
100
AcDbLine
 10
2437019.146403985
 20
412980.5657835496
 30
0.0
 11
2436468.540517393
 21
412979.8450417179
 31
0.0
  0
LINE
  5
2BC
330
17
100
AcDbEntity
  8
RES_SURVEY$0$P-LOTLINE
100
AcDbLine
 10
2436268.75706467
 20
412979.5835256404
 30
0.0
 11
2436218.093645873
 21
413113.3660605932
 31
0.0
  0
LINE
  5
2BD
330
17
100
AcDbEntity
  8
RES_SURVEY$0$P-LOTLINE
100
AcDbLine
 10
2436218.093645873
 20
413113.3660605932
 30
0.0
 11
2435883.564526444
 21
413461.9052485139
 31
0.0
  0
LINE
  5
2BE
330
17
100
AcDbEntity
  8
RES_SURVEY$0$P-LOTLINE
100
AcDbLine
 10
2435883.564526444
 20
413461.9052485139
 30
0.0
 11
2435897.598981973
 21
415615.7544166073
 31
0.0
  0
LINE
  5
2BF
330
17
100
AcDbEntity
  8
RES_SURVEY$0$P-LOTLINE
100
AcDbLine
 10
2436278.899942093
 20
415516.7929241024
 30
0.0
 11
2436271.844658287
 21
414680.0985999182
 31
0.0
  0
LINE
  5
2C0
330
17
100
AcDbEntity
  8
RES_SURVEY$0$P-LOTLINE
100
AcDbLine
 10
2436121.154344991
 20
415488.3313120506
 30
0.0
 11
2436114.559593059
 21
414706.2519990839
 31
0.0
  0
LINE
  5
2C1
330
17
100
AcDbEntity
  8
RES_SURVEY$0$P-LOTLINE
100
AcDbLine
 10
2436060.211994873
 20
415376.8298795694
 30
0.0
 11
2436054.561726071
 21
414706.7579209805
 31
0.0
  0
ARC
  5
2C2
330
17
100
AcDbEntity
  8
RES_SURVEY$0$P-LOTLINE
100
AcDbCircle
 10
2436446.755019452
 20
413441.2573586836
 30
0.0
 40
14.99999999992812
100
AcDbArc
 50
30.30638530475071
 51
120.3063853053739
  0
LINE
  5
2C3
330
17
100
AcDbEntity
  8
RES_SURVEY$0$P-LOTLINE
100
AcDbLine
 10
2436459.705109227
 20
413448.8267163052
 30
0.0
 11
2436499.328449314
 21
413381.0368407383
 31
0.0
  0
LINE
  5
2C4
330
17
100
AcDbEntity
  8
RES_SURVEY$0$P-LOTLINE
100
AcDbLine
 10
2436398.4244655
 20
413888.5108960392
 30
0.0
 11
2436396.414261616
 21
413650.1184759666
 31
0.0
  0
ARC
  5
2C5
330
17
100
AcDbEntity
  8
RES_SURVEY$0$P-LOTLINE
100
AcDbCircle
 10
2437390.532029998
 20
413897.0847485866
 30
0.0
 40
569.9999998702469
100
AcDbArc
 50
170.3416155664586
 51
179.5168744516304
  0
ARC
  5
2C6
330
17
100
AcDbEntity
  8
RES_SURVEY$0$P-LOTLINE
100
AcDbCircle
 10
2437390.53203011
 20
413897.0847485854
 30
0.0
 40
629.999999981429
100
AcDbArc
 50
170.3416155682048
 51
179.5168744515383
  0
LINE
  5
2C7
330
17
100
AcDbEntity
  8
RES_SURVEY$0$P-LOTLINE
100
AcDbLine
 10
2436612.989749289
 20
413954.6463156878
 30
0.0
 11
2436610.460139808
 21
413654.6569807511
 31
0.0
  0
LINE
  5
2C8
330
17
100
AcDbEntity
  8
RES_SURVEY$0$P-LOTLINE
100
AcDbLine
 10
2436760.554426761
 20
413902.3969284929
 30
0.0
 11
2436756.588818079
 21
413432.1107756393
 31
0.0
  0
LINE
  5
2C9
330
17
100
AcDbEntity
  8
RES_SURVEY$0$P-LOTLINE
100
AcDbLine
 10
2436820.552293748
 20
413901.8910065964
 30
0.0
 11
2436816.586685065
 21
413431.6048537432
 31
0.0
  0
LINE
  5
2CA
330
17
100
AcDbEntity
  8
RES_SURVEY$0$P-LOTLINE
100
AcDbLine
 10
2436464.878276635
 20
413942.0506252293
 30
0.0
 11
2436462.411915302
 21
413649.5619618809
 31
0.0
  0
ARC
  5
2CB
330
17
100
AcDbEntity
  8
RES_SURVEY$0$P-LOTLINE
100
AcDbCircle
 10
2436731.868784729
 20
413939.7992727904
 30
0.0
 40
333.0000000001363
100
AcDbArc
 50
101.2050518944346
 51
173.5938314223509
  0
ARC
  5
2CC
330
17
100
AcDbEntity
  8
RES_SURVEY$0$P-LOTLINE
100
AcDbCircle
 10
2436731.868784729
 20
413939.7992727899
 30
0.0
 40
267.0000000007524
100
AcDbArc
 50
101.2050518945458
 51
179.516874451055
  0
LINE
  5
2CD
330
17
100
AcDbEntity
  8
RES_SURVEY$0$P-LOTLINE
100
AcDbLine
 10
2436498.890825393
 20
413512.576043772
 30
0.0
 11
2436556.308844326
 21
413414.3420142746
 31
0.0
  0
ARC
  5
2CE
330
17
100
AcDbEntity
  8
RES_SURVEY$0$P-LOTLINE
100
AcDbCircle
 10
2437002.049629276
 20
413585.5483197432
 30
0.0
 40
739.9999999934303
100
AcDbArc
 50
89.50339895711328
 51
101.2050518945683
  0
LINE
  5
2CF
330
17
100
AcDbEntity
  8
RES_SURVEY$0$P-LOTLINE
100
AcDbLine
 10
2437050.775578188
 20
414325.1537818033
 30
0.0
 11
2437008.46336819
 21
414325.5205245884
 31
0.0
  0
ARC
  5
2D0
330
17
100
AcDbEntity
  8
RES_SURVEY$0$P-LOTLINE
100
AcDbCircle
 10
2437002.049629273
 20
413585.5483197386
 30
0.0
 40
659.9999999977846
100
AcDbArc
 50
89.50339895684178
 51
101.205051894329
  0
LINE
  5
2D1
330
17
100
AcDbEntity
  8
RES_SURVEY$0$P-LOTLINE
100
AcDbLine
 10
2437048.870894892
 20
414245.1672857283
 30
0.0
 11
2437007.76999101
 21
414245.523529469
 31
0.0
  0
LINE
  5
2D2
330
17
100
AcDbEntity
  8
RES_SURVEY$0$P-LOTLINE
100
AcDbLine
 10
2436849.63610767
 20
414712.2271394208
 30
0.0
 11
2436854.132554445
 21
415245.4659909429
 31
0.0
  0
ARC
  5
2D3
330
17
100
AcDbEntity
  8
RES_SURVEY$0$P-LOTLINE
100
AcDbCircle
 10
2436019.665613188
 20
414719.2257258467
 30
0.0
 40
830.0000011579582
100
AcDbArc
 50
354.0025673653557
 51
359.5168744385297
  0
LINE
  5
2D4
330
17
100
AcDbEntity
  8
RES_SURVEY$0$P-LOTLINE
100
AcDbLine
 10
2436640.114784745
 20
414769.8793895934
 30
0.0
 11
2436644.541601416
 21
415294.8607257321
 31
0.0
  0
LINE
  5
2D5
330
17
100
AcDbEntity
  8
RES_SURVEY$0$P-LOTLINE
100
AcDbLine
 10
2436789.638240682
 20
414712.7330613257
 30
0.0
 11
2436794.134687459
 21
415245.9719128478
 31
0.0
  0
ARC
  5
2D6
330
17
100
AcDbEntity
  8
RES_SURVEY$0$P-LOTLINE
100
AcDbCircle
 10
2436019.665614685
 20
414719.225725752
 30
0.0
 40
769.9999996601691
100
AcDbArc
 50
354.0025673610122
 51
359.5168744442898
  0
ARC
  5
2D7
330
17
100
AcDbEntity
  8
RES_SURVEY$0$P-LOTLINE
100
AcDbCircle
 10
2436405.078615411
 20
413521.1437850605
 30
0.0
 40
15.00000000000845
100
AcDbArc
 50
300.3063853079192
 51
21.25678138959814
  0
ARC
  5
2D8
330
17
100
AcDbEntity
  8
RES_SURVEY$0$P-LOTLINE
100
AcDbCircle
 10
2436729.402423419
 20
413647.310609446
 30
0.0
 40
333.0000000227882
100
AcDbArc
 50
179.5168744519259
 51
201.2567813879375
  0
ARC
  5
2D9
330
17
100
AcDbEntity
  8
RES_SURVEY$0$P-LOTLINE
100
AcDbCircle
 10
2436729.402423425
 20
413647.3106094483
 30
0.0
 40
267.000000028496
100
AcDbArc
 50
179.5168744525544
 51
210.3063853036835
  0
ARC
  5
2DA
330
17
100
AcDbEntity
  8
RES_SURVEY$0$P-LOTLINE
100
AcDbCircle
 10
2434964.193737505
 20
415260.6901816404
 30
0.0
 40
1530.000000080225
100
AcDbArc
 50
359.5168744509666
 51
3.134066495048822
  0
ARC
  5
2DB
330
17
100
AcDbEntity
  8
RES_SURVEY$0$P-LOTLINE
100
AcDbCircle
 10
2434964.193736271
 20
415260.6901816194
 30
0.0
 40
1470.000001313664
100
AcDbArc
 50
359.51687445219
 51
3.134066493236865
  0
LINE
  5
2DC
330
17
100
AcDbEntity
  8
RES_SURVEY$0$P-LOTLINE
100
AcDbLine
 10
2436844.789496617
 20
414629.3327487949
 30
0.0
 11
2437110.865664044
 21
414608.7647659248
 31
0.0
  0
LINE
  5
2DD
330
17
100
AcDbEntity
  8
RES_SURVEY$0$P-LOTLINE
100
AcDbLine
 10
2437109.53847494
 20
414526.1057381248
 30
0.0
 11
2436836.95320414
 21
414554.7432554318
 31
0.0
  0
LINE
  5
2DE
330
17
100
AcDbEntity
  8
RES_SURVEY$0$P-LOTLINE
100
AcDbLine
 10
2437111.977029137
 20
414699.4254511497
 30
0.0
 11
2436849.529284617
 21
414704.1828283519
 31
0.0
  0
LINE
  5
2DF
330
17
100
AcDbEntity
  8
RES_SURVEY$0$P-LOTLINE
100
AcDbLine
 10
2437112.641827604
 20
414776.9668324022
 30
0.0
 11
2436850.200674918
 21
414779.1798231923
 31
0.0
  0
LINE
  5
2E0
330
17
100
AcDbEntity
  8
RES_SURVEY$0$P-LOTLINE
100
AcDbLine
 10
2437113.034212884
 20
414851.9661900401
 30
0.0
 11
2436850.833077295
 21
414854.1771569266
 31
0.0
  0
LINE
  5
2E1
330
17
100
AcDbEntity
  8
RES_SURVEY$0$P-LOTLINE
100
AcDbLine
 10
2437113.180168943
 20
414926.967625651
 30
0.0
 11
2436851.465479672
 21
414929.1744906604
 31
0.0
  0
ARC
  5
2E2
330
17
100
AcDbEntity
  8
RES_SURVEY$0$P-LOTLINE
100
AcDbCircle
 10
2436268.816851309
 20
413246.3022750712
 30
0.0
 40
267.0000000006041
100
AcDbArc
 50
272.7065013472161
 51
30.30638530490429
  0
ARC
  5
2E3
330
17
100
AcDbEntity
  8
RES_SURVEY$0$P-LOTLINE
100
AcDbCircle
 10
2436268.816851308
 20
413246.3022750746
 30
0.0
 40
332.9999999996946
100
AcDbArc
 50
13.04072153242153
 51
30.30638530443965
  0
ARC
  5
2E4
330
17
100
AcDbEntity
  8
RES_SURVEY$0$P-LOTLINE
100
AcDbCircle
 10
2436607.841910571
 20
413324.8262153221
 30
0.0
 40
15.0000000004573
100
AcDbArc
 50
193.0407215340115
 51
275.5618375286149
  0
LINE
  5
2E5
330
17
100
AcDbEntity
  8
RES_SURVEY$0$P-LOTLINE
100
AcDbLine
 10
2436609.295710514
 20
413309.8968326915
 30
0.0
 11
2436648.223483652
 21
413313.6875583893
 31
0.0
  0
LINE
  5
2E6
330
17
100
AcDbEntity
  8
RES_SURVEY$0$P-LOTLINE
100
AcDbLine
 10
2436615.187735293
 20
413250.1867832686
 30
0.0
 11
2436654.038683426
 21
413253.9700278677
 31
0.0
  0
ARC
  5
2E7
330
17
100
AcDbEntity
  8
RES_SURVEY$0$P-LOTLINE
100
AcDbCircle
 10
2436616.641535236
 20
413235.2574006376
 30
0.0
 40
15.00000000053977
100
AcDbArc
 50
95.56183752671525
 51
178.1812328134934
  0
ARC
  5
2E8
330
17
100
AcDbEntity
  8
RES_SURVEY$0$P-LOTLINE
100
AcDbCircle
 10
2436268.816851304
 20
413246.302275072
 30
0.0
 40
333.000000004251
100
AcDbArc
 50
306.8534819503462
 51
358.1812328153715
  0
LINE
  5
2E9
330
17
100
AcDbEntity
  8
RES_SURVEY$0$P-LOTLINE
100
AcDbLine
 10
2436268.75706467
 20
412979.5835256404
 30
0.0
 11
2436281.424536401
 21
412979.6001073318
 31
0.0
  0
LWPOLYLINE
  5
2EA
330
17
100
AcDbEntity
  8
P-U-STM
 60
1
100
AcDbPolyline
 90
4
 70
1
 10
2436786.536362377
 20
413646.2469442795
 10
2436790.286362377
 20
413646.2469442795
 10
2436790.286362377
 20
413649.9969442795
 10
2436786.536362377
 20
413649.9969442795
  0
CIRCLE
  5
2EB
330
17
100
AcDbEntity
  8
P-U-STM
 60
1
100
AcDbCircle
 10
2436788.411362377
 20
413648.1219442795
 30
0.0
 40
0.25
  0
INSERT
  5
2EC
330
17
100
AcDbEntity
  8
P-(FUTURE)-U-STM
 60
1
100
AcDbBlockReference
  2
*U43
 10
2436788.4113623775
 20
413648.12194427976
 30
0.0
 41
3.0
 42
3.0
 43
3.0
 50
-169.68286219651344
  0
LWPOLYLINE
  5
2EE
330
17
100
AcDbEntity
  8
P-U-STM
 60
1
100
AcDbPolyline
 90
4
 70
1
 10
2436547.350130062
 20
413098.2463473355
 10
2436551.100130062
 20
413098.2463473355
 10
2436551.100130062
 20
413101.9963473355
 10
2436547.350130062
 20
413101.9963473355
  0
CIRCLE
  5
2EF
330
17
100
AcDbEntity
  8
P-U-STM
 60
1
100
AcDbCircle
 10
2436549.225130062
 20
413100.1213473355
 30
0.0
 40
0.25
  0
INSERT
  5
2F0
330
17
100
AcDbEntity
  8
P-(FUTURE)-U-STM
 60
1
100
AcDbBlockReference
  2
*U43
 10
2436549.2251300626
 20
413100.12134733575
 30
0.0
 41
3.0
 42
3.0
 43
3.0
 50
-169.68286219651344
  0
LWPOLYLINE
  5
2F2
330
17
100
AcDbEntity
  8
P-U-STM
 60
1
100
AcDbPolyline
 90
4
 70
1
 10
2436431.469496703
 20
413464.5552310788
 10
2436435.219496703
 20
413464.5552310788
 10
2436435.219496703
 20
413468.3052310788
 10
2436431.469496703
 20
413468.3052310788
  0
CIRCLE
  5
2F3
330
17
100
AcDbEntity
  8
P-U-STM
 60
1
100
AcDbCircle
 10
2436433.344496703
 20
413466.4302310788
 30
0.0
 40
0.25
  0
INSERT
  5
2F4
330
17
100
AcDbEntity
  8
P-(FUTURE)-U-STM
 60
1
100
AcDbBlockReference
  2
*U43
 10
2436433.3444967032
 20
413466.43023107905
 30
0.0
 41
3.0
 42
3.0
 43
3.0
 50
-169.68286219651344
  0
LWPOLYLINE
  5
2F6
330
17
100
AcDbEntity
  8
P-U-STM
 60
1
100
AcDbPolyline
 90
4
 70
1
 10
2436485.426690243
 20
413497.8307760088
 10
2436489.176690243
 20
413497.8307760088
 10
2436489.176690243
 20
413501.5807760088
 10
2436485.426690243
 20
413501.5807760088
  0
CIRCLE
  5
2F7
330
17
100
AcDbEntity
  8
P-U-STM
 60
1
100
AcDbCircle
 10
2436487.301690243
 20
413499.7057760088
 30
0.0
 40
0.25
  0
INSERT
  5
2F8
330
17
100
AcDbEntity
  8
P-(FUTURE)-U-STM
 60
1
100
AcDbBlockReference
  2
*U43
 10
2436487.3016902437
 20
413499.705776009
 30
0.0
 41
3.0
 42
3.0
 43
3.0
 50
-169.68286219651344
  0
LWPOLYLINE
  5
2FA
330
17
100
AcDbEntity
  8
P-U-STM
 60
1
100
AcDbPolyline
 90
4
 70
1
 10
2436802.174984115
 20
413544.0255273952
 10
2436805.924984115
 20
413544.0255273952
 10
2436805.924984115
 20
413547.7755273952
 10
2436802.174984115
 20
413547.7755273952
  0
CIRCLE
  5
2FB
330
17
100
AcDbEntity
  8
P-U-STM
 60
1
100
AcDbCircle
 10
2436804.049984115
 20
413545.9005273952
 30
0.0
 40
0.25
  0
INSERT
  5
2FC
330
17
100
AcDbEntity
  8
P-(FUTURE)-U-STM
 60
1
100
AcDbBlockReference
  2
*U43
 10
2436804.0499841156
 20
413545.9005273954
 30
0.0
 41
3.0
 42
3.0
 43
3.0
 50
-169.68286219651344
  0
LWPOLYLINE
  5
2FE
330
17
100
AcDbEntity
  8
P-U-STM
 60
1
100
AcDbPolyline
 90
4
 70
1
 10
2436414.816909935
 20
413493.0454285844
 10
2436418.566909935
 20
413493.0454285844
 10
2436418.566909935
 20
413496.7954285844
 10
2436414.816909935
 20
413496.7954285844
  0
CIRCLE
  5
2FF
330
17
100
AcDbEntity
  8
P-U-STM
 60
1
100
AcDbCircle
 10
2436416.691909935
 20
413494.9204285844
 30
0.0
 40
0.25
  0
INSERT
  5
300
330
17
100
AcDbEntity
  8
P-(FUTURE)-U-STM
 60
1
100
AcDbBlockReference
  2
*U43
 10
2436416.6919099353
 20
413494.9204285846
 30
0.0
 41
3.0
 42
3.0
 43
3.0
 50
-169.68286219651344
  0
LWPOLYLINE
  5
302
330
17
100
AcDbEntity
  8
P-U-STM
 60
1
100
AcDbPolyline
 90
4
 70
1
 10
2436607.486702698
 20
413294.4644026502
 10
2436611.236702698
 20
413294.4644026502
 10
2436611.236702698
 20
413298.2144026502
 10
2436607.486702698
 20
413298.2144026502
  0
CIRCLE
  5
303
330
17
100
AcDbEntity
  8
P-U-STM
 60
1
100
AcDbCircle
 10
2436609.361702698
 20
413296.3394026502
 30
0.0
 40
0.25
  0
INSERT
  5
304
330
17
100
AcDbEntity
  8
P-(FUTURE)-U-STM
 60
1
100
AcDbBlockReference
  2
*U43
 10
2436609.3617026983
 20
413296.3394026504
 30
0.0
 41
3.0
 42
3.0
 43
3.0
 50
-169.68286219651344
  0
LWPOLYLINE
  5
306
330
17
100
AcDbEntity
  8
P-U-STM
 60
1
100
AcDbPolyline
 90
4
 70
1
 10
2436811.412880907
 20
414313.920578705
 10
2436815.162880907
 20
414313.920578705
 10
2436815.162880907
 20
414317.670578705
 10
2436811.412880907
 20
414317.670578705
  0
CIRCLE
  5
307
330
17
100
AcDbEntity
  8
P-U-STM
 60
1
100
AcDbCircle
 10
2436813.287880907
 20
414315.795578705
 30
0.0
 40
0.25
  0
INSERT
  5
308
330
17
100
AcDbEntity
  8
P-(FUTURE)-U-STM
 60
1
100
AcDbBlockReference
  2
*U43
 10
2436813.2878809073
 20
414315.7955787052
 30
0.0
 41
3.0
 42
3.0
 43
3.0
 50
-169.68286219651344
  0
LWPOLYLINE
  5
30A
330
17
100
AcDbEntity
  8
P-U-STM
 60
1
100
AcDbPolyline
 90
4
 70
1
 10
2436779.127611099
 20
414307.0770431397
 10
2436782.877611099
 20
414307.0770431397
 10
2436782.877611099
 20
414310.8270431397
 10
2436779.127611099
 20
414310.8270431397
  0
CIRCLE
  5
30B
330
17
100
AcDbEntity
  8
P-U-STM
 60
1
100
AcDbCircle
 10
2436781.002611099
 20
414308.9520431397
 30
0.0
 40
0.25
  0
INSERT
  5
30C
330
17
100
AcDbEntity
  8
P-(FUTURE)-U-STM
 60
1
100
AcDbBlockReference
  2
*U43
 10
2436781.0026110993
 20
414308.95204313996
 30
0.0
 41
3.0
 42
3.0
 43
3.0
 50
-169.68286219651344
  0
LWPOLYLINE
  5
30E
330
17
100
AcDbEntity
  8
P-U-STM
 60
1
100
AcDbPolyline
 90
4
 70
1
 10
2436762.623030419
 20
414233.3971110518
 10
2436766.373030419
 20
414233.3971110518
 10
2436766.373030419
 20
414237.1471110518
 10
2436762.623030419
 20
414237.1471110518
  0
CIRCLE
  5
30F
330
17
100
AcDbEntity
  8
P-U-STM
 60
1
100
AcDbCircle
 10
2436764.498030419
 20
414235.2721110518
 30
0.0
 40
0.25
  0
INSERT
  5
310
330
17
100
AcDbEntity
  8
P-(FUTURE)-U-STM
 60
1
100
AcDbBlockReference
  2
*U43
 10
2436764.4980304195
 20
414235.272111052
 30
0.0
 41
3.0
 42
3.0
 43
3.0
 50
-169.68286219651344
  0
LWPOLYLINE
  5
312
330
17
100
AcDbEntity
  8
P-U-STM
 60
1
100
AcDbPolyline
 90
4
 70
1
 10
2436544.999945758
 20
414194.7306775837
 10
2436548.749945758
 20
414194.7306775837
 10
2436548.749945758
 20
414198.4806775837
 10
2436544.999945758
 20
414198.4806775837
  0
CIRCLE
  5
313
330
17
100
AcDbEntity
  8
P-U-STM
 60
1
100
AcDbCircle
 10
2436546.874945758
 20
414196.6056775837
 30
0.0
 40
0.25
  0
INSERT
  5
314
330
17
100
AcDbEntity
  8
P-(FUTURE)-U-STM
 60
1
100
AcDbBlockReference
  2
*U43
 10
2436546.8749457584
 20
414196.60567758395
 30
0.0
 41
3.0
 42
3.0
 43
3.0
 50
-169.68286219651344
  0
LWPOLYLINE
  5
316
330
17
100
AcDbEntity
  8
P-U-STM
 60
1
100
AcDbPolyline
 90
4
 70
1
 10
2436564.288402902
 20
414167.9546543352
 10
2436568.038402902
 20
414167.9546543352
 10
2436568.038402902
 20
414171.7046543352
 10
2436564.288402902
 20
414171.7046543352
  0
CIRCLE
  5
317
330
17
100
AcDbEntity
  8
P-U-STM
 60
1
100
AcDbCircle
 10
2436566.163402902
 20
414169.8296543352
 30
0.0
 40
0.25
  0
INSERT
  5
318
330
17
100
AcDbEntity
  8
P-(FUTURE)-U-STM
 60
1
100
AcDbBlockReference
  2
*U43
 10
2436566.1634029024
 20
414169.82965433545
 30
0.0
 41
3.0
 42
3.0
 43
3.0
 50
-169.68286219651344
  0
LWPOLYLINE
  5
31A
330
17
100
AcDbEntity
  8
P-U-STM
 60
1
100
AcDbPolyline
 90
4
 70
1
 10
2436384.197898154
 20
413948.207713252
 10
2436387.947898154
 20
413948.207713252
 10
2436387.947898154
 20
413951.957713252
 10
2436384.197898154
 20
413951.957713252
  0
CIRCLE
  5
31B
330
17
100
AcDbEntity
  8
P-U-STM
 60
1
100
AcDbCircle
 10
2436386.072898154
 20
413950.082713252
 30
0.0
 40
0.25
  0
INSERT
  5
31C
330
17
100
AcDbEntity
  8
P-(FUTURE)-U-STM
 60
1
100
AcDbBlockReference
  2
*U43
 10
2436386.0728981546
 20
413950.0827132522
 30
0.0
 41
3.0
 42
3.0
 43
3.0
 50
-169.68286219651344
  0
LWPOLYLINE
  5
31E
330
17
100
AcDbEntity
  8
P-U-STM
 60
1
100
AcDbPolyline
 90
4
 70
1
 10
2436384.313807626
 20
413915.1605832171
 10
2436388.063807626
 20
413915.1605832171
 10
2436388.063807626
 20
413918.9105832171
 10
2436384.313807626
 20
413918.9105832171
  0
CIRCLE
  5
31F
330
17
100
AcDbEntity
  8
P-U-STM
 60
1
100
AcDbCircle
 10
2436386.188807626
 20
413917.0355832171
 30
0.0
 40
0.25
  0
INSERT
  5
320
330
17
100
AcDbEntity
  8
P-(FUTURE)-U-STM
 60
1
100
AcDbBlockReference
  2
*U43
 10
2436386.1888076263
 20
413917.03558321734
 30
0.0
 41
3.0
 42
3.0
 43
3.0
 50
-169.68286219651344
  0
LWPOLYLINE
  5
322
330
17
100
AcDbEntity
  8
P-U-STM
 60
1
100
AcDbPolyline
 90
4
 70
1
 10
2436547.2622307087
 20
413284.5784441064
 10
2436550.9779241583
 20
413284.07235894894
 10
2436551.4840093157
 20
413287.7880523988
 10
2436547.768315866
 20
413288.2941375563
  0
CIRCLE
  5
323
330
17
100
AcDbEntity
  8
P-U-STM
 60
1
100
AcDbCircle
 10
2436549.373120012
 20
413286.1832482526
 30
0.0
 40
0.24999999999999997
  0
INSERT
  5
324
330
17
100
AcDbEntity
  8
P-(FUTURE)-U-STM
 60
1
100
AcDbBlockReference
  2
*U43
 10
2436549.3731200127
 20
413286.1832482528
 30
0.0
 41
2.9999999999999996
 42
2.9999999999999996
 43
3.0
 50
-177.43894021468813
  0
LWPOLYLINE
  5
326
330
17
100
AcDbEntity
  8
P-U-STM
 60
1
100
AcDbPolyline
 90
4
 70
1
 10
2436411.807201808
 20
413739.2448323847
 10
2436415.557201808
 20
413739.2448323847
 10
2436415.557201808
 20
413742.9948323847
 10
2436411.807201808
 20
413742.9948323847
  0
CIRCLE
  5
327
330
17
100
AcDbEntity
  8
P-U-STM
 60
1
100
AcDbCircle
 10
2436413.682201808
 20
413741.1198323847
 30
0.0
 40
0.25
  0
INSERT
  5
328
330
17
100
AcDbEntity
  8
P-(FUTURE)-U-STM
 60
1
100
AcDbBlockReference
  2
*U43
 10
2436413.6822018083
 20
413741.1198323849
 30
0.0
 41
3.0
 42
3.0
 43
3.0
 50
-169.68286219651344
  0
LWPOLYLINE
  5
32A
330
17
100
AcDbEntity
  8
P-U-STM
 60
1
100
AcDbPolyline
 90
4
 70
1
 10
2436444.80602865
 20
413738.9665753416
 10
2436448.55602865
 20
413738.9665753416
 10
2436448.55602865
 20
413742.7165753416
 10
2436444.80602865
 20
413742.7165753416
  0
CIRCLE
  5
32B
330
17
100
AcDbEntity
  8
P-U-STM
 60
1
100
AcDbCircle
 10
2436446.68102865
 20
413740.8415753416
 30
0.0
 40
0.25
  0
INSERT
  5
32C
330
17
100
AcDbEntity
  8
P-(FUTURE)-U-STM
 60
1
100
AcDbBlockReference
  2
*U43
 10
2436446.6810286506
 20
413740.8415753418
 30
0.0
 41
3.0
 42
3.0
 43
3.0
 50
-169.68286219651344
  0
LWPOLYLINE
  5
32E
330
17
100
AcDbEntity
  8
P-U-STM
 60
1
100
AcDbPolyline
 90
4
 70
1
 10
2436196.219737142
 20
413977.7899563474
 10
2436199.969737142
 20
413977.7899563474
 10
2436199.969737142
 20
413981.5399563474
 10
2436196.219737142
 20
413981.5399563474
  0
CIRCLE
  5
32F
330
17
100
AcDbEntity
  8
P-U-STM
 60
1
100
AcDbCircle
 10
2436198.094737142
 20
413979.6649563474
 30
0.0
 40
0.25
  0
INSERT
  5
330
330
17
100
AcDbEntity
  8
P-(FUTURE)-U-STM
 60
1
100
AcDbBlockReference
  2
*U43
 10
2436198.0947371423
 20
413979.6649563476
 30
0.0
 41
3.0
 42
3.0
 43
3.0
 50
-169.68286219651344
  0
LWPOLYLINE
  5
332
330
17
100
AcDbEntity
  8
P-U-STM
 60
1
100
AcDbPolyline
 90
4
 70
1
 10
2436475.377999648
 20
414844.3803604949
 10
2436479.127999648
 20
414844.3803604949
 10
2436479.127999648
 20
414848.1303604949
 10
2436475.377999648
 20
414848.1303604949
  0
CIRCLE
  5
333
330
17
100
AcDbEntity
  8
P-U-STM
 60
1
100
AcDbCircle
 10
2436477.252999648
 20
414846.2553604949
 30
0.0
 40
0.25
  0
INSERT
  5
334
330
17
100
AcDbEntity
  8
P-(FUTURE)-U-STM
 60
1
100
AcDbBlockReference
  2
*U43
 10
2436477.2529996485
 20
414846.2553604951
 30
0.0
 41
3.0
 42
3.0
 43
3.0
 50
-169.68286219651344
  0
LWPOLYLINE
  5
336
330
17
100
AcDbEntity
  8
P-U-STM
 60
1
100
AcDbPolyline
 90
4
 70
1
 10
2436442.092722838
 20
414810.6881822809
 10
2436445.842722838
 20
414810.6881822809
 10
2436445.842722838
 20
414814.4381822809
 10
2436442.092722838
 20
414814.4381822809
  0
CIRCLE
  5
337
330
17
100
AcDbEntity
  8
P-U-STM
 60
1
100
AcDbCircle
 10
2436443.967722838
 20
414812.5631822809
 30
0.0
 40
0.25
  0
INSERT
  5
338
330
17
100
AcDbEntity
  8
P-(FUTURE)-U-STM
 60
1
100
AcDbBlockReference
  2
*U43
 10
2436443.9677228383
 20
414812.56318228116
 30
0.0
 41
3.0
 42
3.0
 43
3.0
 50
-169.68286219651344
  0
LWPOLYLINE
  5
33A
330
17
100
AcDbEntity
  8
P-U-STM
 60
1
100
AcDbPolyline
 90
4
 70
1
 10
2436463.825173866
 20
414532.1891182073
 10
2436467.575173866
 20
414532.1891182073
 10
2436467.575173866
 20
414535.9391182073
 10
2436463.825173866
 20
414535.9391182073
  0
CIRCLE
  5
33B
330
17
100
AcDbEntity
  8
P-U-STM
 60
1
100
AcDbCircle
 10
2436465.700173866
 20
414534.0641182073
 30
0.0
 40
0.25
  0
INSERT
  5
33C
330
17
100
AcDbEntity
  8
P-(FUTURE)-U-STM
 60
1
100
AcDbBlockReference
  2
*U43
 10
2436465.7001738665
 20
414534.06411820755
 30
0.0
 41
3.0
 42
3.0
 43
3.0
 50
-169.68286219651344
  0
LWPOLYLINE
  5
33E
330
17
100
AcDbEntity
  8
P-U-STM
 60
1
100
AcDbPolyline
 90
4
 70
1
 10
2436490.512484699
 20
414507.1190671763
 10
2436494.262484699
 20
414507.1190671763
 10
2436494.262484699
 20
414510.8690671763
 10
2436490.512484699
 20
414510.8690671763
  0
CIRCLE
  5
33F
330
17
100
AcDbEntity
  8
P-U-STM
 60
1
100
AcDbCircle
 10
2436492.387484699
 20
414508.9940671763
 30
0.0
 40
0.25
  0
INSERT
  5
340
330
17
100
AcDbEntity
  8
P-(FUTURE)-U-STM
 60
1
100
AcDbBlockReference
  2
*U43
 10
2436492.3874846995
 20
414508.99406717654
 30
0.0
 41
3.0
 42
3.0
 43
3.0
 50
-169.68286219651344
  0
LWPOLYLINE
  5
342
330
17
100
AcDbEntity
  8
P-U-STM
 60
1
100
AcDbPolyline
 90
4
 70
1
 10
2436760.850431996
 20
414582.0929280171
 10
2436764.600431996
 20
414582.0929280171
 10
2436764.600431996
 20
414585.8429280171
 10
2436760.850431996
 20
414585.8429280171
  0
CIRCLE
  5
343
330
17
100
AcDbEntity
  8
P-U-STM
 60
1
100
AcDbCircle
 10
2436762.725431996
 20
414583.9679280171
 30
0.0
 40
0.25
  0
INSERT
  5
344
330
17
100
AcDbEntity
  8
P-(FUTURE)-U-STM
 60
1
100
AcDbBlockReference
  2
*U43
 10
2436762.7254319964
 20
414583.9679280173
 30
0.0
 41
3.0
 42
3.0
 43
3.0
 50
-169.68286219651344
  0
LWPOLYLINE
  5
346
330
17
100
AcDbEntity
  8
P-U-STM
 60
1
100
AcDbPolyline
 90
4
 70
1
 10
2436757.402463305
 20
414549.2735509374
 10
2436761.152463305
 20
414549.2735509374
 10
2436761.152463305
 20
414553.0235509374
 10
2436757.402463305
 20
414553.0235509374
  0
CIRCLE
  5
347
330
17
100
AcDbEntity
  8
P-U-STM
 60
1
100
AcDbCircle
 10
2436759.277463305
 20
414551.1485509374
 30
0.0
 40
0.25
  0
INSERT
  5
348
330
17
100
AcDbEntity
  8
P-(FUTURE)-U-STM
 60
1
100
AcDbBlockReference
  2
*U43
 10
2436759.2774633053
 20
414551.14855093765
 30
0.0
 41
3.0
 42
3.0
 43
3.0
 50
-169.68286219651344
  0
LWPOLYLINE
  5
34A
330
17
100
AcDbEntity
  8
P-U-STM
 60
1
100
AcDbPolyline
 90
4
 70
1
 10
2437068.690312261
 20
414305.6065961435
 10
2437072.440312261
 20
414305.6065961435
 10
2437072.440312261
 20
414309.3565961435
 10
2437068.690312261
 20
414309.3565961435
  0
CIRCLE
  5
34B
330
17
100
AcDbEntity
  8
P-U-STM
 60
1
100
AcDbCircle
 10
2437070.565312261
 20
414307.4815961435
 30
0.0
 40
0.25
  0
INSERT
  5
34C
330
17
100
AcDbEntity
  8
P-(FUTURE)-U-STM
 60
1
100
AcDbBlockReference
  2
*U43
 10
2437070.5653122617
 20
414307.48159614374
 30
0.0
 41
3.0
 42
3.0
 43
3.0
 50
-169.68286219651344
  0
LWPOLYLINE
  5
34E
330
17
100
AcDbEntity
  8
P-U-STM
 60
1
100
AcDbPolyline
 90
4
 70
1
 10
2437068.300287597
 20
414260.6082863882
 10
2437072.050287597
 20
414260.6082863882
 10
2437072.050287597
 20
414264.3582863882
 10
2437068.300287597
 20
414264.3582863882
  0
CIRCLE
  5
34F
330
17
100
AcDbEntity
  8
P-U-STM
 60
1
100
AcDbCircle
 10
2437070.175287597
 20
414262.4832863882
 30
0.0
 40
0.25
  0
INSERT
  5
350
330
17
100
AcDbEntity
  8
P-(FUTURE)-U-STM
 60
1
100
AcDbBlockReference
  2
*U43
 10
2437070.1752875973
 20
414262.48328638845
 30
0.0
 41
3.0
 42
3.0
 43
3.0
 50
-169.68286219651344
  0
LWPOLYLINE
  5
352
330
17
100
AcDbEntity
  8
P-U-STM
 60
1
100
AcDbPolyline
 90
4
 70
1
 10
2436209.76249891
 20
413405.5818511912
 10
2436213.51249891
 20
413405.5818511912
 10
2436213.51249891
 20
413409.3318511912
 10
2436209.76249891
 20
413409.3318511912
  0
CIRCLE
  5
353
330
17
100
AcDbEntity
  8
P-U-STM
 60
1
100
AcDbCircle
 10
2436211.63749891
 20
413407.4568511912
 30
0.0
 40
0.25
  0
INSERT
  5
354
330
17
100
AcDbEntity
  8
P-(FUTURE)-U-STM
 60
1
100
AcDbBlockReference
  2
*U43
 10
2436211.6374989105
 20
413407.4568511914
 30
0.0
 41
3.0
 42
3.0
 43
3.0
 50
-169.68286219651344
  0
LWPOLYLINE
  5
356
330
17
100
AcDbEntity
  8
P-U-STM
 60
1
100
AcDbPolyline
 90
4
 70
1
 10
2436221.243320856
 20
413436.5203503054
 10
2436224.993320856
 20
413436.5203503054
 10
2436224.993320856
 20
413440.2703503054
 10
2436221.243320856
 20
413440.2703503054
  0
CIRCLE
  5
357
330
17
100
AcDbEntity
  8
P-U-STM
 60
1
100
AcDbCircle
 10
2436223.118320856
 20
413438.3953503054
 30
0.0
 40
0.25
  0
INSERT
  5
358
330
17
100
AcDbEntity
  8
P-(FUTURE)-U-STM
 60
1
100
AcDbBlockReference
  2
*U43
 10
2436223.1183208562
 20
413438.39535030565
 30
0.0
 41
3.0
 42
3.0
 43
3.0
 50
-169.68286219651344
  0
LWPOLYLINE
  5
35A
330
17
100
AcDbEntity
  8
P-U-STM
 60
1
100
AcDbPolyline
 90
4
 70
1
 10
2436775.611540525
 20
413414.4961330329
 10
2436779.361540525
 20
413414.4961330329
 10
2436779.361540525
 20
413418.2461330329
 10
2436775.611540525
 20
413418.2461330329
  0
CIRCLE
  5
35B
330
17
100
AcDbEntity
  8
P-U-STM
 60
1
100
AcDbCircle
 10
2436777.486540525
 20
413416.3711330329
 30
0.0
 40
0.25
  0
INSERT
  5
35C
330
17
100
AcDbEntity
  8
P-(FUTURE)-U-STM
 60
1
100
AcDbBlockReference
  2
*U43
 10
2436777.4865405257
 20
413416.3711330331
 30
0.0
 41
3.0
 42
3.0
 43
3.0
 50
-169.68286219651344
  0
LWPOLYLINE
  5
35E
330
17
100
AcDbEntity
  8
P-U-STM
 60
1
100
AcDbPolyline
 90
4
 70
1
 10
2436748.356363159
 20
413346.5595281469
 10
2436752.106363159
 20
413346.5595281469
 10
2436752.106363159
 20
413350.3095281469
 10
2436748.356363159
 20
413350.3095281469
  0
CIRCLE
  5
35F
330
17
100
AcDbEntity
  8
P-U-STM
 60
1
100
AcDbCircle
 10
2436750.231363159
 20
413348.4345281469
 30
0.0
 40
0.25
  0
INSERT
  5
360
330
17
100
AcDbEntity
  8
P-(FUTURE)-U-STM
 60
1
100
AcDbBlockReference
  2
*U43
 10
2436750.2313631596
 20
413348.43452814716
 30
0.0
 41
3.0
 42
3.0
 43
3.0
 50
-169.68286219651344
  0
LWPOLYLINE
  5
362
330
17
100
AcDbEntity
  8
P-U-STM
 60
1
100
AcDbPolyline
 90
4
 70
1
 10
2436691.535909692
 20
413301.4113149264
 10
2436695.285909692
 20
413301.4113149264
 10
2436695.285909692
 20
413305.1613149264
 10
2436691.535909692
 20
413305.1613149264
  0
CIRCLE
  5
363
330
17
100
AcDbEntity
  8
P-U-STM
 60
1
100
AcDbCircle
 10
2436693.410909692
 20
413303.2863149264
 30
0.0
 40
0.25
  0
INSERT
  5
364
330
17
100
AcDbEntity
  8
P-(FUTURE)-U-STM
 60
1
100
AcDbBlockReference
  2
*U43
 10
2436693.4109096923
 20
413303.28631492663
 30
0.0
 41
3.0
 42
3.0
 43
3.0
 50
-169.68286219651344
  0
LWPOLYLINE
  5
366
330
17
100
AcDbEntity
  8
P-U-STM
 60
1
100
AcDbPolyline
 90
4
 70
1
 10
2436530.288517177
 20
413367.3673911958
 10
2436534.038517177
 20
413367.3673911958
 10
2436534.038517177
 20
413371.1173911958
 10
2436530.288517177
 20
413371.1173911958
  0
CIRCLE
  5
367
330
17
100
AcDbEntity
  8
P-U-STM
 60
1
100
AcDbCircle
 10
2436532.163517177
 20
413369.2423911958
 30
0.0
 40
0.25
  0
INSERT
  5
368
330
17
100
AcDbEntity
  8
P-(FUTURE)-U-STM
 60
1
100
AcDbBlockReference
  2
*U43
 10
2436532.1635171776
 20
413369.242391196
 30
0.0
 41
3.0
 42
3.0
 43
3.0
 50
-169.68286219651344
  0
LWPOLYLINE
  5
36A
330
17
100
AcDbEntity
  8
P-U-STM
 60
1
100
AcDbPolyline
 90
4
 70
1
 10
2436549.7883997
 20
413171.888802083
 10
2436553.5383997
 20
413171.888802083
 10
2436553.5383997
 20
413175.638802083
 10
2436549.7883997
 20
413175.638802083
  0
CIRCLE
  5
36B
330
17
100
AcDbEntity
  8
P-U-STM
 60
1
100
AcDbCircle
 10
2436551.6633997
 20
413173.763802083
 30
0.0
 40
0.25
  0
INSERT
  5
36C
330
17
100
AcDbEntity
  8
P-(FUTURE)-U-STM
 60
1
100
AcDbBlockReference
  2
*U43
 10
2436551.6633997005
 20
413173.7638020832
 30
0.0
 41
3.0
 42
3.0
 43
3.0
 50
-169.68286219651344
  0
LWPOLYLINE
  5
36E
330
17
100
AcDbEntity
  8
P-U-STM
 60
1
100
AcDbPolyline
 90
4
 70
1
 10
2436461.416196426
 20
413483.7965864755
 10
2436465.166196426
 20
413483.7965864755
 10
2436465.166196426
 20
413487.5465864755
 10
2436461.416196426
 20
413487.5465864755
  0
CIRCLE
  5
36F
330
17
100
AcDbEntity
  8
P-U-STM
 60
1
100
AcDbCircle
 10
2436463.291196426
 20
413485.6715864755
 30
0.0
 40
0.25
  0
INSERT
  5
370
330
17
100
AcDbEntity
  8
P-(FUTURE)-U-STM
 60
1
100
AcDbBlockReference
  2
*U43
 10
2436463.2911964264
 20
413485.67158647574
 30
0.0
 41
3.0
 42
3.0
 43
3.0
 50
-169.68286219651344
  0
LWPOLYLINE
  5
372
330
17
100
AcDbEntity
  8
P-U-STM
 60
1
100
AcDbPolyline
 90
4
 70
1
 10
2436304.514350166
 20
413407.7485057155
 10
2436308.264350166
 20
413407.7485057155
 10
2436308.264350166
 20
413411.4985057155
 10
2436304.514350166
 20
413411.4985057155
  0
CIRCLE
  5
373
330
17
100
AcDbEntity
  8
P-U-STM
 60
1
100
AcDbCircle
 10
2436306.389350166
 20
413409.6235057155
 30
0.0
 40
0.25
  0
INSERT
  5
374
330
17
100
AcDbEntity
  8
P-(FUTURE)-U-STM
 60
1
100
AcDbBlockReference
  2
*U43
 10
2436306.3893501665
 20
413409.62350571575
 30
0.0
 41
3.0
 42
3.0
 43
3.0
 50
-169.68286219651344
  0
LWPOLYLINE
  5
376
330
17
100
AcDbEntity
  8
P-U-STM
 60
1
100
AcDbPolyline
 90
4
 70
1
 10
2436422.091777491
 20
413605.0322875553
 10
2436425.841777491
 20
413605.0322875553
 10
2436425.841777491
 20
413608.7822875553
 10
2436422.091777491
 20
413608.7822875553
  0
CIRCLE
  5
377
330
17
100
AcDbEntity
  8
P-U-STM
 60
1
100
AcDbCircle
 10
2436423.966777491
 20
413606.9072875553
 30
0.0
 40
0.25
  0
INSERT
  5
378
330
17
100
AcDbEntity
  8
P-(FUTURE)-U-STM
 60
1
100
AcDbBlockReference
  2
*U43
 10
2436423.9667774914
 20
413606.9072875555
 30
0.0
 41
3.0
 42
3.0
 43
3.0
 50
-169.68286219651344
  0
LWPOLYLINE
  5
37A
330
17
100
AcDbEntity
  8
P-U-STM
 60
1
100
AcDbPolyline
 90
4
 70
1
 10
2436422.023028263
 20
413739.1586891507
 10
2436425.773028263
 20
413739.1586891507
 10
2436425.773028263
 20
413742.9086891507
 10
2436422.023028263
 20
413742.9086891507
  0
CIRCLE
  5
37B
330
17
100
AcDbEntity
  8
P-U-STM
 60
1
100
AcDbCircle
 10
2436423.898028263
 20
413741.0336891507
 30
0.0
 40
0.25
  0
INSERT
  5
37C
330
17
100
AcDbEntity
  8
P-(FUTURE)-U-STM
 60
1
100
AcDbBlockReference
  2
*U43
 10
2436423.8980282634
 20
413741.03368915094
 30
0.0
 41
3.0
 42
3.0
 43
3.0
 50
-169.68286219651344
  0
LWPOLYLINE
  5
37E
330
17
100
AcDbEntity
  8
P-U-STM
 60
1
100
AcDbPolyline
 90
4
 70
1
 10
2436421.932864923
 20
413915.0629757482
 10
2436425.682864923
 20
413915.0629757482
 10
2436425.682864923
 20
413918.8129757482
 10
2436421.932864923
 20
413918.8129757482
  0
CIRCLE
  5
37F
330
17
100
AcDbEntity
  8
P-U-STM
 60
1
100
AcDbCircle
 10
2436423.807864923
 20
413916.9379757482
 30
0.0
 40
0.25
  0
INSERT
  5
380
330
17
100
AcDbEntity
  8
P-(FUTURE)-U-STM
 60
1
100
AcDbBlockReference
  2
*U43
 10
2436423.8078649235
 20
413916.93797574844
 30
0.0
 41
3.0
 42
3.0
 43
3.0
 50
-169.68286219651344
  0
LWPOLYLINE
  5
382
330
17
100
AcDbEntity
  8
P-U-STM
 60
1
100
AcDbPolyline
 90
4
 70
1
 10
2436302.83183833
 20
413937.0585552123
 10
2436306.58183833
 20
413937.0585552123
 10
2436306.58183833
 20
413940.8085552123
 10
2436302.83183833
 20
413940.8085552123
  0
CIRCLE
  5
383
330
17
100
AcDbEntity
  8
P-U-STM
 60
1
100
AcDbCircle
 10
2436304.70683833
 20
413938.9335552123
 30
0.0
 40
0.25
  0
INSERT
  5
384
330
17
100
AcDbEntity
  8
P-(FUTURE)-U-STM
 60
1
100
AcDbBlockReference
  2
*U43
 10
2436304.7068383303
 20
413938.9335552125
 30
0.0
 41
3.0
 42
3.0
 43
3.0
 50
-169.68286219651344
  0
LWPOLYLINE
  5
386
330
17
100
AcDbEntity
  8
P-U-STM
 60
1
100
AcDbPolyline
 90
4
 70
1
 10
2436637.174489026
 20
414214.689897407
 10
2436640.924489026
 20
414214.689897407
 10
2436640.924489026
 20
414218.439897407
 10
2436637.174489026
 20
414218.439897407
  0
CIRCLE
  5
387
330
17
100
AcDbEntity
  8
P-U-STM
 60
1
100
AcDbCircle
 10
2436639.049489026
 20
414216.564897407
 30
0.0
 40
0.25
  0
INSERT
  5
388
330
17
100
AcDbEntity
  8
P-(FUTURE)-U-STM
 60
1
100
AcDbBlockReference
  2
*U43
 10
2436639.0494890264
 20
414216.56489740725
 30
0.0
 41
3.0
 42
3.0
 43
3.0
 50
-169.68286219651344
  0
LWPOLYLINE
  5
38A
330
17
100
AcDbEntity
  8
P-U-STM
 60
1
100
AcDbPolyline
 90
4
 70
1
 10
2436793.291697911
 20
414546.954519638
 10
2436797.041697911
 20
414546.954519638
 10
2436797.041697911
 20
414550.704519638
 10
2436793.291697911
 20
414550.704519638
  0
CIRCLE
  5
38B
330
17
100
AcDbEntity
  8
P-U-STM
 60
1
100
AcDbCircle
 10
2436795.166697911
 20
414548.829519638
 30
0.0
 40
0.25
  0
INSERT
  5
38C
330
17
100
AcDbEntity
  8
P-(FUTURE)-U-STM
 60
1
100
AcDbBlockReference
  2
*U43
 10
2436795.1666979115
 20
414548.8295196382
 30
0.0
 41
3.0
 42
3.0
 43
3.0
 50
-169.68286219651344
  0
LWPOLYLINE
  5
38E
330
17
100
AcDbEntity
  8
P-U-STM
 60
1
100
AcDbPolyline
 90
4
 70
1
 10
2436454.854895886
 20
414844.5534181067
 10
2436458.604895886
 20
414844.5534181067
 10
2436458.604895886
 20
414848.3034181067
 10
2436454.854895886
 20
414848.3034181067
  0
CIRCLE
  5
38F
330
17
100
AcDbEntity
  8
P-U-STM
 60
1
100
AcDbCircle
 10
2436456.729895886
 20
414846.4284181067
 30
0.0
 40
0.25
  0
INSERT
  5
390
330
17
100
AcDbEntity
  8
P-(FUTURE)-U-STM
 60
1
100
AcDbBlockReference
  2
*U43
 10
2436456.7298958865
 20
414846.4284181069
 30
0.0
 41
3.0
 42
3.0
 43
3.0
 50
-169.68286219651344
  0
LWPOLYLINE
  5
392
330
17
100
AcDbEntity
  8
P-U-STM
 60
1
100
AcDbPolyline
 90
4
 70
1
 10
2436327.980598685
 20
412950.7024526285
 10
2436331.730598685
 20
412950.7024526285
 10
2436331.730598685
 20
412954.4524526285
 10
2436327.980598685
 20
412954.4524526285
  0
CIRCLE
  5
393
330
17
100
AcDbEntity
  8
P-U-STM
 60
1
100
AcDbCircle
 10
2436329.855598685
 20
412952.5774526285
 30
0.0
 40
0.25
  0
INSERT
  5
394
330
17
100
AcDbEntity
  8
P-(FUTURE)-U-STM
 60
1
100
AcDbBlockReference
  2
*U43
 10
2436329.8555986853
 20
412952.57745262876
 30
0.0
 41
3.0
 42
3.0
 43
3.0
 50
-169.68286219651344
  0
LWPOLYLINE
  5
396
330
17
100
AcDbEntity
  8
P-U-STM
 60
1
100
AcDbPolyline
 90
4
 70
1
 10
2436429.06931745
 20
412992.0095959699
 10
2436432.81931745
 20
412992.0095959699
 10
2436432.81931745
 20
412995.7595959699
 10
2436429.06931745
 20
412995.7595959699
  0
CIRCLE
  5
397
330
17
100
AcDbEntity
  8
P-U-STM
 60
1
100
AcDbCircle
 10
2436430.94431745
 20
412993.8845959699
 30
0.0
 40
0.25
  0
INSERT
  5
398
330
17
100
AcDbEntity
  8
P-(FUTURE)-U-STM
 60
1
100
AcDbBlockReference
  2
*U43
 10
2436430.9443174503
 20
412993.88459597016
 30
0.0
 41
3.0
 42
3.0
 43
3.0
 50
-169.68286219651344
  0
LWPOLYLINE
  5
39A
330
17
100
AcDbEntity
  8
P-U-STM
 60
1
100
AcDbPolyline
 90
4
 70
1
 10
2436508.674695524
 20
413066.7612062009
 10
2436512.424695524
 20
413066.7612062009
 10
2436512.424695524
 20
413070.5112062009
 10
2436508.674695524
 20
413070.5112062009
  0
CIRCLE
  5
39B
330
17
100
AcDbEntity
  8
P-U-STM
 60
1
100
AcDbCircle
 10
2436510.549695524
 20
413068.6362062009
 30
0.0
 40
0.25
  0
INSERT
  5
39C
330
17
100
AcDbEntity
  8
P-(FUTURE)-U-STM
 60
1
100
AcDbBlockReference
  2
*U43
 10
2436510.5496955244
 20
413068.63620620116
 30
0.0
 41
3.0
 42
3.0
 43
3.0
 50
-169.68286219651344
  0
LWPOLYLINE
  5
39E
330
17
100
AcDbEntity
  8
P-U-STM
 60
1
100
AcDbPolyline
 90
4
 70
1
 10
2436557.537620204
 20
413169.9014466587
 10
2436561.287620204
 20
413169.9014466587
 10
2436561.287620204
 20
413173.6514466587
 10
2436557.537620204
 20
413173.6514466587
  0
CIRCLE
  5
39F
330
17
100
AcDbEntity
  8
P-U-STM
 60
1
100
AcDbCircle
 10
2436559.412620204
 20
413171.7764466587
 30
0.0
 40
0.25
  0
INSERT
  5
3A0
330
17
100
AcDbEntity
  8
P-(FUTURE)-U-STM
 60
1
100
AcDbBlockReference
  2
*U43
 10
2436559.4126202045
 20
413171.77644665894
 30
0.0
 41
3.0
 42
3.0
 43
3.0
 50
-169.68286219651344
  0
LWPOLYLINE
  5
3A2
330
17
100
AcDbEntity
  8
P-U-STM
 60
1
100
AcDbPolyline
 90
4
 70
1
 10
2436565.500674581
 20
413273.797822326
 10
2436569.250674581
 20
413273.797822326
 10
2436569.250674581
 20
413277.547822326
 10
2436565.500674581
 20
413277.547822326
  0
CIRCLE
  5
3A3
330
17
100
AcDbEntity
  8
P-U-STM
 60
1
100
AcDbCircle
 10
2436567.375674581
 20
413275.672822326
 30
0.0
 40
0.25
  0
INSERT
  5
3A4
330
17
100
AcDbEntity
  8
P-(FUTURE)-U-STM
 60
1
100
AcDbBlockReference
  2
*U43
 10
2436567.3756745816
 20
413275.67282232625
 30
0.0
 41
3.0
 42
3.0
 43
3.0
 50
-169.68286219651344
  0
LWPOLYLINE
  5
3A6
330
17
100
AcDbEntity
  8
P-U-STM
 60
1
100
AcDbPolyline
 90
4
 70
1
 10
2436463.748683491
 20
413502.5343275223
 10
2436467.498683491
 20
413502.5343275223
 10
2436467.498683491
 20
413506.2843275223
 10
2436463.748683491
 20
413506.2843275223
  0
CIRCLE
  5
3A7
330
17
100
AcDbEntity
  8
P-U-STM
 60
1
100
AcDbCircle
 10
2436465.623683491
 20
413504.4093275223
 30
0.0
 40
0.25
  0
INSERT
  5
3A8
330
17
100
AcDbEntity
  8
P-(FUTURE)-U-STM
 60
1
100
AcDbBlockReference
  2
*U43
 10
2436465.6236834913
 20
413504.40932752256
 30
0.0
 41
3.0
 42
3.0
 43
3.0
 50
-169.68286219651344
  0
LWPOLYLINE
  5
3AA
330
17
100
AcDbEntity
  8
P-U-STM
 60
1
100
AcDbPolyline
 90
4
 70
1
 10
2436302.588813641
 20
413415.7972448753
 10
2436306.338813641
 20
413415.7972448753
 10
2436306.338813641
 20
413419.5472448753
 10
2436302.588813641
 20
413419.5472448753
  0
CIRCLE
  5
3AB
330
17
100
AcDbEntity
  8
P-U-STM
 60
1
100
AcDbCircle
 10
2436304.463813641
 20
413417.6722448753
 30
0.0
 40
0.25
  0
INSERT
  5
3AC
330
17
100
AcDbEntity
  8
P-(FUTURE)-U-STM
 60
1
100
AcDbBlockReference
  2
*U43
 10
2436304.4638136416
 20
413417.6722448755
 30
0.0
 41
3.0
 42
3.0
 43
3.0
 50
-169.68286219651344
  0
LWPOLYLINE
  5
3AE
330
17
100
AcDbEntity
  8
P-U-STM
 60
1
100
AcDbPolyline
 90
4
 70
1
 10
2436225.799662341
 20
413417.6482559566
 10
2436229.549662341
 20
413417.6482559566
 10
2436229.549662341
 20
413421.3982559566
 10
2436225.799662341
 20
413421.3982559566
  0
CIRCLE
  5
3AF
330
17
100
AcDbEntity
  8
P-U-STM
 60
1
100
AcDbCircle
 10
2436227.674662341
 20
413419.5232559566
 30
0.0
 40
0.25
  0
INSERT
  5
3B0
330
17
100
AcDbEntity
  8
P-(FUTURE)-U-STM
 60
1
100
AcDbBlockReference
  2
*U43
 10
2436227.6746623414
 20
413419.5232559568
 30
0.0
 41
3.0
 42
3.0
 43
3.0
 50
-169.68286219651344
  0
LWPOLYLINE
  5
3B2
330
17
100
AcDbEntity
  8
P-U-STM
 60
1
100
AcDbPolyline
 90
4
 70
1
 10
2436159.994685742
 20
413457.2677594245
 10
2436163.744685742
 20
413457.2677594245
 10
2436163.744685742
 20
413461.0177594245
 10
2436159.994685742
 20
413461.0177594245
  0
CIRCLE
  5
3B3
330
17
100
AcDbEntity
  8
P-U-STM
 60
1
100
AcDbCircle
 10
2436161.869685742
 20
413459.1427594245
 30
0.0
 40
0.25
  0
INSERT
  5
3B4
330
17
100
AcDbEntity
  8
P-(FUTURE)-U-STM
 60
1
100
AcDbBlockReference
  2
*U43
 10
2436161.8696857425
 20
413459.14275942475
 30
0.0
 41
3.0
 42
3.0
 43
3.0
 50
-169.68286219651344
  0
LWPOLYLINE
  5
3B6
330
17
100
AcDbEntity
  8
P-U-STM
 60
1
100
AcDbPolyline
 90
4
 70
1
 10
2436073.546524541
 20
413585.6523219081
 10
2436077.296524541
 20
413585.6523219081
 10
2436077.296524541
 20
413589.4023219081
 10
2436073.546524541
 20
413589.4023219081
  0
CIRCLE
  5
3B7
330
17
100
AcDbEntity
  8
P-U-STM
 60
1
100
AcDbCircle
 10
2436075.421524541
 20
413587.5273219081
 30
0.0
 40
0.25
  0
INSERT
  5
3B8
330
17
100
AcDbEntity
  8
P-(FUTURE)-U-STM
 60
1
100
AcDbBlockReference
  2
*U43
 10
2436075.4215245415
 20
413587.52732190833
 30
0.0
 41
3.0
 42
3.0
 43
3.0
 50
-169.68286219651344
  0
LWPOLYLINE
  5
3BA
330
17
100
AcDbEntity
  8
P-U-STM
 60
1
100
AcDbPolyline
 90
4
 70
1
 10
2435902.421479304
 20
414227.6999348986
 10
2435906.171479304
 20
414227.6999348986
 10
2435906.171479304
 20
414231.4499348986
 10
2435902.421479304
 20
414231.4499348986
  0
CIRCLE
  5
3BB
330
17
100
AcDbEntity
  8
P-U-STM
 60
1
100
AcDbCircle
 10
2435904.296479304
 20
414229.5749348986
 30
0.0
 40
0.25
  0
INSERT
  5
3BC
330
17
100
AcDbEntity
  8
P-(FUTURE)-U-STM
 60
1
100
AcDbBlockReference
  2
*U43
 10
2435904.2964793043
 20
414229.5749348988
 30
0.0
 41
3.0
 42
3.0
 43
3.0
 50
-169.68286219651344
  0
LWPOLYLINE
  5
3BE
330
17
100
AcDbEntity
  8
P-U-STM
 60
1
100
AcDbPolyline
 90
4
 70
1
 10
2436433.331012614
 20
413982.5471328582
 10
2436437.081012614
 20
413982.5471328582
 10
2436437.081012614
 20
413986.2971328582
 10
2436433.331012614
 20
413986.2971328582
  0
CIRCLE
  5
3BF
330
17
100
AcDbEntity
  8
P-U-STM
 60
1
100
AcDbCircle
 10
2436435.206012614
 20
413984.4221328582
 30
0.0
 40
0.25
  0
INSERT
  5
3C0
330
17
100
AcDbEntity
  8
P-(FUTURE)-U-STM
 60
1
100
AcDbBlockReference
  2
*U43
 10
2436435.2060126145
 20
413984.4221328584
 30
0.0
 41
3.0
 42
3.0
 43
3.0
 50
-169.68286219651344
  0
LWPOLYLINE
  5
3C2
330
17
100
AcDbEntity
  8
P-U-STM
 60
1
100
AcDbPolyline
 90
4
 70
1
 10
2436805.744880998
 20
414560.7855566789
 10
2436809.494880998
 20
414560.7855566789
 10
2436809.494880998
 20
414564.5355566789
 10
2436805.744880998
 20
414564.5355566789
  0
CIRCLE
  5
3C3
330
17
100
AcDbEntity
  8
P-U-STM
 60
1
100
AcDbCircle
 10
2436807.619880998
 20
414562.6605566789
 30
0.0
 40
0.25
  0
INSERT
  5
3C4
330
17
100
AcDbEntity
  8
P-(FUTURE)-U-STM
 60
1
100
AcDbBlockReference
  2
*U43
 10
2436807.6198809985
 20
414562.6605566791
 30
0.0
 41
3.0
 42
3.0
 43
3.0
 50
-169.68286219651344
  0
LWPOLYLINE
  5
3C6
330
17
100
AcDbEntity
  8
P-U-STM
 60
1
100
AcDbPolyline
 90
4
 70
1
 10
2436639.553178936
 20
414570.0450044029
 10
2436643.303178936
 20
414570.0450044029
 10
2436643.303178936
 20
414573.7950044029
 10
2436639.553178936
 20
414573.7950044029
  0
CIRCLE
  5
3C7
330
17
100
AcDbEntity
  8
P-U-STM
 60
1
100
AcDbCircle
 10
2436641.428178936
 20
414571.9200044029
 30
0.0
 40
0.25
  0
INSERT
  5
3C8
330
17
100
AcDbEntity
  8
P-(FUTURE)-U-STM
 60
1
100
AcDbBlockReference
  2
*U43
 10
2436641.4281789362
 20
414571.92000440316
 30
0.0
 41
3.0
 42
3.0
 43
3.0
 50
-169.68286219651344
  0
LWPOLYLINE
  5
3CA
330
17
100
AcDbEntity
  8
P-U-STM
 60
1
100
AcDbPolyline
 90
4
 70
1
 10
2436513.485717125
 20
414533.6767128414
 10
2436517.235717125
 20
414533.6767128414
 10
2436517.235717125
 20
414537.4267128414
 10
2436513.485717125
 20
414537.4267128414
  0
CIRCLE
  5
3CB
330
17
100
AcDbEntity
  8
P-U-STM
 60
1
100
AcDbCircle
 10
2436515.360717125
 20
414535.5517128414
 30
0.0
 40
0.25
  0
INSERT
  5
3CC
330
17
100
AcDbEntity
  8
P-(FUTURE)-U-STM
 60
1
100
AcDbBlockReference
  2
*U43
 10
2436515.3607171252
 20
414535.5517128416
 30
0.0
 41
3.0
 42
3.0
 43
3.0
 50
-169.68286219651344
  0
LWPOLYLINE
  5
3CE
330
17
100
AcDbEntity
  8
P-U-STM
 60
1
100
AcDbPolyline
 90
4
 70
1
 10
2436342.687070298
 20
414474.6567692374
 10
2436346.437070298
 20
414474.6567692374
 10
2436346.437070298
 20
414478.4067692374
 10
2436342.687070298
 20
414478.4067692374
  0
CIRCLE
  5
3CF
330
17
100
AcDbEntity
  8
P-U-STM
 60
1
100
AcDbCircle
 10
2436344.562070298
 20
414476.5317692374
 30
0.0
 40
0.25
  0
INSERT
  5
3D0
330
17
100
AcDbEntity
  8
P-(FUTURE)-U-STM
 60
1
100
AcDbBlockReference
  2
*U43
 10
2436344.5620702985
 20
414476.53176923766
 30
0.0
 41
3.0
 42
3.0
 43
3.0
 50
-169.68286219651344
  0
LWPOLYLINE
  5
3D2
330
17
100
AcDbEntity
  8
P-U-STM
 60
1
100
AcDbPolyline
 90
4
 70
1
 10
2436247.583522074
 20
414482.0941824356
 10
2436251.333522074
 20
414482.0941824356
 10
2436251.333522074
 20
414485.8441824356
 10
2436247.583522074
 20
414485.8441824356
  0
CIRCLE
  5
3D3
330
17
100
AcDbEntity
  8
P-U-STM
 60
1
100
AcDbCircle
 10
2436249.458522074
 20
414483.9691824356
 30
0.0
 40
0.25
  0
INSERT
  5
3D4
330
17
100
AcDbEntity
  8
P-(FUTURE)-U-STM
 60
1
100
AcDbBlockReference
  2
*U43
 10
2436249.4585220744
 20
414483.96918243583
 30
0.0
 41
3.0
 42
3.0
 43
3.0
 50
-169.68286219651344
  0
LWPOLYLINE
  5
3D6
330
17
100
AcDbEntity
  8
P-U-STM
 60
1
100
AcDbPolyline
 90
4
 70
1
 10
2436163.677611744
 20
414527.4791822868
 10
2436167.427611744
 20
414527.4791822868
 10
2436167.427611744
 20
414531.2291822868
 10
2436163.677611744
 20
414531.2291822868
  0
CIRCLE
  5
3D7
330
17
100
AcDbEntity
  8
P-U-STM
 60
1
100
AcDbCircle
 10
2436165.552611744
 20
414529.3541822868
 30
0.0
 40
0.25
  0
INSERT
  5
3D8
330
17
100
AcDbEntity
  8
P-(FUTURE)-U-STM
 60
1
100
AcDbBlockReference
  2
*U43
 10
2436165.5526117445
 20
414529.35418228706
 30
0.0
 41
3.0
 42
3.0
 43
3.0
 50
-169.68286219651344
  0
LWPOLYLINE
  5
3DA
330
17
100
AcDbEntity
  8
P-U-STM
 60
1
100
AcDbPolyline
 90
4
 70
1
 10
2436127.378457381
 20
414566.4398272651
 10
2436131.128457381
 20
414566.4398272651
 10
2436131.128457381
 20
414570.1898272651
 10
2436127.378457381
 20
414570.1898272651
  0
CIRCLE
  5
3DB
330
17
100
AcDbEntity
  8
P-U-STM
 60
1
100
AcDbCircle
 10
2436129.253457381
 20
414568.3148272651
 30
0.0
 40
0.25
  0
INSERT
  5
3DC
330
17
100
AcDbEntity
  8
P-(FUTURE)-U-STM
 60
1
100
AcDbBlockReference
  2
*U43
 10
2436129.2534573814
 20
414568.31482726533
 30
0.0
 41
3.0
 42
3.0
 43
3.0
 50
-169.68286219651344
  0
LWPOLYLINE
  5
3DE
330
17
100
AcDbEntity
  8
P-U-STM
 60
1
100
AcDbPolyline
 90
4
 70
1
 10
2436464.192746229
 20
414705.0918547466
 10
2436467.942746229
 20
414705.0918547466
 10
2436467.942746229
 20
414708.8418547466
 10
2436464.192746229
 20
414708.8418547466
  0
CIRCLE
  5
3DF
330
17
100
AcDbEntity
  8
P-U-STM
 60
1
100
AcDbCircle
 10
2436466.067746229
 20
414706.9668547466
 30
0.0
 40
0.25
  0
INSERT
  5
3E0
330
17
100
AcDbEntity
  8
P-(FUTURE)-U-STM
 60
1
100
AcDbBlockReference
  2
*U43
 10
2436466.0677462295
 20
414706.96685474686
 30
0.0
 41
3.0
 42
3.0
 43
3.0
 50
-169.68286219651344
  0
LWPOLYLINE
  5
3E2
330
17
100
AcDbEntity
  8
P-U-STM
 60
1
100
AcDbPolyline
 90
4
 70
1
 10
2436614.435062576
 20
413265.3697608634
 10
2436610.685062576
 20
413265.3697608634
 10
2436610.685062576
 20
413261.6197608634
 10
2436614.435062576
 20
413261.6197608634
  0
CIRCLE
  5
3E3
330
17
100
AcDbEntity
  8
P-U-STM
 60
1
100
AcDbCircle
 10
2436612.560062576
 20
413263.4947608634
 30
0.0
 40
0.25
  0
INSERT
  5
3E4
330
17
100
AcDbEntity
  8
P-(FUTURE)-U-STM
 60
1
100
AcDbBlockReference
  2
*U43
 10
2436612.5600625756
 20
413263.4947608632
 30
0.0
 41
3.0
 42
3.0
 43
3.0
 50
10.317137803486567
  0
LWPOLYLINE
  5
3E6
330
17
100
AcDbEntity
  8
P-U-STM
 60
1
100
AcDbPolyline
 90
4
 70
1
 10
2436544.361365066
 20
413358.6131471674
 10
2436548.111365066
 20
413358.6131471674
 10
2436548.111365066
 20
413362.3631471674
 10
2436544.361365066
 20
413362.3631471674
  0
CIRCLE
  5
3E7
330
17
100
AcDbEntity
  8
P-U-STM
 60
1
100
AcDbCircle
 10
2436546.236365066
 20
413360.4881471674
 30
0.0
 40
0.25
  0
INSERT
  5
3E8
330
17
100
AcDbEntity
  8
P-(FUTURE)-U-STM
 60
1
100
AcDbBlockReference
  2
*U43
 10
2436546.2363650664
 20
413360.4881471676
 30
0.0
 41
3.0
 42
3.0
 43
3.0
 50
-169.68286219651344
  0
LWPOLYLINE
  5
3EA
330
17
100
AcDbEntity
  8
P-U-STM
 60
1
100
AcDbPolyline
 90
4
 70
1
 10
2436555.676348845
 20
413280.1354609229
 10
2436559.426348845
 20
413280.1354609229
 10
2436559.426348845
 20
413283.8854609229
 10
2436555.676348845
 20
413283.8854609229
  0
CIRCLE
  5
3EB
330
17
100
AcDbEntity
  8
P-U-STM
 60
1
100
AcDbCircle
 10
2436557.551348845
 20
413282.0104609229
 30
0.0
 40
0.25
  0
INSERT
  5
3EC
330
17
100
AcDbEntity
  8
P-(FUTURE)-U-STM
 60
1
100
AcDbBlockReference
  2
*U43
 10
2436557.5513488455
 20
413282.01046092313
 30
0.0
 41
3.0
 42
3.0
 43
3.0
 50
-169.68286219651344
  0
LWPOLYLINE
  5
3EE
330
17
100
AcDbEntity
  8
P-U-STM
 60
1
100
AcDbPolyline
 90
4
 70
1
 10
2436935.63017716
 20
413007.8858929813
 10
2436939.38017716
 20
413007.8858929813
 10
2436939.38017716
 20
413011.6358929813
 10
2436935.63017716
 20
413011.6358929813
  0
CIRCLE
  5
3EF
330
17
100
AcDbEntity
  8
P-U-STM
 60
1
100
AcDbCircle
 10
2436937.50517716
 20
413009.7608929813
 30
0.0
 40
0.25
  0
INSERT
  5
3F0
330
17
100
AcDbEntity
  8
P-(FUTURE)-U-STM
 60
1
100
AcDbBlockReference
  2
*U43
 10
2436937.5051771603
 20
413009.76089298155
 30
0.0
 41
3.0
 42
3.0
 43
3.0
 50
-169.68286219651344
  0
LWPOLYLINE
  5
3F2
330
17
100
AcDbEntity
  8
P-U-STM
 60
1
100
AcDbPolyline
 90
4
 70
1
 10
2436907.286028297
 20
413049.2522123266
 10
2436911.036028297
 20
413049.2522123266
 10
2436911.036028297
 20
413053.0022123266
 10
2436907.286028297
 20
413053.0022123266
  0
CIRCLE
  5
3F3
330
17
100
AcDbEntity
  8
P-U-STM
 60
1
100
AcDbCircle
 10
2436909.161028297
 20
413051.1272123266
 30
0.0
 40
0.25
  0
INSERT
  5
3F4
330
17
100
AcDbEntity
  8
P-(FUTURE)-U-STM
 60
1
100
AcDbBlockReference
  2
*U43
 10
2436909.1610282976
 20
413051.12721232686
 30
0.0
 41
3.0
 42
3.0
 43
3.0
 50
-169.68286219651344
  0
LWPOLYLINE
  5
3F6
330
17
100
AcDbEntity
  8
P-U-STM
 60
1
100
AcDbPolyline
 90
4
 70
1
 10
2436296.56518562
 20
413213.6968176095
 10
2436300.31518562
 20
413213.6968176095
 10
2436300.31518562
 20
413217.4468176095
 10
2436296.56518562
 20
413217.4468176095
  0
CIRCLE
  5
3F7
330
17
100
AcDbEntity
  8
P-U-STM
 60
1
100
AcDbCircle
 10
2436298.44018562
 20
413215.5718176095
 30
0.0
 40
0.25
  0
INSERT
  5
3F8
330
17
100
AcDbEntity
  8
P-(FUTURE)-U-STM
 60
1
100
AcDbBlockReference
  2
*U43
 10
2436298.4401856204
 20
413215.5718176097
 30
0.0
 41
3.0
 42
3.0
 43
3.0
 50
-169.68286219651344
  0
LWPOLYLINE
  5
3FA
330
17
100
AcDbEntity
  8
P-U-STM
 60
1
100
AcDbPolyline
 90
4
 70
1
 10
2436496.074228948
 20
413077.9896412158
 10
2436499.824228948
 20
413077.9896412158
 10
2436499.824228948
 20
413081.7396412158
 10
2436496.074228948
 20
413081.7396412158
  0
CIRCLE
  5
3FB
330
17
100
AcDbEntity
  8
P-U-STM
 60
1
100
AcDbCircle
 10
2436497.949228948
 20
413079.8646412158
 30
0.0
 40
0.25
  0
INSERT
  5
3FC
330
17
100
AcDbEntity
  8
P-(FUTURE)-U-STM
 60
1
100
AcDbBlockReference
  2
*U43
 10
2436497.9492289484
 20
413079.86464121606
 30
0.0
 41
3.0
 42
3.0
 43
3.0
 50
-169.68286219651344
  0
LWPOLYLINE
  5
3FE
330
17
100
AcDbEntity
  8
P-U-STM
 60
1
100
AcDbPolyline
 90
4
 70
1
 10
2436538.288432682
 20
414363.2981092161
 10
2436542.038432682
 20
414363.2981092161
 10
2436542.038432682
 20
414367.0481092161
 10
2436538.288432682
 20
414367.0481092161
  0
CIRCLE
  5
3FF
330
17
100
AcDbEntity
  8
P-U-STM
 60
1
100
AcDbCircle
 10
2436540.163432682
 20
414365.1731092161
 30
0.0
 40
0.25
  0
INSERT
  5
400
330
17
100
AcDbEntity
  8
P-(FUTURE)-U-STM
 60
1
100
AcDbBlockReference
  2
*U43
 10
2436540.1634326824
 20
414365.1731092163
 30
0.0
 41
3.0
 42
3.0
 43
3.0
 50
-169.68286219651344
  0
LWPOLYLINE
  5
402
330
17
100
AcDbEntity
  8
P-U-STM
 60
1
100
AcDbPolyline
 90
4
 70
1
 10
2436271.09880193
 20
414812.1300596846
 10
2436274.84880193
 20
414812.1300596846
 10
2436274.84880193
 20
414815.8800596846
 10
2436271.09880193
 20
414815.8800596846
  0
CIRCLE
  5
403
330
17
100
AcDbEntity
  8
P-U-STM
 60
1
100
AcDbCircle
 10
2436272.97380193
 20
414814.0050596846
 30
0.0
 40
0.25
  0
INSERT
  5
404
330
17
100
AcDbEntity
  8
P-(FUTURE)-U-STM
 60
1
100
AcDbBlockReference
  2
*U43
 10
2436272.9738019304
 20
414814.00505968486
 30
0.0
 41
3.0
 42
3.0
 43
3.0
 50
-169.68286219651344
  0
LWPOLYLINE
  5
406
330
17
100
AcDbEntity
  8
P-U-STM
 60
1
100
AcDbPolyline
 90
4
 70
1
 10
2436638.872187127
 20
414843.0017233273
 10
2436642.622187127
 20
414843.0017233273
 10
2436642.622187127
 20
414846.7517233273
 10
2436638.872187127
 20
414846.7517233273
  0
CIRCLE
  5
407
330
17
100
AcDbEntity
  8
P-U-STM
 60
1
100
AcDbCircle
 10
2436640.747187127
 20
414844.8767233273
 30
0.0
 40
0.25
  0
INSERT
  5
408
330
17
100
AcDbEntity
  8
P-(FUTURE)-U-STM
 60
1
100
AcDbBlockReference
  2
*U43
 10
2436640.7471871274
 20
414844.87672332756
 30
0.0
 41
3.0
 42
3.0
 43
3.0
 50
-169.68286219651344
  0
LWPOLYLINE
  5
40A
330
17
100
AcDbEntity
  8
P-U-STM
 60
1
100
AcDbPolyline
 90
4
 70
1
 10
2436456.203080898
 20
414703.9758809145
 10
2436459.953080898
 20
414703.9758809145
 10
2436459.953080898
 20
414707.7258809145
 10
2436456.203080898
 20
414707.7258809145
  0
CIRCLE
  5
40B
330
17
100
AcDbEntity
  8
P-U-STM
 60
1
100
AcDbCircle
 10
2436458.078080898
 20
414705.8508809145
 30
0.0
 40
0.25
  0
INSERT
  5
40C
330
17
100
AcDbEntity
  8
P-(FUTURE)-U-STM
 60
1
100
AcDbBlockReference
  2
*U43
 10
2436458.0780808986
 20
414705.8508809147
 30
0.0
 41
3.0
 42
3.0
 43
3.0
 50
-169.68286219651344
  0
LWPOLYLINE
  5
40E
330
17
100
AcDbEntity
  8
P-U-STM
 60
1
100
AcDbPolyline
 90
4
 70
1
 10
2436494.728434728
 20
414544.1234051013
 10
2436498.478434728
 20
414544.1234051013
 10
2436498.478434728
 20
414547.8734051013
 10
2436494.728434728
 20
414547.8734051013
  0
CIRCLE
  5
40F
330
17
100
AcDbEntity
  8
P-U-STM
 60
1
100
AcDbCircle
 10
2436496.603434728
 20
414545.9984051013
 30
0.0
 40
0.25
  0
INSERT
  5
410
330
17
100
AcDbEntity
  8
P-(FUTURE)-U-STM
 60
1
100
AcDbBlockReference
  2
*U43
 10
2436496.6034347285
 20
414545.99840510153
 30
0.0
 41
3.0
 42
3.0
 43
3.0
 50
-169.68286219651344
  0
LWPOLYLINE
  5
412
330
17
100
AcDbEntity
  8
P-U-STM
 60
1
100
AcDbPolyline
 90
4
 70
1
 10
2436820.722086067
 20
414545.4265253213
 10
2436824.472086067
 20
414545.4265253213
 10
2436824.472086067
 20
414549.1765253213
 10
2436820.722086067
 20
414549.1765253213
  0
CIRCLE
  5
413
330
17
100
AcDbEntity
  8
P-U-STM
 60
1
100
AcDbCircle
 10
2436822.597086067
 20
414547.3015253213
 30
0.0
 40
0.25
  0
INSERT
  5
414
330
17
100
AcDbEntity
  8
P-(FUTURE)-U-STM
 60
1
100
AcDbBlockReference
  2
*U43
 10
2436822.5970860673
 20
414547.30152532156
 30
0.0
 41
3.0
 42
3.0
 43
3.0
 50
-169.68286219651344
  0
LWPOLYLINE
  5
416
330
17
100
AcDbEntity
  8
P-U-STM
 60
1
100
AcDbPolyline
 90
4
 70
1
 10
2436694.853738924
 20
413293.8296329115
 10
2436698.603738924
 20
413293.8296329115
 10
2436698.603738924
 20
413297.5796329115
 10
2436694.853738924
 20
413297.5796329115
  0
CIRCLE
  5
417
330
17
100
AcDbEntity
  8
P-U-STM
 60
1
100
AcDbCircle
 10
2436696.728738924
 20
413295.7046329115
 30
0.0
 40
0.25
  0
INSERT
  5
418
330
17
100
AcDbEntity
  8
P-(FUTURE)-U-STM
 60
1
100
AcDbBlockReference
  2
*U43
 10
2436696.7287389245
 20
413295.7046329117
 30
0.0
 41
3.0
 42
3.0
 43
3.0
 50
-169.68286219651344
  0
LWPOLYLINE
  5
41A
330
17
100
AcDbEntity
  8
P-U-STM
 60
1
100
AcDbPolyline
 90
4
 70
1
 10
2436754.992175075
 20
413341.6142381445
 10
2436758.742175075
 20
413341.6142381445
 10
2436758.742175075
 20
413345.3642381445
 10
2436754.992175075
 20
413345.3642381445
  0
CIRCLE
  5
41B
330
17
100
AcDbEntity
  8
P-U-STM
 60
1
100
AcDbCircle
 10
2436756.867175075
 20
413343.4892381445
 30
0.0
 40
0.25
  0
INSERT
  5
41C
330
17
100
AcDbEntity
  8
P-(FUTURE)-U-STM
 60
1
100
AcDbBlockReference
  2
*U43
 10
2436756.8671750757
 20
413343.4892381447
 30
0.0
 41
3.0
 42
3.0
 43
3.0
 50
-169.68286219651344
  0
LWPOLYLINE
  5
41E
330
17
100
AcDbEntity
  8
P-U-STM
 60
1
100
AcDbPolyline
 90
4
 70
1
 10
2436783.592071816
 20
413412.9027078034
 10
2436787.342071816
 20
413412.9027078034
 10
2436787.342071816
 20
413416.6527078034
 10
2436783.592071816
 20
413416.6527078034
  0
CIRCLE
  5
41F
330
17
100
AcDbEntity
  8
P-U-STM
 60
1
100
AcDbCircle
 10
2436785.467071816
 20
413414.7777078034
 30
0.0
 40
0.25
  0
INSERT
  5
420
330
17
100
AcDbEntity
  8
P-(FUTURE)-U-STM
 60
1
100
AcDbBlockReference
  2
*U43
 10
2436785.4670718163
 20
413414.77770780365
 30
0.0
 41
3.0
 42
3.0
 43
3.0
 50
-169.68286219651344
  0
LWPOLYLINE
  5
422
330
17
100
AcDbEntity
  8
P-U-STM
 60
1
100
AcDbPolyline
 90
4
 70
1
 10
2436430.09112911
 20
413606.2992984077
 10
2436433.84112911
 20
413606.2992984077
 10
2436433.84112911
 20
413610.0492984077
 10
2436430.09112911
 20
413610.0492984077
  0
CIRCLE
  5
423
330
17
100
AcDbEntity
  8
P-U-STM
 60
1
100
AcDbCircle
 10
2436431.96612911
 20
413608.1742984077
 30
0.0
 40
0.25
  0
INSERT
  5
424
330
17
100
AcDbEntity
  8
P-(FUTURE)-U-STM
 60
1
100
AcDbBlockReference
  2
*U43
 10
2436431.9661291107
 20
413608.1742984079
 30
0.0
 41
3.0
 42
3.0
 43
3.0
 50
-169.68286219651344
  0
LWPOLYLINE
  5
426
330
17
100
AcDbEntity
  8
P-U-STM
 60
1
100
AcDbPolyline
 90
4
 70
1
 10
2436429.857242847
 20
413922.9964391794
 10
2436433.607242847
 20
413922.9964391794
 10
2436433.607242847
 20
413926.7464391794
 10
2436429.857242847
 20
413926.7464391794
  0
CIRCLE
  5
427
330
17
100
AcDbEntity
  8
P-U-STM
 60
1
100
AcDbCircle
 10
2436431.732242847
 20
413924.8714391794
 30
0.0
 40
0.25
  0
INSERT
  5
428
330
17
100
AcDbEntity
  8
P-(FUTURE)-U-STM
 60
1
100
AcDbBlockReference
  2
*U43
 10
2436431.7322428473
 20
413924.87143917964
 30
0.0
 41
3.0
 42
3.0
 43
3.0
 50
-169.68286219651344
  0
LWPOLYLINE
  5
42A
330
17
100
AcDbEntity
  8
P-U-STM
 60
1
100
AcDbPolyline
 90
4
 70
1
 10
2435976.50408527
 20
414207.4078799614
 10
2435980.25408527
 20
414207.4078799614
 10
2435980.25408527
 20
414211.1578799614
 10
2435976.50408527
 20
414211.1578799614
  0
CIRCLE
  5
42B
330
17
100
AcDbEntity
  8
P-U-STM
 60
1
100
AcDbCircle
 10
2435978.37908527
 20
414209.2828799614
 30
0.0
 40
0.25
  0
INSERT
  5
42C
330
17
100
AcDbEntity
  8
P-(FUTURE)-U-STM
 60
1
100
AcDbBlockReference
  2
*U43
 10
2435978.3790852707
 20
414209.28287996165
 30
0.0
 41
3.0
 42
3.0
 43
3.0
 50
-169.68286219651344
  0
LWPOLYLINE
  5
42E
330
17
100
AcDbEntity
  8
P-U-STM
 60
1
100
AcDbPolyline
 90
4
 70
1
 10
2436305.073268226
 20
413944.8588441196
 10
2436308.823268226
 20
413944.8588441196
 10
2436308.823268226
 20
413948.6088441196
 10
2436305.073268226
 20
413948.6088441196
  0
CIRCLE
  5
42F
330
17
100
AcDbEntity
  8
P-U-STM
 60
1
100
AcDbCircle
 10
2436306.948268226
 20
413946.7338441196
 30
0.0
 40
0.25
  0
INSERT
  5
430
330
17
100
AcDbEntity
  8
P-(FUTURE)-U-STM
 60
1
100
AcDbBlockReference
  2
*U43
 10
2436306.9482682263
 20
413946.7338441198
 30
0.0
 41
3.0
 42
3.0
 43
3.0
 50
-169.68286219651344
  0
LWPOLYLINE
  5
432
330
17
100
AcDbEntity
  8
P-U-STM
 60
1
100
AcDbPolyline
 90
4
 70
1
 10
2436198.863245895
 20
413996.0392227407
 10
2436202.613245895
 20
413996.0392227407
 10
2436202.613245895
 20
413999.7892227407
 10
2436198.863245895
 20
413999.7892227407
  0
CIRCLE
  5
433
330
17
100
AcDbEntity
  8
P-U-STM
 60
1
100
AcDbCircle
 10
2436200.738245895
 20
413997.9142227407
 30
0.0
 40
0.25
  0
INSERT
  5
434
330
17
100
AcDbEntity
  8
P-(FUTURE)-U-STM
 60
1
100
AcDbBlockReference
  2
*U43
 10
2436200.7382458956
 20
413997.9142227409
 30
0.0
 41
3.0
 42
3.0
 43
3.0
 50
-169.68286219651344
  0
LWPOLYLINE
  5
436
330
17
100
AcDbEntity
  8
P-U-STM
 60
1
100
AcDbPolyline
 90
4
 70
1
 10
2436819.273403618
 20
414133.942266594
 10
2436823.023403618
 20
414133.942266594
 10
2436823.023403618
 20
414137.692266594
 10
2436819.273403618
 20
414137.692266594
  0
CIRCLE
  5
437
330
17
100
AcDbEntity
  8
P-U-STM
 60
1
100
AcDbCircle
 10
2436821.148403618
 20
414135.817266594
 30
0.0
 40
0.25
  0
INSERT
  5
438
330
17
100
AcDbEntity
  8
P-(FUTURE)-U-STM
 60
1
100
AcDbBlockReference
  2
*U43
 10
2436821.1484036185
 20
414135.8172665942
 30
0.0
 41
3.0
 42
3.0
 43
3.0
 50
-169.68286219651344
  0
LWPOLYLINE
  5
43A
330
17
100
AcDbEntity
  8
P-U-STM
 60
1
100
AcDbPolyline
 90
4
 70
1
 10
2436805.527891853
 20
414258.717068293
 10
2436809.277891853
 20
414258.717068293
 10
2436809.277891853
 20
414262.467068293
 10
2436805.527891853
 20
414262.467068293
  0
CIRCLE
  5
43B
330
17
100
AcDbEntity
  8
P-U-STM
 60
1
100
AcDbCircle
 10
2436807.402891853
 20
414260.592068293
 30
0.0
 40
0.25
  0
INSERT
  5
43C
330
17
100
AcDbEntity
  8
P-(FUTURE)-U-STM
 60
1
100
AcDbBlockReference
  2
*U43
 10
2436807.4028918534
 20
414260.59206829325
 30
0.0
 41
3.0
 42
3.0
 43
3.0
 50
-169.68286219651344
  0
LWPOLYLINE
  5
43E
330
17
100
AcDbEntity
  8
P-U-STM
 60
1
100
AcDbPolyline
 90
4
 70
1
 10
2436788.621033794
 20
413893.470555997
 10
2436792.371033794
 20
413893.470555997
 10
2436792.371033794
 20
413897.220555997
 10
2436788.621033794
 20
413897.220555997
  0
CIRCLE
  5
43F
330
17
100
AcDbEntity
  8
P-U-STM
 60
1
100
AcDbCircle
 10
2436790.496033794
 20
413895.345555997
 30
0.0
 40
0.25
  0
INSERT
  5
440
330
17
100
AcDbEntity
  8
P-(FUTURE)-U-STM
 60
1
100
AcDbBlockReference
  2
*U43
 10
2436790.4960337942
 20
413895.3455559972
 30
0.0
 41
3.0
 42
3.0
 43
3.0
 50
-169.68286219651344
  0
LWPOLYLINE
  5
442
330
17
100
AcDbEntity
  8
P-U-STM
 60
1
100
AcDbPolyline
 90
4
 70
1
 10
2436634.335588564
 20
414222.2647544433
 10
2436638.085588564
 20
414222.2647544433
 10
2436638.085588564
 20
414226.0147544433
 10
2436634.335588564
 20
414226.0147544433
  0
CIRCLE
  5
443
330
17
100
AcDbEntity
  8
P-U-STM
 60
1
100
AcDbCircle
 10
2436636.210588564
 20
414224.1397544433
 30
0.0
 40
0.25
  0
INSERT
  5
444
330
17
100
AcDbEntity
  8
P-(FUTURE)-U-STM
 60
1
100
AcDbBlockReference
  2
*U43
 10
2436636.2105885646
 20
414224.13975444355
 30
0.0
 41
3.0
 42
3.0
 43
3.0
 50
-169.68286219651344
  0
LWPOLYLINE
  5
446
330
17
100
AcDbEntity
  8
P-U-STM
 60
1
100
AcDbPolyline
 90
4
 70
1
 10
2436538.989925445
 20
414169.2628250003
 10
2436542.739925445
 20
414169.2628250003
 10
2436542.739925445
 20
414173.0128250003
 10
2436538.989925445
 20
414173.0128250003
  0
CIRCLE
  5
447
330
17
100
AcDbEntity
  8
P-U-STM
 60
1
100
AcDbCircle
 10
2436540.864925445
 20
414171.1378250003
 30
0.0
 40
0.25
  0
INSERT
  5
448
330
17
100
AcDbEntity
  8
P-(FUTURE)-U-STM
 60
1
100
AcDbBlockReference
  2
*U43
 10
2436540.8649254455
 20
414171.1378250005
 30
0.0
 41
3.0
 42
3.0
 43
3.0
 50
-169.68286219651344
  0
LWPOLYLINE
  5
44A
330
17
100
AcDbEntity
  8
P-U-STM
 60
1
100
AcDbPolyline
 90
4
 70
1
 10
2436468.899217054
 20
414085.6727980984
 10
2436472.649217054
 20
414085.6727980984
 10
2436472.649217054
 20
414089.4227980984
 10
2436468.899217054
 20
414089.4227980984
  0
CIRCLE
  5
44B
330
17
100
AcDbEntity
  8
P-U-STM
 60
1
100
AcDbCircle
 10
2436470.774217054
 20
414087.5477980984
 30
0.0
 40
0.25
  0
INSERT
  5
44C
330
17
100
AcDbEntity
  8
P-(FUTURE)-U-STM
 60
1
100
AcDbBlockReference
  2
*U43
 10
2436470.7742170542
 20
414087.54779809865
 30
0.0
 41
3.0
 42
3.0
 43
3.0
 50
-169.68286219651344
  0
LWPOLYLINE
  5
44E
330
17
100
AcDbEntity
  8
P-U-STM
 60
1
100
AcDbPolyline
 90
4
 70
1
 10
2436819.344153886
 20
414898.2139136944
 10
2436823.094153886
 20
414898.2139136944
 10
2436823.094153886
 20
414901.9639136944
 10
2436819.344153886
 20
414901.9639136944
  0
CIRCLE
  5
44F
330
17
100
AcDbEntity
  8
P-U-STM
 60
1
100
AcDbCircle
 10
2436821.219153886
 20
414900.0889136944
 30
0.0
 40
0.25
  0
INSERT
  5
450
330
17
100
AcDbEntity
  8
P-(FUTURE)-U-STM
 60
1
100
AcDbBlockReference
  2
*U43
 10
2436821.2191538867
 20
414900.0889136946
 30
0.0
 41
3.0
 42
3.0
 43
3.0
 50
-169.68286219651344
  0
LWPOLYLINE
  5
452
330
17
100
AcDbEntity
  8
P-U-STM
 60
1
100
AcDbPolyline
 90
4
 70
1
 10
2436088.033925659
 20
414653.3421162107
 10
2436091.783925659
 20
414653.3421162107
 10
2436091.783925659
 20
414657.0921162107
 10
2436088.033925659
 20
414657.0921162107
  0
CIRCLE
  5
453
330
17
100
AcDbEntity
  8
P-U-STM
 60
1
100
AcDbCircle
 10
2436089.908925659
 20
414655.2171162107
 30
0.0
 40
0.25
  0
INSERT
  5
454
330
17
100
AcDbEntity
  8
P-(FUTURE)-U-STM
 60
1
100
AcDbBlockReference
  2
*U43
 10
2436089.9089256595
 20
414655.21711621096
 30
0.0
 41
3.0
 42
3.0
 43
3.0
 50
-169.68286219651344
  0
LWPOLYLINE
  5
456
330
17
100
AcDbEntity
  8
P-U-STM
 60
1
100
AcDbPolyline
 90
4
 70
1
 10
2436475.711781957
 20
414501.4042428937
 10
2436479.461781957
 20
414501.4042428937
 10
2436479.461781957
 20
414505.1542428937
 10
2436475.711781957
 20
414505.1542428937
  0
CIRCLE
  5
457
330
17
100
AcDbEntity
  8
P-U-STM
 60
1
100
AcDbCircle
 10
2436477.586781957
 20
414503.2792428937
 30
0.0
 40
0.25
  0
INSERT
  5
458
330
17
100
AcDbEntity
  8
P-(FUTURE)-U-STM
 60
1
100
AcDbBlockReference
  2
*U43
 10
2436477.5867819577
 20
414503.2792428939
 30
0.0
 41
3.0
 42
3.0
 43
3.0
 50
-169.68286219651344
  0
LWPOLYLINE
  5
45A
330
17
100
AcDbEntity
  8
P-U-STM
 60
1
100
AcDbPolyline
 90
4
 70
1
 10
2436769.176157273
 20
413544.3037844381
 10
2436772.926157273
 20
413544.3037844381
 10
2436772.926157273
 20
413548.0537844381
 10
2436769.176157273
 20
413548.0537844381
  0
CIRCLE
  5
45B
330
17
100
AcDbEntity
  8
P-U-STM
 60
1
100
AcDbCircle
 10
2436771.051157273
 20
413546.1787844381
 30
0.0
 40
0.25
  0
INSERT
  5
45C
330
17
100
AcDbEntity
  8
P-(FUTURE)-U-STM
 60
1
100
AcDbBlockReference
  2
*U43
 10
2436771.0511572734
 20
413546.17878443835
 30
0.0
 41
3.0
 42
3.0
 43
3.0
 50
-169.68286219651344
  0
LWPOLYLINE
  5
45E
330
17
100
AcDbEntity
  8
P-U-STM
 60
1
100
AcDbPolyline
 90
4
 70
1
 10
2436214.724515988
 20
414005.1134473368
 10
2436218.474515988
 20
414005.1134473368
 10
2436218.474515988
 20
414008.8634473368
 10
2436214.724515988
 20
414008.8634473368
  0
CIRCLE
  5
45F
330
17
100
AcDbEntity
  8
P-U-STM
 60
1
100
AcDbCircle
 10
2436216.599515988
 20
414006.9884473368
 30
0.0
 40
0.25
  0
INSERT
  5
460
330
17
100
AcDbEntity
  8
P-(FUTURE)-U-STM
 60
1
100
AcDbBlockReference
  2
*U43
 10
2436216.5995159885
 20
414006.988447337
 30
0.0
 41
3.0
 42
3.0
 43
3.0
 50
-169.68286219651344
  0
LWPOLYLINE
  5
462
330
17
100
AcDbEntity
  8
P-U-STM
 60
1
100
AcDbPolyline
 90
4
 70
1
 10
2436803.078179425
 20
414208.4907517164
 10
2436799.328179425
 20
414208.4907517164
 10
2436799.328179425
 20
414204.7407517164
 10
2436803.078179425
 20
414204.7407517164
  0
CIRCLE
  5
463
330
17
100
AcDbEntity
  8
P-U-STM
 60
1
100
AcDbCircle
 10
2436801.203179425
 20
414206.6157517164
 30
0.0
 40
0.25
  0
INSERT
  5
464
330
17
100
AcDbEntity
  8
P-(FUTURE)-U-STM
 60
1
100
AcDbBlockReference
  2
*U43
 10
2436801.2031794246
 20
414206.6157517162
 30
0.0
 41
3.0
 42
3.0
 43
3.0
 50
10.317137803486567
  0
LWPOLYLINE
  5
466
330
17
100
AcDbEntity
  8
P-U-STM
 60
1
100
AcDbPolyline
 90
4
 70
1
 10
2436756.210442586
 20
414265.7680658923
 10
2436759.960442586
 20
414265.7680658923
 10
2436759.960442586
 20
414269.5180658923
 10
2436756.210442586
 20
414269.5180658923
  0
CIRCLE
  5
467
330
17
100
AcDbEntity
  8
P-U-STM
 60
1
100
AcDbCircle
 10
2436758.085442586
 20
414267.6430658923
 30
0.0
 40
0.25
  0
INSERT
  5
468
330
17
100
AcDbEntity
  8
P-(FUTURE)-U-STM
 60
1
100
AcDbBlockReference
  2
*U43
 10
2436758.0854425863
 20
414267.6430658925
 30
0.0
 41
3.0
 42
3.0
 43
3.0
 50
-169.68286219651344
  0
LWPOLYLINE
  5
46A
330
17
100
AcDbEntity
  8
P-U-STM
 60
1
100
AcDbPolyline
 90
4
 70
1
 10
2436793.688011898
 20
414241.0580434041
 10
2436797.438011898
 20
414241.0580434041
 10
2436797.438011898
 20
414244.8080434041
 10
2436793.688011898
 20
414244.8080434041
  0
CIRCLE
  5
46B
330
17
100
AcDbEntity
  8
P-U-STM
 60
1
100
AcDbCircle
 10
2436795.563011898
 20
414242.9330434041
 30
0.0
 40
0.25
  0
INSERT
  5
46C
330
17
100
AcDbEntity
  8
P-(FUTURE)-U-STM
 60
1
100
AcDbBlockReference
  2
*U43
 10
2436795.5630118987
 20
414242.9330434043
 30
0.0
 41
3.0
 42
3.0
 43
3.0
 50
-169.68286219651344
  0
LWPOLYLINE
  5
46E
330
17
100
AcDbEntity
  8
P-U-STM
 60
1
100
AcDbPolyline
 90
4
 70
1
 10
2436802.366374668
 20
414841.6230861358
 10
2436806.116374668
 20
414841.6230861358
 10
2436806.116374668
 20
414845.3730861358
 10
2436802.366374668
 20
414845.3730861358
  0
CIRCLE
  5
46F
330
17
100
AcDbEntity
  8
P-U-STM
 60
1
100
AcDbCircle
 10
2436804.241374668
 20
414843.4980861358
 30
0.0
 40
0.25
  0
INSERT
  5
470
330
17
100
AcDbEntity
  8
P-(FUTURE)-U-STM
 60
1
100
AcDbBlockReference
  2
*U43
 10
2436804.2413746687
 20
414843.498086136
 30
0.0
 41
3.0
 42
3.0
 43
3.0
 50
-169.68286219651344
  0
LWPOLYLINE
  5
472
330
17
100
AcDbEntity
  8
P-U-STM
 60
1
100
AcDbPolyline
 90
4
 70
1
 10
2436835.415110956
 20
414847.2636482508
 10
2436839.165110956
 20
414847.2636482508
 10
2436839.165110956
 20
414851.0136482508
 10
2436835.415110956
 20
414851.0136482508
  0
CIRCLE
  5
473
330
17
100
AcDbEntity
  8
P-U-STM
 60
1
100
AcDbCircle
 10
2436837.290110956
 20
414849.1386482508
 30
0.0
 40
0.25
  0
INSERT
  5
474
330
17
100
AcDbEntity
  8
P-(FUTURE)-U-STM
 60
1
100
AcDbBlockReference
  2
*U43
 10
2436837.2901109564
 20
414849.138648251
 30
0.0
 41
3.0
 42
3.0
 43
3.0
 50
-169.68286219651344
  0
LWPOLYLINE
  5
476
330
17
100
AcDbEntity
  8
P-U-STM
 60
1
100
AcDbPolyline
 90
4
 70
1
 10
2436809.293276465
 20
414847.4882062107
 10
2436813.043276465
 20
414847.4882062107
 10
2436813.043276465
 20
414851.2382062107
 10
2436809.293276465
 20
414851.2382062107
  0
CIRCLE
  5
477
330
17
100
AcDbEntity
  8
P-U-STM
 60
1
100
AcDbCircle
 10
2436811.168276465
 20
414849.3632062107
 30
0.0
 40
0.25
  0
INSERT
  5
478
330
17
100
AcDbEntity
  8
P-(FUTURE)-U-STM
 60
1
100
AcDbBlockReference
  2
*U43
 10
2436811.1682764655
 20
414849.36320621095
 30
0.0
 41
3.0
 42
3.0
 43
3.0
 50
-169.68286219651344
  0
LWPOLYLINE
  5
47A
330
17
100
AcDbEntity
  8
P-U-STM
 60
1
100
AcDbPolyline
 90
4
 70
1
 10
2435972.450409807
 20
414200.2235450194
 10
2435976.200409807
 20
414200.2235450194
 10
2435976.200409807
 20
414203.9735450194
 10
2435972.450409807
 20
414203.9735450194
  0
CIRCLE
  5
47B
330
17
100
AcDbEntity
  8
P-U-STM
 60
1
100
AcDbCircle
 10
2435974.325409807
 20
414202.0985450194
 30
0.0
 40
0.25
  0
INSERT
  5
47C
330
17
100
AcDbEntity
  8
P-(FUTURE)-U-STM
 60
1
100
AcDbBlockReference
  2
*U43
 10
2435974.3254098073
 20
414202.09854501963
 30
0.0
 41
3.0
 42
3.0
 43
3.0
 50
-169.68286219651344
  0
LWPOLYLINE
  5
47E
330
17
100
AcDbEntity
  8
P-U-STM
 60
1
100
AcDbPolyline
 90
4
 70
1
 10
2435902.351915043
 20
414219.4502281878
 10
2435906.101915043
 20
414219.4502281878
 10
2435906.101915043
 20
414223.2002281878
 10
2435902.351915043
 20
414223.2002281878
  0
CIRCLE
  5
47F
330
17
100
AcDbEntity
  8
P-U-STM
 60
1
100
AcDbCircle
 10
2435904.226915043
 20
414221.3252281878
 30
0.0
 40
0.25
  0
INSERT
  5
480
330
17
100
AcDbEntity
  8
P-(FUTURE)-U-STM
 60
1
100
AcDbBlockReference
  2
*U43
 10
2435904.2269150433
 20
414221.325228188
 30
0.0
 41
3.0
 42
3.0
 43
3.0
 50
-169.68286219651344
  0
ENDSEC
  0
SECTION
  2
OBJECTS
  0
DICTIONARY
  5
A
330
0
100
AcDbDictionary
281
1
  3
ACAD_COLOR
350
B
  3
ACAD_GROUP
350
C
  3
ACAD_LAYOUT
350
D
  3
ACAD_MATERIAL
350
E
  3
ACAD_MLEADERSTYLE
350
F
  3
ACAD_MLINESTYLE
350
10
  3
ACAD_PLOTSETTINGS
350
11
  3
ACAD_PLOTSTYLENAME
350
12
  3
ACAD_SCALELIST
350
14
  3
ACAD_TABLESTYLE
350
15
  3
ACAD_VISUALSTYLE
350
16
  3
EZDXF_META
350
2D
  0
DICTIONARY
  5
B
330
A
100
AcDbDictionary
281
1
  0
DICTIONARY
  5
C
330
A
100
AcDbDictionary
281
1
  0
DICTIONARY
  5
D
330
A
100
AcDbDictionary
281
1
  3
Model
350
1A
  3
Layout1
350
1E
  0
DICTIONARY
  5
E
330
A
100
AcDbDictionary
281
1
  3
ByBlock
350
1F
  3
ByLayer
350
20
  3
Global
350
21
  0
DICTIONARY
  5
F
330
A
100
AcDbDictionary
281
1
  3
Standard
350
2C
  0
DICTIONARY
  5
10
330
A
100
AcDbDictionary
281
1
  3
Standard
350
22
  0
DICTIONARY
  5
11
330
A
100
AcDbDictionary
281
1
  0
ACDBDICTIONARYWDFLT
  5
12
330
A
100
AcDbDictionary
281
1
  3
Normal
350
13
100
AcDbDictionaryWithDefault
340
13
  0
ACDBPLACEHOLDER
  5
13
330
12
  0
DICTIONARY
  5
14
330
A
100
AcDbDictionary
281
1
  0
DICTIONARY
  5
15
330
A
100
AcDbDictionary
281
1
  0
DICTIONARY
  5
16
330
A
100
AcDbDictionary
281
1
  0
LAYOUT
  5
1A
330
D
100
AcDbPlotSettings
  1

  4
A3
  6

 40
7.5
 41
20.0
 42
7.5
 43
20.0
 44
420.0
 45
297.0
 46
0.0
 47
0.0
 48
0.0
 49
0.0
140
0.0
141
0.0
142
1.0
143
1.0
 70
1024
 72
1
 73
0
 74
5
  7

 75
16
 76
0
 77
2
 78
300
147
1.0
148
0.0
149
0.0
100
AcDbLayout
  1
Model
 70
1
 71
0
 10
0.0
 20
0.0
 11
420.0
 21
297.0
 12
0.0
 22
0.0
 32
0.0
 14
1e+20
 24
1e+20
 34
1e+20
 15
-1e+20
 25
-1e+20
 35
-1e+20
146
0.0
 13
0.0
 23
0.0
 33
0.0
 16
1.0
 26
0.0
 36
0.0
 17
0.0
 27
1.0
 37
0.0
 76
1
330
17
  0
LAYOUT
  5
1E
330
D
100
AcDbPlotSettings
  1

  4
A3
  6

 40
7.5
 41
20.0
 42
7.5
 43
20.0
 44
420.0
 45
297.0
 46
0.0
 47
0.0
 48
0.0
 49
0.0
140
0.0
141
0.0
142
1.0
143
1.0
 70
0
 72
1
 73
0
 74
5
  7

 75
16
 76
0
 77
2
 78
300
147
1.0
148
0.0
149
0.0
100
AcDbLayout
  1
Layout1
 70
1
 71
1
 10
0.0
 20
0.0
 11
420.0
 21
297.0
 12
0.0
 22
0.0
 32
0.0
 14
1e+20
 24
1e+20
 34
1e+20
 15
-1e+20
 25
-1e+20
 35
-1e+20
146
0.0
 13
0.0
 23
0.0
 33
0.0
 16
1.0
 26
0.0
 36
0.0
 17
0.0
 27
1.0
 37
0.0
 76
1
330
1B
  0
MATERIAL
  5
1F
102
{ACAD_REACTORS
330
E
102
}
330
E
100
AcDbMaterial
  1
ByBlock
  2

 70
0
 40
1.0
 71
1
 41
1.0
 91
-1023410177
 42
1.0
 72
1
  3

 73
1
 74
1
 75
1
 44
0.5
 73
0
 45
1.0
 46
1.0
 77
1
  4

 78
1
 79
1
170
1
 48
1.0
171
1
  6

172
1
173
1
174
1
140
1.0
141
1.0
175
1
  7

176
1
177
1
178
1
143
1.0
179
1
  8

270
1
271
1
272
1
145
1.0
146
1.0
273
1
  9

274
1
275
1
276
1
 42
1.0
 72
1
  3

 73
1
 74
1
 75
1
 94
63
  0
MATERIAL
  5
20
102
{ACAD_REACTORS
330
E
102
}
330
E
100
AcDbMaterial
  1
ByLayer
  2

 70
0
 40
1.0
 71
1
 41
1.0
 91
-1023410177
 42
1.0
 72
1
  3

 73
1
 74
1
 75
1
 44
0.5
 73
0
 45
1.0
 46
1.0
 77
1
  4

 78
1
 79
1
170
1
 48
1.0
171
1
  6

172
1
173
1
174
1
140
1.0
141
1.0
175
1
  7

176
1
177
1
178
1
143
1.0
179
1
  8

270
1
271
1
272
1
145
1.0
146
1.0
273
1
  9

274
1
275
1
276
1
 42
1.0
 72
1
  3

 73
1
 74
1
 75
1
 94
63
  0
MATERIAL
  5
21
102
{ACAD_REACTORS
330
E
102
}
330
E
100
AcDbMaterial
  1
Global
  2

 70
0
 40
1.0
 71
1
 41
1.0
 91
-1023410177
 42
1.0
 72
1
  3

 73
1
 74
1
 75
1
 44
0.5
 73
0
 45
1.0
 46
1.0
 77
1
  4

 78
1
 79
1
170
1
 48
1.0
171
1
  6

172
1
173
1
174
1
140
1.0
141
1.0
175
1
  7

176
1
177
1
178
1
143
1.0
179
1
  8

270
1
271
1
272
1
145
1.0
146
1.0
273
1
  9

274
1
275
1
276
1
 42
1.0
 72
1
  3

 73
1
 74
1
 75
1
 94
63
  0
MLINESTYLE
  5
22
102
{ACAD_REACTORS
330
10
102
}
330
10
100
AcDbMlineStyle
  2
Standard
 70
0
  3

 62
256
 51
90.0
 52
90.0
 71
2
 49
0.5
 62
256
  6
BYLAYER
 49
-0.5
 62
256
  6
BYLAYER
  0
MLEADERSTYLE
  5
2C
102
{ACAD_REACTORS
330
F
102
}
330
F
100
AcDbMLeaderStyle
179
2
170
2
171
1
172
0
 90
2
 40
0.0
 41
0.0
173
1
 91
-1056964608
 92
-2
290
1
 42
2.0
291
1
 43
8.0
  3
Standard
 44
4.0
300

342
29
174
1
175
1
176
0
178
1
 93
-1056964608
 45
4.0
292
0
297
0
 46
4.0
 94
-1056964608
 47
1.0
 49
1.0
140
1.0
294
1
141
0.0
177
0
142
1.0
295
0
296
0
143
3.75
271
0
272
9
273
9
  0
DICTIONARY
  5
2D
330
A
100
AcDbDictionary
280
1
281
1
  3
CREATED_BY_EZDXF
350
2E
  3
WRITTEN_BY_EZDXF
350
4A9
  0
DICTIONARYVAR
  5
2E
330
2D
100
DictionaryVariables
280
0
  1
1.4.4 @ 2026-07-25T19:03:18.991333+00:00
  0
DICTIONARYVAR
  5
4A9
330
2D
100
DictionaryVariables
280
0
  1
1.4.4 @ 2026-07-25T19:03:19.090199+00:00
  0
ENDSEC
  0
EOF
