  0
SECTION
  2
HEADER
  9
$ACADVER
  1
AC1024
  9
$ACADMAINTVER
 70
6
  9
$DWGCODEPAGE
  3
ANSI_1252
  9
$LASTSAVEDBY
  1
ezdxf
  9
$INSBASE
 10
0.0
 20
0.0
 30
0.0
  9
$EXTMIN
 10
1e+20
 20
1e+20
 30
1e+20
  9
$EXTMAX
 10
-1e+20
 20
-1e+20
 30
-1e+20
  9
$LIMMIN
 10
0.0
 20
0.0
  9
$LIMMAX
 10
420.0
 20
297.0
  9
$ORTHOMODE
 70
0
  9
$REGENMODE
 70
1
  9
$FILLMODE
 70
1
  9
$QTEXTMODE
 70
0
  9
$MIRRTEXT
 70
1
  9
$LTSCALE
 40
1.0
  9
$ATTMODE
 70
1
  9
$TEXTSIZE
 40
2.5
  9
$TRACEWID
 40
1.0
  9
$TEXTSTYLE
  7
Standard
  9
$CLAYER
  8
0
  9
$CELTYPE
  6
ByLayer
  9
$CECOLOR
 62
256
  9
$CELTSCALE
 40
1.0
  9
$DISPSILH
 70
0
  9
$DIMSCALE
 40
1.0
  9
$DIMASZ
 40
2.5
  9
$DIMEXO
 40
0.625
  9
$DIMDLI
 40
3.75
  9
$DIMRND
 40
0.0
  9
$DIMDLE
 40
0.0
  9
$DIMEXE
 40
1.25
  9
$DIMTP
 40
0.0
  9
$DIMTM
 40
0.0
  9
$DIMTXT
 40
2.5
  9
$DIMCEN
 40
2.5
  9
$DIMTSZ
 40
0.0
  9
$DIMTOL
 70
0
  9
$DIMLIM
 70
0
  9
$DIMTIH
 70
0
  9
$DIMTOH
 70
0
  9
$DIMSE1
 70
0
  9
$DIMSE2
 70
0
  9
$DIMTAD
 70
1
  9
$DIMZIN
 70
8
  9
$DIMBLK
  1

  9
$DIMASO
 70
1
  9
$DIMSHO
 70
1
  9
$DIMPOST
  1

  9
$DIMAPOST
  1

  9
$DIMALT
 70
0
  9
$DIMALTD
 70
3
  9
$DIMALTF
 40
0.03937007874
  9
$DIMLFAC
 40
1.0
  9
$DIMTOFL
 70
1
  9
$DIMTVP
 40
0.0
  9
$DIMTIX
 70
0
  9
$DIMSOXD
 70
0
  9
$DIMSAH
 70
0
  9
$DIMBLK1
  1

  9
$DIMBLK2
  1

  9
$DIMSTYLE
  2
ISO-25
  9
$DIMCLRD
 70
0
  9
$DIMCLRE
 70
0
  9
$DIMCLRT
 70
0
  9
$DIMTFAC
 40
1.0
  9
$DIMGAP
 40
0.625
  9
$DIMJUST
 70
0
  9
$DIMSD1
 70
0
  9
$DIMSD2
 70
0
  9
$DIMTOLJ
 70
0
  9
$DIMTZIN
 70
8
  9
$DIMALTZ
 70
0
  9
$DIMALTTZ
 70
0
  9
$DIMUPT
 70
0
  9
$DIMDEC
 70
2
  9
$DIMTDEC
 70
2
  9
$DIMALTU
 70
2
  9
$DIMALTTD
 70
3
  9
$DIMTXSTY
  7
Standard
  9
$DIMAUNIT
 70
0
  9
$DIMADEC
 70
0
  9
$DIMALTRND
 40
0.0
  9
$DIMAZIN
 70
0
  9
$DIMDSEP
 70
44
  9
$DIMATFIT
 70
3
  9
$DIMFRAC
 70
0
  9
$DIMLDRBLK
  1

  9
$DIMLUNIT
 70
2
  9
$DIMLWD
 70
-2
  9
$DIMLWE
 70
-2
  9
$DIMTMOVE
 70
0
  9
$DIMFXL
 40
1.0
  9
$DIMFXLON
 70
0
  9
$DIMJOGANG
 40
0.785398163397
  9
$DIMTFILL
 70
0
  9
$DIMTFILLCLR
 70
0
  9
$DIMARCSYM
 70
0
  9
$DIMLTYPE
  6

  9
$DIMLTEX1
  6

  9
$DIMLTEX2
  6

  9
$DIMTXTDIRECTION
 70
0
  9
$LUNITS
 70
2
  9
$LUPREC
 70
4
  9
$SKETCHINC
 40
1.0
  9
$FILLETRAD
 40
10.0
  9
$AUNITS
 70
0
  9
$AUPREC
 70
2
  9
$MENU
  1
.
  9
$ELEVATION
 40
0.0
  9
$PELEVATION
 40
0.0
  9
$THICKNESS
 40
0.0
  9
$LIMCHECK
 70
0
  9
$CHAMFERA
 40
0.0
  9
$CHAMFERB
 40
0.0
  9
$CHAMFERC
 40
0.0
  9
$CHAMFERD
 40
0.0
  9
$SKPOLY
 70
0
  9
$TDCREATE
 40
2461259.535069444
  9
$TDUCREATE
 40
2458532.153996898
  9
$TDUPDATE
 40
2461259.535069444
  9
$TDUUPDATE
 40
2458532.1544311
  9
$TDINDWG
 40
0.0
  9
$TDUSRTIMER
 40
0.0
  9
$USRTIMER
 70
1
  9
$ANGBASE
 50
0.0
  9
$ANGDIR
 70
0
  9
$PDMODE
 70
0
  9
$PDSIZE
 40
0.0
  9
$PLINEWID
 40
0.0
  9
$SPLFRAME
 70
0
  9
$SPLINETYPE
 70
6
  9
$SPLINESEGS
 70
8
  9
$HANDSEED
  5
849
  9
$SURFTAB1
 70
6
  9
$SURFTAB2
 70
6
  9
$SURFTYPE
 70
6
  9
$SURFU
 70
6
  9
$SURFV
 70
6
  9
$UCSBASE
  2

  9
$UCSNAME
  2

  9
$UCSORG
 10
0.0
 20
0.0
 30
0.0
  9
$UCSXDIR
 10
1.0
 20
0.0
 30
0.0
  9
$UCSYDIR
 10
0.0
 20
1.0
 30
0.0
  9
$UCSORTHOREF
  2

  9
$UCSORTHOVIEW
 70
0
  9
$UCSORGTOP
 10
0.0
 20
0.0
 30
0.0
  9
$UCSORGBOTTOM
 10
0.0
 20
0.0
 30
0.0
  9
$UCSORGLEFT
 10
0.0
 20
0.0
 30
0.0
  9
$UCSORGRIGHT
 10
0.0
 20
0.0
 30
0.0
  9
$UCSORGFRONT
 10
0.0
 20
0.0
 30
0.0
  9
$UCSORGBACK
 10
0.0
 20
0.0
 30
0.0
  9
$PUCSBASE
  2

  9
$PUCSNAME
  2

  9
$PUCSORG
 10
0.0
 20
0.0
 30
0.0
  9
$PUCSXDIR
 10
1.0
 20
0.0
 30
0.0
  9
$PUCSYDIR
 10
0.0
 20
1.0
 30
0.0
  9
$PUCSORTHOREF
  2

  9
$PUCSORTHOVIEW
 70
0
  9
$PUCSORGTOP
 10
0.0
 20
0.0
 30
0.0
  9
$PUCSORGBOTTOM
 10
0.0
 20
0.0
 30
0.0
  9
$PUCSORGLEFT
 10
0.0
 20
0.0
 30
0.0
  9
$PUCSORGRIGHT
 10
0.0
 20
0.0
 30
0.0
  9
$PUCSORGFRONT
 10
0.0
 20
0.0
 30
0.0
  9
$PUCSORGBACK
 10
0.0
 20
0.0
 30
0.0
  9
$USERI1
 70
0
  9
$USERI2
 70
0
  9
$USERI3
 70
0
  9
$USERI4
 70
0
  9
$USERI5
 70
0
  9
$USERR1
 40
0.0
  9
$USERR2
 40
0.0
  9
$USERR3
 40
0.0
  9
$USERR4
 40
0.0
  9
$USERR5
 40
0.0
  9
$WORLDVIEW
 70
1
  9
$SHADEDGE
 70
3
  9
$SHADEDIF
 70
70
  9
$TILEMODE
 70
1
  9
$MAXACTVP
 70
64
  9
$PINSBASE
 10
0.0
 20
0.0
 30
0.0
  9
$PLIMCHECK
 70
0
  9
$PEXTMIN
 10
1e+20
 20
1e+20
 30
1e+20
  9
$PEXTMAX
 10
-1e+20
 20
-1e+20
 30
-1e+20
  9
$PLIMMIN
 10
0.0
 20
0.0
  9
$PLIMMAX
 10
420.0
 20
297.0
  9
$UNITMODE
 70
0
  9
$VISRETAIN
 70
1
  9
$PLINEGEN
 70
0
  9
$PSLTSCALE
 70
1
  9
$TREEDEPTH
 70
3020
  9
$CMLSTYLE
  2
Standard
  9
$CMLJUST
 70
0
  9
$CMLSCALE
 40
20.0
  9
$PROXYGRAPHICS
 70
1
  9
$MEASUREMENT
 70
1
  9
$CELWEIGHT
370
-1
  9
$ENDCAPS
280
0
  9
$JOINSTYLE
280
0
  9
$LWDISPLAY
290
0
  9
$INSUNITS
 70
2
  9
$HYPERLINKBASE
  1

  9
$STYLESHEET
  1

  9
$XEDIT
290
1
  9
$CEPSNTYPE
380
0
  9
$PSTYLEMODE
290
1
  9
$FINGERPRINTGUID
  2
{DD1944F3-D8F8-4014-941D-266F576E8FEC}
  9
$VERSIONGUID
  2
{D4358473-73FF-4C53-B7E3-3B8F9FCD3E82}
  9
$EXTNAMES
290
1
  9
$PSVPSCALE
 40
0.0
  9
$OLESTARTUP
290
0
  9
$SORTENTS
280
127
  9
$INDEXCTL
280
0
  9
$HIDETEXT
280
1
  9
$XCLIPFRAME
280
1
  9
$HALOGAP
280
0
  9
$OBSCOLOR
 70
257
  9
$OBSLTYPE
280
0
  9
$INTERSECTIONDISPLAY
280
0
  9
$INTERSECTIONCOLOR
 70
257
  9
$DIMASSOC
280
2
  9
$PROJECTNAME
  1

  9
$CAMERADISPLAY
290
0
  9
$LENSLENGTH
 40
50.0
  9
$CAMERAHEIGHT
 40
0.0
  9
$STEPSPERSEC
 40
24.0
  9
$STEPSIZE
 40
100.0
  9
$3DDWFPREC
 40
2.0
  9
$PSOLWIDTH
 40
0.005
  9
$PSOLHEIGHT
 40
0.08
  9
$LOFTANG1
 40
1.570796326795
  9
$LOFTANG2
 40
1.570796326795
  9
$LOFTMAG1
 40
0.0
  9
$LOFTMAG2
 40
0.0
  9
$LOFTPARAM
 70
7
  9
$LOFTNORMALS
280
1
  9
$LATITUDE
 40
37.795
  9
$LONGITUDE
 40
-122.394
  9
$NORTHDIRECTION
 40
0.0
  9
$TIMEZONE
 70
-8000
  9
$LIGHTGLYPHDISPLAY
280
1
  9
$TILEMODELIGHTSYNCH
280
1
  9
$CMATERIAL
347
20
  9
$SOLIDHIST
280
0
  9
$SHOWHIST
280
1
  9
$DWFFRAME
280
2
  9
$DGNFRAME
280
2
  9
$REALWORLDSCALE
290
1
  9
$INTERFERECOLOR
 62
256
  9
$CSHADOW
280
0
  9
$SHADOWPLANELOCATION
 40
0.0
  0
ENDSEC
  0
SECTION
  2
CLASSES
  0
CLASS
  1
ACDBDICTIONARYWDFLT
  2
AcDbDictionaryWithDefault
  3
ObjectDBX Classes
 90
0
 91
0
280
0
281
0
  0
CLASS
  1
SUN
  2
AcDbSun
  3
SCENEOE
 90
1153
 91
0
280
0
281
0
  0
CLASS
  1
VISUALSTYLE
  2
AcDbVisualStyle
  3
ObjectDBX Classes
 90
4095
 91
0
280
0
281
0
  0
CLASS
  1
MATERIAL
  2
AcDbMaterial
  3
ObjectDBX Classes
 90
1153
 91
0
280
0
281
0
  0
CLASS
  1
SCALE
  2
AcDbScale
  3
ObjectDBX Classes
 90
1153
 91
0
280
0
281
0
  0
CLASS
  1
TABLESTYLE
  2
AcDbTableStyle
  3
ObjectDBX Classes
 90
4095
 91
0
280
0
281
0
  0
CLASS
  1
MLEADERSTYLE
  2
AcDbMLeaderStyle
  3
ACDB_MLEADERSTYLE_CLASS
 90
4095
 91
0
280
0
281
0
  0
CLASS
  1
DICTIONARYVAR
  2
AcDbDictionaryVar
  3
ObjectDBX Classes
 90
0
 91
0
280
0
281
0
  0
CLASS
  1
CELLSTYLEMAP
  2
AcDbCellStyleMap
  3
ObjectDBX Classes
 90
1152
 91
0
280
0
281
0
  0
CLASS
  1
MENTALRAYRENDERSETTINGS
  2
AcDbMentalRayRenderSettings
  3
SCENEOE
 90
1024
 91
0
280
0
281
0
  0
CLASS
  1
ACDBDETAILVIEWSTYLE
  2
AcDbDetailViewStyle
  3
ObjectDBX Classes
 90
1025
 91
0
280
0
281
0
  0
CLASS
  1
ACDBSECTIONVIEWSTYLE
  2
AcDbSectionViewStyle
  3
ObjectDBX Classes
 90
1025
 91
0
280
0
281
0
  0
CLASS
  1
RASTERVARIABLES
  2
AcDbRasterVariables
  3
ISM
 90
0
 91
0
280
0
281
0
  0
CLASS
  1
LAYOUT
  2
AcDbLayout
  3
ObjectDBX Classes
 90
0
 91
0
280
0
281
0
  0
CLASS
  1
ACDBPLACEHOLDER
  2
AcDbPlaceHolder
  3
ObjectDBX Classes
 90
0
 91
0
280
0
281
0
  0
ENDSEC
  0
SECTION
  2
TABLES
  0
TABLE
  2
VPORT
  5
8
330
0
100
AcDbSymbolTable
 70
1
  0
VPORT
  5
23
330
8
100
AcDbSymbolTableRecord
100
AcDbViewportTableRecord
  2
*Active
 70
0
 10
0.0
 20
0.0
 11
1.0
 21
1.0
 12
0.0
 22
0.0
 13
0.0
 23
0.0
 14
0.5
 24
0.5
 15
0.5
 25
0.5
 16
0.0
 26
0.0
 36
1.0
 17
0.0
 27
0.0
 37
0.0
 40
1000.0
 41
1.34
 42
50.0
 43
0.0
 44
0.0
 50
0.0
 51
0.0
 71
0
 72
1000
 73
1
 74
3
 75
0
 76
0
 77
0
 78
0
281
0
 65
0
146
0.0
  0
ENDTAB
  0
TABLE
  2
LTYPE
  5
2
330
0
100
AcDbSymbolTable
 70
3
  0
LTYPE
  5
24
330
2
100
AcDbSymbolTableRecord
100
AcDbLinetypeTableRecord
  2
ByBlock
 70
0
  3

 72
65
 73
0
 40
0.0
  0
LTYPE
  5
25
330
2
100
AcDbSymbolTableRecord
100
AcDbLinetypeTableRecord
  2
ByLayer
 70
0
  3

 72
65
 73
0
 40
0.0
  0
LTYPE
  5
26
330
2
100
AcDbSymbolTableRecord
100
AcDbLinetypeTableRecord
  2
Continuous
 70
0
  3

 72
65
 73
0
 40
0.0
  0
ENDTAB
  0
TABLE
  2
LAYER
  5
1
330
0
100
AcDbSymbolTable
 70
6
  0
LAYER
  5
27
330
1
100
AcDbSymbolTableRecord
100
AcDbLayerTableRecord
  2
0
 70
0
 62
7
  6
Continuous
370
-3
390
13
347
21
  0
LAYER
  5
28
330
1
100
AcDbSymbolTableRecord
100
AcDbLayerTableRecord
  2
Defpoints
 70
0
 62
7
  6
Continuous
290
0
370
-3
390
13
347
21
  0
LAYER
  5
2F
330
1
100
AcDbSymbolTableRecord
100
AcDbLayerTableRecord
  2
CLEARING_LIMITS
 70
0
 62
4
  6
Continuous
370
-3
390
13
347
21
  0
LAYER
  5
30
330
1
100
AcDbSymbolTableRecord
100
AcDbLayerTableRecord
  2
SANITARY_CLEAR_ZONE
 70
0
 62
6
  6
Continuous
370
-3
390
13
347
21
  0
LAYER
  5
31
330
1
100
AcDbSymbolTableRecord
100
AcDbLayerTableRecord
  2
BUFFER_BORING
 70
0
 62
3
  6
Continuous
370
-3
390
13
347
21
  0
LAYER
  5
32
330
1
100
AcDbSymbolTableRecord
100
AcDbLayerTableRecord
  2
STAKE_NODES
 70
0
 62
2
  6
Continuous
370
-3
390
13
347
21
  0
ENDTAB
  0
TABLE
  2
STYLE
  5
5
330
0
100
AcDbSymbolTable
 70
1
  0
STYLE
  5
29
330
5
100
AcDbSymbolTableRecord
100
AcDbTextStyleTableRecord
  2
Standard
 70
0
 40
0.0
 41
1.0
 50
0.0
 71
0
 42
2.5
  3
txt
  4

  0
ENDTAB
  0
TABLE
  2
VIEW
  5
7
330
0
100
AcDbSymbolTable
 70
0
  0
ENDTAB
  0
TABLE
  2
UCS
  5
6
330
0
100
AcDbSymbolTable
 70
0
  0
ENDTAB
  0
TABLE
  2
APPID
  5
3
330
0
100
AcDbSymbolTable
 70
3
  0
APPID
  5
2A
330
3
100
AcDbSymbolTableRecord
100
AcDbRegAppTableRecord
  2
ACAD
 70
0
  0
APPID
  5
846
330
3
100
AcDbSymbolTableRecord
100
AcDbRegAppTableRecord
  2
HATCHBACKGROUNDCOLOR
 70
0
  0
APPID
  5
847
330
3
100
AcDbSymbolTableRecord
100
AcDbRegAppTableRecord
  2
EZDXF
 70
0
  0
ENDTAB
  0
TABLE
  2
DIMSTYLE
  5
4
330
0
100
AcDbSymbolTable
 70
1
100
AcDbDimStyleTable
  0
DIMSTYLE
105
2B
330
4
100
AcDbSymbolTableRecord
100
AcDbDimStyleTableRecord
  2
Standard
 70
0
 40
1.0
 41
2.5
 42
0.625
 43
3.75
 44
1.25
 45
0.0
 46
0.0
 47
0.0
 48
0.0
 49
2.5
140
2.5
141
2.5
142
0.0
143
0.03937007874
144
1.0
145
0.0
146
1.0
147
0.625
148
0.0
 69
0
 70
0
 71
0
 72
0
 73
0
 74
0
 75
0
 76
0
 77
1
 78
8
 79
3
170
0
171
3
172
1
173
0
174
0
175
0
176
0
177
0
178
0
179
2
271
2
272
2
273
2
274
3
275
0
276
0
277
2
278
44
279
0
280
0
281
0
282
0
283
0
284
8
285
0
286
0
288
0
289
3
290
0
371
-2
372
-2
  0
ENDTAB
  0
TABLE
  2
BLOCK_RECORD
  5
9
330
0
100
AcDbSymbolTable
 70
2
  0
BLOCK_RECORD
  5
17
330
9
100
AcDbSymbolTableRecord
100
AcDbBlockTableRecord
  2
*Model_Space
340
1A
 70
0
280
1
281
0
  0
BLOCK_RECORD
  5
1B
330
9
100
AcDbSymbolTableRecord
100
AcDbBlockTableRecord
  2
*Paper_Space
340
1E
 70
0
280
1
281
0
  0
ENDTAB
  0
ENDSEC
  0
SECTION
  2
BLOCKS
  0
BLOCK
  5
18
330
17
100
AcDbEntity
  8
0
100
AcDbBlockBegin
  2
*Model_Space
 70
0
 10
0.0
 20
0.0
 30
0.0
  3
*Model_Space
  1

  0
ENDBLK
  5
19
330
17
100
AcDbEntity
  8
0
100
AcDbBlockEnd
  0
BLOCK
  5
1C
330
1B
100
AcDbEntity
  8
0
100
AcDbBlockBegin
  2
*Paper_Space
 70
0
 10
0.0
 20
0.0
 30
0.0
  3
*Paper_Space
  1

  0
ENDBLK
  5
1D
330
1B
100
AcDbEntity
  8
0
100
AcDbBlockEnd
  0
ENDSEC
  0
SECTION
  2
ENTITIES
  0
LINE
  5
33
330
17
100
AcDbEntity
  8
BUFFER_BORING
100
AcDbLine
 10
3243.0000305175786
 20
434.99984741210943
 30
0.0
 11
3245.000203450521
 21
437.0000203450521
 31
0.0
  0
POINT
  5
34
330
17
100
AcDbEntity
  8
STAKE_NODES
100
AcDbPoint
 10
3243.0000305175786
 20
434.99984741210943
 30
0.0
  0
POINT
  5
35
330
17
100
AcDbEntity
  8
STAKE_NODES
100
AcDbPoint
 10
3245.000203450521
 20
437.0000203450521
 30
0.0
  0
LINE
  5
36
330
17
100
AcDbEntity
  8
BUFFER_BORING
100
AcDbLine
 10
3244.0002441406255
 20
431.99996948242193
 30
0.0
 11
3249.0000406901045
 21
437.99997965494794
 31
0.0
  0
POINT
  5
37
330
17
100
AcDbEntity
  8
STAKE_NODES
100
AcDbPoint
 10
3244.0002441406255
 20
431.99996948242193
 30
0.0
  0
POINT
  5
38
330
17
100
AcDbEntity
  8
STAKE_NODES
100
AcDbPoint
 10
3249.0000406901045
 20
437.99997965494794
 30
0.0
  0
LINE
  5
39
330
17
100
AcDbEntity
  8
BUFFER_BORING
100
AcDbLine
 10
3245.000203450521
 20
428.99983723958337
 30
0.0
 11
3254.000091552735
 21
438.9999389648438
 31
0.0
  0
POINT
  5
3A
330
17
100
AcDbEntity
  8
STAKE_NODES
100
AcDbPoint
 10
3245.000203450521
 20
428.99983723958337
 30
0.0
  0
POINT
  5
3B
330
17
100
AcDbEntity
  8
STAKE_NODES
100
AcDbPoint
 10
3254.000091552735
 20
438.9999389648438
 30
0.0
  0
LINE
  5
3C
330
17
100
AcDbEntity
  8
BUFFER_BORING
100
AcDbLine
 10
3245.000203450521
 20
426.9999186197917
 30
0.0
 11
3259.0001424153647
 21
439.9998982747396
 31
0.0
  0
POINT
  5
3D
330
17
100
AcDbEntity
  8
STAKE_NODES
100
AcDbPoint
 10
3245.000203450521
 20
426.9999186197917
 30
0.0
  0
POINT
  5
3E
330
17
100
AcDbEntity
  8
STAKE_NODES
100
AcDbPoint
 10
3259.0001424153647
 20
439.9998982747396
 30
0.0
  0
LINE
  5
3F
330
17
100
AcDbEntity
  8
BUFFER_BORING
100
AcDbLine
 10
3246.000162760417
 20
424.0000406901042
 30
0.0
 11
3262.999979654948
 21
440.99985758463544
 31
0.0
  0
POINT
  5
40
330
17
100
AcDbEntity
  8
STAKE_NODES
100
AcDbPoint
 10
3246.000162760417
 20
424.0000406901042
 30
0.0
  0
POINT
  5
41
330
17
100
AcDbEntity
  8
STAKE_NODES
100
AcDbPoint
 10
3262.999979654948
 20
440.99985758463544
 30
0.0
  0
LINE
  5
42
330
17
100
AcDbEntity
  8
BUFFER_BORING
100
AcDbLine
 10
3247.000122070313
 20
420.9999084472657
 30
0.0
 11
3268.0000305175786
 21
441.9998168945313
 31
0.0
  0
POINT
  5
43
330
17
100
AcDbEntity
  8
STAKE_NODES
100
AcDbPoint
 10
3247.000122070313
 20
420.9999084472657
 30
0.0
  0
POINT
  5
44
330
17
100
AcDbEntity
  8
STAKE_NODES
100
AcDbPoint
 10
3268.0000305175786
 20
441.9998168945313
 30
0.0
  0
LINE
  5
45
330
17
100
AcDbEntity
  8
BUFFER_BORING
100
AcDbLine
 10
3247.000122070313
 20
418.0000305175782
 30
0.0
 11
3273.0000813802085
 21
443.999989827474
 31
0.0
  0
POINT
  5
46
330
17
100
AcDbEntity
  8
STAKE_NODES
100
AcDbPoint
 10
3247.000122070313
 20
418.0000305175782
 30
0.0
  0
POINT
  5
47
330
17
100
AcDbEntity
  8
STAKE_NODES
100
AcDbPoint
 10
3273.0000813802085
 20
443.999989827474
 30
0.0
  0
LINE
  5
48
330
17
100
AcDbEntity
  8
BUFFER_BORING
100
AcDbLine
 10
3248.0000813802085
 20
414.9998982747396
 30
0.0
 11
3276.999918619792
 21
444.9999491373698
 31
0.0
  0
POINT
  5
49
330
17
100
AcDbEntity
  8
STAKE_NODES
100
AcDbPoint
 10
3248.0000813802085
 20
414.9998982747396
 30
0.0
  0
POINT
  5
4A
330
17
100
AcDbEntity
  8
STAKE_NODES
100
AcDbPoint
 10
3276.999918619792
 20
444.9999491373698
 30
0.0
  0
LINE
  5
4B
330
17
100
AcDbEntity
  8
BUFFER_BORING
100
AcDbLine
 10
3249.0000406901045
 20
412.0000203450521
 30
0.0
 11
3282.000223795573
 21
445.9999084472657
 31
0.0
  0
POINT
  5
4C
330
17
100
AcDbEntity
  8
STAKE_NODES
100
AcDbPoint
 10
3249.0000406901045
 20
412.0000203450521
 30
0.0
  0
POINT
  5
4D
330
17
100
AcDbEntity
  8
STAKE_NODES
100
AcDbPoint
 10
3282.000223795573
 20
445.9999084472657
 30
0.0
  0
LINE
  5
4E
330
17
100
AcDbEntity
  8
BUFFER_BORING
100
AcDbLine
 10
3249.0000406901045
 20
409.99984741210943
 30
0.0
 11
3287.0000203450522
 21
446.9998677571615
 31
0.0
  0
POINT
  5
4F
330
17
100
AcDbEntity
  8
STAKE_NODES
100
AcDbPoint
 10
3249.0000406901045
 20
409.99984741210943
 30
0.0
  0
POINT
  5
50
330
17
100
AcDbEntity
  8
STAKE_NODES
100
AcDbPoint
 10
3287.0000203450522
 20
446.9998677571615
 30
0.0
  0
LINE
  5
51
330
17
100
AcDbEntity
  8
BUFFER_BORING
100
AcDbLine
 10
3250.0000000000005
 20
406.99996948242193
 30
0.0
 11
3292.0000712076826
 21
448.00008138020837
 31
0.0
  0
POINT
  5
52
330
17
100
AcDbEntity
  8
STAKE_NODES
100
AcDbPoint
 10
3250.0000000000005
 20
406.99996948242193
 30
0.0
  0
POINT
  5
53
330
17
100
AcDbEntity
  8
STAKE_NODES
100
AcDbPoint
 10
3292.0000712076826
 20
448.00008138020837
 30
0.0
  0
LINE
  5
54
330
17
100
AcDbEntity
  8
BUFFER_BORING
100
AcDbLine
 10
3250.999959309896
 20
403.99983723958337
 30
0.0
 11
3296.000162760417
 21
449.0000406901042
 31
0.0
  0
POINT
  5
55
330
17
100
AcDbEntity
  8
STAKE_NODES
100
AcDbPoint
 10
3250.999959309896
 20
403.99983723958337
 30
0.0
  0
POINT
  5
56
330
17
100
AcDbEntity
  8
STAKE_NODES
100
AcDbPoint
 10
3296.000162760417
 20
449.0000406901042
 30
0.0
  0
LINE
  5
57
330
17
100
AcDbEntity
  8
BUFFER_BORING
100
AcDbLine
 10
3250.999959309896
 20
400.99995930989587
 30
0.0
 11
3300.999959309896
 21
450.00000000000006
 31
0.0
  0
POINT
  5
58
330
17
100
AcDbEntity
  8
STAKE_NODES
100
AcDbPoint
 10
3250.999959309896
 20
400.99995930989587
 30
0.0
  0
POINT
  5
59
330
17
100
AcDbEntity
  8
STAKE_NODES
100
AcDbPoint
 10
3300.999959309896
 20
450.00000000000006
 30
0.0
  0
LINE
  5
5A
330
17
100
AcDbEntity
  8
BUFFER_BORING
100
AcDbLine
 10
3251.999918619792
 20
398.00008138020837
 30
0.0
 11
3306.0002644856772
 21
451.9999186197917
 31
0.0
  0
POINT
  5
5B
330
17
100
AcDbEntity
  8
STAKE_NODES
100
AcDbPoint
 10
3251.999918619792
 20
398.00008138020837
 30
0.0
  0
POINT
  5
5C
330
17
100
AcDbEntity
  8
STAKE_NODES
100
AcDbPoint
 10
3306.0002644856772
 20
451.9999186197917
 30
0.0
  0
LINE
  5
5D
330
17
100
AcDbEntity
  8
BUFFER_BORING
100
AcDbLine
 10
3253.000132242839
 20
394.9999491373698
 30
0.0
 11
3310.0001017252607
 21
452.99987792968756
 31
0.0
  0
POINT
  5
5E
330
17
100
AcDbEntity
  8
STAKE_NODES
100
AcDbPoint
 10
3253.000132242839
 20
394.9999491373698
 30
0.0
  0
POINT
  5
5F
330
17
100
AcDbEntity
  8
STAKE_NODES
100
AcDbPoint
 10
3310.0001017252607
 20
452.99987792968756
 30
0.0
  0
LINE
  5
60
330
17
100
AcDbEntity
  8
BUFFER_BORING
100
AcDbLine
 10
3254.000091552735
 20
391.99981689453125
 30
0.0
 11
3314.9998982747397
 21
453.99983723958337
 31
0.0
  0
POINT
  5
61
330
17
100
AcDbEntity
  8
STAKE_NODES
100
AcDbPoint
 10
3254.000091552735
 20
391.99981689453125
 30
0.0
  0
POINT
  5
62
330
17
100
AcDbEntity
  8
STAKE_NODES
100
AcDbPoint
 10
3314.9998982747397
 20
453.99983723958337
 30
0.0
  0
LINE
  5
63
330
17
100
AcDbEntity
  8
BUFFER_BORING
100
AcDbLine
 10
3254.000091552735
 20
389.9998982747396
 30
0.0
 11
3320.000203450521
 21
455.00005086263025
 31
0.0
  0
POINT
  5
64
330
17
100
AcDbEntity
  8
STAKE_NODES
100
AcDbPoint
 10
3254.000091552735
 20
389.9998982747396
 30
0.0
  0
POINT
  5
65
330
17
100
AcDbEntity
  8
STAKE_NODES
100
AcDbPoint
 10
3320.000203450521
 20
455.00005086263025
 30
0.0
  0
LINE
  5
66
330
17
100
AcDbEntity
  8
BUFFER_BORING
100
AcDbLine
 10
3255.0000508626304
 20
387.0000203450521
 30
0.0
 11
3324.0000406901045
 21
456.00001017252606
 31
0.0
  0
POINT
  5
67
330
17
100
AcDbEntity
  8
STAKE_NODES
100
AcDbPoint
 10
3255.0000508626304
 20
387.0000203450521
 30
0.0
  0
POINT
  5
68
330
17
100
AcDbEntity
  8
STAKE_NODES
100
AcDbPoint
 10
3324.0000406901045
 20
456.00001017252606
 30
0.0
  0
LINE
  5
69
330
17
100
AcDbEntity
  8
BUFFER_BORING
100
AcDbLine
 10
3256.0002644856772
 20
383.99988810221356
 30
0.0
 11
3329.000091552735
 21
456.99996948242193
 31
0.0
  0
POINT
  5
6A
330
17
100
AcDbEntity
  8
STAKE_NODES
100
AcDbPoint
 10
3256.0002644856772
 20
383.99988810221356
 30
0.0
  0
POINT
  5
6B
330
17
100
AcDbEntity
  8
STAKE_NODES
100
AcDbPoint
 10
3329.000091552735
 20
456.99996948242193
 30
0.0
  0
LINE
  5
6C
330
17
100
AcDbEntity
  8
BUFFER_BORING
100
AcDbLine
 10
3256.0002644856772
 20
381.00001017252606
 30
0.0
 11
3334.0001424153647
 21
457.99992879231775
 31
0.0
  0
POINT
  5
6D
330
17
100
AcDbEntity
  8
STAKE_NODES
100
AcDbPoint
 10
3256.0002644856772
 20
381.00001017252606
 30
0.0
  0
POINT
  5
6E
330
17
100
AcDbEntity
  8
STAKE_NODES
100
AcDbPoint
 10
3334.0001424153647
 20
457.99992879231775
 30
0.0
  0
LINE
  5
6F
330
17
100
AcDbEntity
  8
BUFFER_BORING
100
AcDbLine
 10
3257.000223795573
 20
377.9998779296875
 30
0.0
 11
3337.999979654948
 21
460.00010172526044
 31
0.0
  0
POINT
  5
70
330
17
100
AcDbEntity
  8
STAKE_NODES
100
AcDbPoint
 10
3257.000223795573
 20
377.9998779296875
 30
0.0
  0
POINT
  5
71
330
17
100
AcDbEntity
  8
STAKE_NODES
100
AcDbPoint
 10
3337.999979654948
 20
460.00010172526044
 30
0.0
  0
LINE
  5
72
330
17
100
AcDbEntity
  8
BUFFER_BORING
100
AcDbLine
 10
3258.000183105469
 20
375.0
 30
0.0
 11
3339.9998982747397
 21
457.99992879231775
 31
0.0
  0
POINT
  5
73
330
17
100
AcDbEntity
  8
STAKE_NODES
100
AcDbPoint
 10
3258.000183105469
 20
375.0
 30
0.0
  0
POINT
  5
74
330
17
100
AcDbEntity
  8
STAKE_NODES
100
AcDbPoint
 10
3339.9998982747397
 20
457.99992879231775
 30
0.0
  0
LINE
  5
75
330
17
100
AcDbEntity
  8
BUFFER_BORING
100
AcDbLine
 10
3258.000183105469
 20
373.00008138020837
 30
0.0
 11
3341.0001118977866
 21
455.00005086263025
 31
0.0
  0
POINT
  5
76
330
17
100
AcDbEntity
  8
STAKE_NODES
100
AcDbPoint
 10
3258.000183105469
 20
373.00008138020837
 30
0.0
  0
POINT
  5
77
330
17
100
AcDbEntity
  8
STAKE_NODES
100
AcDbPoint
 10
3341.0001118977866
 20
455.00005086263025
 30
0.0
  0
LINE
  5
78
330
17
100
AcDbEntity
  8
BUFFER_BORING
100
AcDbLine
 10
3259.0001424153647
 20
369.9999491373698
 30
0.0
 11
3342.0000712076826
 21
451.9999186197917
 31
0.0
  0
POINT
  5
79
330
17
100
AcDbEntity
  8
STAKE_NODES
100
AcDbPoint
 10
3259.0001424153647
 20
369.9999491373698
 30
0.0
  0
POINT
  5
7A
330
17
100
AcDbEntity
  8
STAKE_NODES
100
AcDbPoint
 10
3342.0000712076826
 20
451.9999186197917
 30
0.0
  0
LINE
  5
7B
330
17
100
AcDbEntity
  8
BUFFER_BORING
100
AcDbLine
 10
3260.0001017252607
 20
366.99981689453125
 30
0.0
 11
3343.0000305175786
 21
450.00000000000006
 31
0.0
  0
POINT
  5
7C
330
17
100
AcDbEntity
  8
STAKE_NODES
100
AcDbPoint
 10
3260.0001017252607
 20
366.99981689453125
 30
0.0
  0
POINT
  5
7D
330
17
100
AcDbEntity
  8
STAKE_NODES
100
AcDbPoint
 10
3343.0000305175786
 20
450.00000000000006
 30
0.0
  0
LINE
  5
7E
330
17
100
AcDbEntity
  8
BUFFER_BORING
100
AcDbLine
 10
3260.0001017252607
 20
363.99993896484375
 30
0.0
 11
3343.0000305175786
 21
446.9998677571615
 31
0.0
  0
POINT
  5
7F
330
17
100
AcDbEntity
  8
STAKE_NODES
100
AcDbPoint
 10
3260.0001017252607
 20
363.99993896484375
 30
0.0
  0
POINT
  5
80
330
17
100
AcDbEntity
  8
STAKE_NODES
100
AcDbPoint
 10
3343.0000305175786
 20
446.9998677571615
 30
0.0
  0
LINE
  5
81
330
17
100
AcDbEntity
  8
BUFFER_BORING
100
AcDbLine
 10
3261.0000610351567
 20
361.00006103515625
 30
0.0
 11
3344.0002441406255
 21
443.999989827474
 31
0.0
  0
POINT
  5
82
330
17
100
AcDbEntity
  8
STAKE_NODES
100
AcDbPoint
 10
3261.0000610351567
 20
361.00006103515625
 30
0.0
  0
POINT
  5
83
330
17
100
AcDbEntity
  8
STAKE_NODES
100
AcDbPoint
 10
3344.0002441406255
 20
443.999989827474
 30
0.0
  0
LINE
  5
84
330
17
100
AcDbEntity
  8
BUFFER_BORING
100
AcDbLine
 10
3262.0000203450522
 20
357.99992879231775
 30
0.0
 11
3345.000203450521
 21
440.99985758463544
 31
0.0
  0
POINT
  5
85
330
17
100
AcDbEntity
  8
STAKE_NODES
100
AcDbPoint
 10
3262.0000203450522
 20
357.99992879231775
 30
0.0
  0
POINT
  5
86
330
17
100
AcDbEntity
  8
STAKE_NODES
100
AcDbPoint
 10
3345.000203450521
 20
440.99985758463544
 30
0.0
  0
LINE
  5
87
330
17
100
AcDbEntity
  8
BUFFER_BORING
100
AcDbLine
 10
3262.999979654948
 20
355.00005086263025
 30
0.0
 11
3345.000203450521
 21
437.99997965494794
 31
0.0
  0
POINT
  5
88
330
17
100
AcDbEntity
  8
STAKE_NODES
100
AcDbPoint
 10
3262.999979654948
 20
355.00005086263025
 30
0.0
  0
POINT
  5
89
330
17
100
AcDbEntity
  8
STAKE_NODES
100
AcDbPoint
 10
3345.000203450521
 20
437.99997965494794
 30
0.0
  0
LINE
  5
8A
330
17
100
AcDbEntity
  8
BUFFER_BORING
100
AcDbLine
 10
3262.999979654948
 20
352.9998779296875
 30
0.0
 11
3346.000162760417
 21
434.99984741210943
 31
0.0
  0
POINT
  5
8B
330
17
100
AcDbEntity
  8
STAKE_NODES
100
AcDbPoint
 10
3262.999979654948
 20
352.9998779296875
 30
0.0
  0
POINT
  5
8C
330
17
100
AcDbEntity
  8
STAKE_NODES
100
AcDbPoint
 10
3346.000162760417
 20
434.99984741210943
 30
0.0
  0
LINE
  5
8D
330
17
100
AcDbEntity
  8
BUFFER_BORING
100
AcDbLine
 10
3263.999938964844
 20
350.0
 30
0.0
 11
3347.000122070313
 21
432.99992879231775
 31
0.0
  0
POINT
  5
8E
330
17
100
AcDbEntity
  8
STAKE_NODES
100
AcDbPoint
 10
3263.999938964844
 20
350.0
 30
0.0
  0
POINT
  5
8F
330
17
100
AcDbEntity
  8
STAKE_NODES
100
AcDbPoint
 10
3347.000122070313
 20
432.99992879231775
 30
0.0
  0
LINE
  5
90
330
17
100
AcDbEntity
  8
BUFFER_BORING
100
AcDbLine
 10
3264.9998982747397
 20
346.9998677571615
 30
0.0
 11
3347.000122070313
 21
430.00005086263025
 31
0.0
  0
POINT
  5
91
330
17
100
AcDbEntity
  8
STAKE_NODES
100
AcDbPoint
 10
3264.9998982747397
 20
346.9998677571615
 30
0.0
  0
POINT
  5
92
330
17
100
AcDbEntity
  8
STAKE_NODES
100
AcDbPoint
 10
3347.000122070313
 20
430.00005086263025
 30
0.0
  0
LINE
  5
93
330
17
100
AcDbEntity
  8
BUFFER_BORING
100
AcDbLine
 10
3264.9998982747397
 20
343.999989827474
 30
0.0
 11
3348.0000813802085
 21
426.9999186197917
 31
0.0
  0
POINT
  5
94
330
17
100
AcDbEntity
  8
STAKE_NODES
100
AcDbPoint
 10
3264.9998982747397
 20
343.999989827474
 30
0.0
  0
POINT
  5
95
330
17
100
AcDbEntity
  8
STAKE_NODES
100
AcDbPoint
 10
3348.0000813802085
 20
426.9999186197917
 30
0.0
  0
LINE
  5
96
330
17
100
AcDbEntity
  8
BUFFER_BORING
100
AcDbLine
 10
3266.0001118977866
 20
340.99985758463544
 30
0.0
 11
3349.0000406901045
 21
424.0000406901042
 31
0.0
  0
POINT
  5
97
330
17
100
AcDbEntity
  8
STAKE_NODES
100
AcDbPoint
 10
3266.0001118977866
 20
340.99985758463544
 30
0.0
  0
POINT
  5
98
330
17
100
AcDbEntity
  8
STAKE_NODES
100
AcDbPoint
 10
3349.0000406901045
 20
424.0000406901042
 30
0.0
  0
LINE
  5
99
330
17
100
AcDbEntity
  8
BUFFER_BORING
100
AcDbLine
 10
3267.0000712076826
 20
337.99997965494794
 30
0.0
 11
3349.0000406901045
 21
420.9999084472657
 31
0.0
  0
POINT
  5
9A
330
17
100
AcDbEntity
  8
STAKE_NODES
100
AcDbPoint
 10
3267.0000712076826
 20
337.99997965494794
 30
0.0
  0
POINT
  5
9B
330
17
100
AcDbEntity
  8
STAKE_NODES
100
AcDbPoint
 10
3349.0000406901045
 20
420.9999084472657
 30
0.0
  0
LINE
  5
9C
330
17
100
AcDbEntity
  8
BUFFER_BORING
100
AcDbLine
 10
3267.0000712076826
 20
336.00006103515625
 30
0.0
 11
3350.0000000000005
 21
418.0000305175782
 31
0.0
  0
POINT
  5
9D
330
17
100
AcDbEntity
  8
STAKE_NODES
100
AcDbPoint
 10
3267.0000712076826
 20
336.00006103515625
 30
0.0
  0
POINT
  5
9E
330
17
100
AcDbEntity
  8
STAKE_NODES
100
AcDbPoint
 10
3350.0000000000005
 20
418.0000305175782
 30
0.0
  0
LINE
  5
9F
330
17
100
AcDbEntity
  8
BUFFER_BORING
100
AcDbLine
 10
3268.0000305175786
 20
332.99992879231775
 30
0.0
 11
3350.999959309896
 21
415.99985758463544
 31
0.0
  0
POINT
  5
A0
330
17
100
AcDbEntity
  8
STAKE_NODES
100
AcDbPoint
 10
3268.0000305175786
 20
332.99992879231775
 30
0.0
  0
POINT
  5
A1
330
17
100
AcDbEntity
  8
STAKE_NODES
100
AcDbPoint
 10
3350.999959309896
 20
415.99985758463544
 30
0.0
  0
LINE
  5
A2
330
17
100
AcDbEntity
  8
BUFFER_BORING
100
AcDbLine
 10
3269.0002441406255
 20
330.00005086263025
 30
0.0
 11
3351.999918619792
 21
412.99997965494794
 31
0.0
  0
POINT
  5
A3
330
17
100
AcDbEntity
  8
STAKE_NODES
100
AcDbPoint
 10
3269.0002441406255
 20
330.00005086263025
 30
0.0
  0
POINT
  5
A4
330
17
100
AcDbEntity
  8
STAKE_NODES
100
AcDbPoint
 10
3351.999918619792
 20
412.99997965494794
 30
0.0
  0
LINE
  5
A5
330
17
100
AcDbEntity
  8
BUFFER_BORING
100
AcDbLine
 10
3269.0002441406255
 20
326.9999186197917
 30
0.0
 11
3351.999918619792
 21
409.99984741210943
 31
0.0
  0
POINT
  5
A6
330
17
100
AcDbEntity
  8
STAKE_NODES
100
AcDbPoint
 10
3269.0002441406255
 20
326.9999186197917
 30
0.0
  0
POINT
  5
A7
330
17
100
AcDbEntity
  8
STAKE_NODES
100
AcDbPoint
 10
3351.999918619792
 20
409.99984741210943
 30
0.0
  0
LINE
  5
A8
330
17
100
AcDbEntity
  8
BUFFER_BORING
100
AcDbLine
 10
3270.000203450521
 20
324.0000406901042
 30
0.0
 11
3353.000132242839
 21
406.99996948242193
 31
0.0
  0
POINT
  5
A9
330
17
100
AcDbEntity
  8
STAKE_NODES
100
AcDbPoint
 10
3270.000203450521
 20
324.0000406901042
 30
0.0
  0
POINT
  5
AA
330
17
100
AcDbEntity
  8
STAKE_NODES
100
AcDbPoint
 10
3353.000132242839
 20
406.99996948242193
 30
0.0
  0
LINE
  5
AB
330
17
100
AcDbEntity
  8
BUFFER_BORING
100
AcDbLine
 10
3271.000162760417
 20
320.9999084472656
 30
0.0
 11
3354.000091552735
 21
403.99983723958337
 31
0.0
  0
POINT
  5
AC
330
17
100
AcDbEntity
  8
STAKE_NODES
100
AcDbPoint
 10
3271.000162760417
 20
320.9999084472656
 30
0.0
  0
POINT
  5
AD
330
17
100
AcDbEntity
  8
STAKE_NODES
100
AcDbPoint
 10
3354.000091552735
 20
403.99983723958337
 30
0.0
  0
LINE
  5
AE
330
17
100
AcDbEntity
  8
BUFFER_BORING
100
AcDbLine
 10
3272.000122070313
 20
318.999989827474
 30
0.0
 11
3354.000091552735
 21
400.99995930989587
 31
0.0
  0
POINT
  5
AF
330
17
100
AcDbEntity
  8
STAKE_NODES
100
AcDbPoint
 10
3272.000122070313
 20
318.999989827474
 30
0.0
  0
POINT
  5
B0
330
17
100
AcDbEntity
  8
STAKE_NODES
100
AcDbPoint
 10
3354.000091552735
 20
400.99995930989587
 30
0.0
  0
LINE
  5
B1
330
17
100
AcDbEntity
  8
BUFFER_BORING
100
AcDbLine
 10
3272.000122070313
 20
315.99985758463544
 30
0.0
 11
3355.0000508626304
 21
398.00008138020837
 31
0.0
  0
POINT
  5
B2
330
17
100
AcDbEntity
  8
STAKE_NODES
100
AcDbPoint
 10
3272.000122070313
 20
315.99985758463544
 30
0.0
  0
POINT
  5
B3
330
17
100
AcDbEntity
  8
STAKE_NODES
100
AcDbPoint
 10
3355.0000508626304
 20
398.00008138020837
 30
0.0
  0
LINE
  5
B4
330
17
100
AcDbEntity
  8
BUFFER_BORING
100
AcDbLine
 10
3273.0000813802085
 20
312.99997965494794
 30
0.0
 11
3356.0002644856772
 21
395.9999084472656
 31
0.0
  0
POINT
  5
B5
330
17
100
AcDbEntity
  8
STAKE_NODES
100
AcDbPoint
 10
3273.0000813802085
 20
312.99997965494794
 30
0.0
  0
POINT
  5
B6
330
17
100
AcDbEntity
  8
STAKE_NODES
100
AcDbPoint
 10
3356.0002644856772
 20
395.9999084472656
 30
0.0
  0
LINE
  5
B7
330
17
100
AcDbEntity
  8
BUFFER_BORING
100
AcDbLine
 10
3274.0000406901045
 20
309.9998474121094
 30
0.0
 11
3356.0002644856772
 21
393.0000305175781
 31
0.0
  0
POINT
  5
B8
330
17
100
AcDbEntity
  8
STAKE_NODES
100
AcDbPoint
 10
3274.0000406901045
 20
309.9998474121094
 30
0.0
  0
POINT
  5
B9
330
17
100
AcDbEntity
  8
STAKE_NODES
100
AcDbPoint
 10
3356.0002644856772
 20
393.0000305175781
 30
0.0
  0
LINE
  5
BA
330
17
100
AcDbEntity
  8
BUFFER_BORING
100
AcDbLine
 10
3274.0000406901045
 20
306.9999694824219
 30
0.0
 11
3357.000223795573
 21
389.9998982747396
 31
0.0
  0
POINT
  5
BB
330
17
100
AcDbEntity
  8
STAKE_NODES
100
AcDbPoint
 10
3274.0000406901045
 20
306.9999694824219
 30
0.0
  0
POINT
  5
BC
330
17
100
AcDbEntity
  8
STAKE_NODES
100
AcDbPoint
 10
3357.000223795573
 20
389.9998982747396
 30
0.0
  0
LINE
  5
BD
330
17
100
AcDbEntity
  8
BUFFER_BORING
100
AcDbLine
 10
3275.0000000000005
 20
303.99983723958337
 30
0.0
 11
3358.000183105469
 21
387.0000203450521
 31
0.0
  0
POINT
  5
BE
330
17
100
AcDbEntity
  8
STAKE_NODES
100
AcDbPoint
 10
3275.0000000000005
 20
303.99983723958337
 30
0.0
  0
POINT
  5
BF
330
17
100
AcDbEntity
  8
STAKE_NODES
100
AcDbPoint
 10
3358.000183105469
 20
387.0000203450521
 30
0.0
  0
LINE
  5
C0
330
17
100
AcDbEntity
  8
BUFFER_BORING
100
AcDbLine
 10
3275.999959309896
 20
300.99995930989587
 30
0.0
 11
3358.000183105469
 21
383.99988810221356
 31
0.0
  0
POINT
  5
C1
330
17
100
AcDbEntity
  8
STAKE_NODES
100
AcDbPoint
 10
3275.999959309896
 20
300.99995930989587
 30
0.0
  0
POINT
  5
C2
330
17
100
AcDbEntity
  8
STAKE_NODES
100
AcDbPoint
 10
3358.000183105469
 20
383.99988810221356
 30
0.0
  0
LINE
  5
C3
330
17
100
AcDbEntity
  8
BUFFER_BORING
100
AcDbLine
 10
3275.999959309896
 20
299.0000406901042
 30
0.0
 11
3359.0001424153647
 21
381.00001017252606
 31
0.0
  0
POINT
  5
C4
330
17
100
AcDbEntity
  8
STAKE_NODES
100
AcDbPoint
 10
3275.999959309896
 20
299.0000406901042
 30
0.0
  0
POINT
  5
C5
330
17
100
AcDbEntity
  8
STAKE_NODES
100
AcDbPoint
 10
3359.0001424153647
 20
381.00001017252606
 30
0.0
  0
LINE
  5
C6
330
17
100
AcDbEntity
  8
BUFFER_BORING
100
AcDbLine
 10
3276.999918619792
 20
295.9999084472656
 30
0.0
 11
3360.0001017252607
 21
378.99983723958337
 31
0.0
  0
POINT
  5
C7
330
17
100
AcDbEntity
  8
STAKE_NODES
100
AcDbPoint
 10
3276.999918619792
 20
295.9999084472656
 30
0.0
  0
POINT
  5
C8
330
17
100
AcDbEntity
  8
STAKE_NODES
100
AcDbPoint
 10
3360.0001017252607
 20
378.99983723958337
 30
0.0
  0
LINE
  5
C9
330
17
100
AcDbEntity
  8
BUFFER_BORING
100
AcDbLine
 10
3278.000132242839
 20
293.0000305175781
 30
0.0
 11
3361.0000610351567
 21
375.99995930989587
 31
0.0
  0
POINT
  5
CA
330
17
100
AcDbEntity
  8
STAKE_NODES
100
AcDbPoint
 10
3278.000132242839
 20
293.0000305175781
 30
0.0
  0
POINT
  5
CB
330
17
100
AcDbEntity
  8
STAKE_NODES
100
AcDbPoint
 10
3361.0000610351567
 20
375.99995930989587
 30
0.0
  0
LINE
  5
CC
330
17
100
AcDbEntity
  8
BUFFER_BORING
100
AcDbLine
 10
3278.000132242839
 20
289.9998982747396
 30
0.0
 11
3361.0000610351567
 21
373.00008138020837
 31
0.0
  0
POINT
  5
CD
330
17
100
AcDbEntity
  8
STAKE_NODES
100
AcDbPoint
 10
3278.000132242839
 20
289.9998982747396
 30
0.0
  0
POINT
  5
CE
330
17
100
AcDbEntity
  8
STAKE_NODES
100
AcDbPoint
 10
3361.0000610351567
 20
373.00008138020837
 30
0.0
  0
LINE
  5
CF
330
17
100
AcDbEntity
  8
BUFFER_BORING
100
AcDbLine
 10
3279.000091552735
 20
287.0000203450521
 30
0.0
 11
3362.0000203450522
 21
369.9999491373698
 31
0.0
  0
POINT
  5
D0
330
17
100
AcDbEntity
  8
STAKE_NODES
100
AcDbPoint
 10
3279.000091552735
 20
287.0000203450521
 30
0.0
  0
POINT
  5
D1
330
17
100
AcDbEntity
  8
STAKE_NODES
100
AcDbPoint
 10
3362.0000203450522
 20
369.9999491373698
 30
0.0
  0
LINE
  5
D2
330
17
100
AcDbEntity
  8
BUFFER_BORING
100
AcDbLine
 10
3280.0000508626304
 20
283.99988810221356
 30
0.0
 11
3362.999979654948
 21
366.99981689453125
 31
0.0
  0
POINT
  5
D3
330
17
100
AcDbEntity
  8
STAKE_NODES
100
AcDbPoint
 10
3280.0000508626304
 20
283.99988810221356
 30
0.0
  0
POINT
  5
D4
330
17
100
AcDbEntity
  8
STAKE_NODES
100
AcDbPoint
 10
3362.999979654948
 20
366.99981689453125
 30
0.0
  0
LINE
  5
D5
330
17
100
AcDbEntity
  8
BUFFER_BORING
100
AcDbLine
 10
3281.0002644856772
 20
281.9999694824219
 30
0.0
 11
3362.999979654948
 21
363.99993896484375
 31
0.0
  0
POINT
  5
D6
330
17
100
AcDbEntity
  8
STAKE_NODES
100
AcDbPoint
 10
3281.0002644856772
 20
281.9999694824219
 30
0.0
  0
POINT
  5
D7
330
17
100
AcDbEntity
  8
STAKE_NODES
100
AcDbPoint
 10
3362.999979654948
 20
363.99993896484375
 30
0.0
  0
LINE
  5
D8
330
17
100
AcDbEntity
  8
BUFFER_BORING
100
AcDbLine
 10
3281.0002644856772
 20
278.99983723958337
 30
0.0
 11
3363.999938964844
 21
361.00006103515625
 31
0.0
  0
POINT
  5
D9
330
17
100
AcDbEntity
  8
STAKE_NODES
100
AcDbPoint
 10
3281.0002644856772
 20
278.99983723958337
 30
0.0
  0
POINT
  5
DA
330
17
100
AcDbEntity
  8
STAKE_NODES
100
AcDbPoint
 10
3363.999938964844
 20
361.00006103515625
 30
0.0
  0
LINE
  5
DB
330
17
100
AcDbEntity
  8
BUFFER_BORING
100
AcDbLine
 10
3282.000223795573
 20
275.99995930989587
 30
0.0
 11
3364.9998982747397
 21
358.99988810221356
 31
0.0
  0
POINT
  5
DC
330
17
100
AcDbEntity
  8
STAKE_NODES
100
AcDbPoint
 10
3282.000223795573
 20
275.99995930989587
 30
0.0
  0
POINT
  5
DD
330
17
100
AcDbEntity
  8
STAKE_NODES
100
AcDbPoint
 10
3364.9998982747397
 20
358.99988810221356
 30
0.0
  0
LINE
  5
DE
330
17
100
AcDbEntity
  8
BUFFER_BORING
100
AcDbLine
 10
3283.000183105469
 20
273.00008138020837
 30
0.0
 11
3364.9998982747397
 21
356.00001017252606
 31
0.0
  0
POINT
  5
DF
330
17
100
AcDbEntity
  8
STAKE_NODES
100
AcDbPoint
 10
3283.000183105469
 20
273.00008138020837
 30
0.0
  0
POINT
  5
E0
330
17
100
AcDbEntity
  8
STAKE_NODES
100
AcDbPoint
 10
3364.9998982747397
 20
356.00001017252606
 30
0.0
  0
LINE
  5
E1
330
17
100
AcDbEntity
  8
BUFFER_BORING
100
AcDbLine
 10
3283.000183105469
 20
269.9999491373698
 30
0.0
 11
3366.0001118977866
 21
352.9998779296875
 31
0.0
  0
POINT
  5
E2
330
17
100
AcDbEntity
  8
STAKE_NODES
100
AcDbPoint
 10
3283.000183105469
 20
269.9999491373698
 30
0.0
  0
POINT
  5
E3
330
17
100
AcDbEntity
  8
STAKE_NODES
100
AcDbPoint
 10
3366.0001118977866
 20
352.9998779296875
 30
0.0
  0
LINE
  5
E4
330
17
100
AcDbEntity
  8
BUFFER_BORING
100
AcDbLine
 10
3284.0001424153647
 20
266.99981689453125
 30
0.0
 11
3367.0000712076826
 21
350.0
 31
0.0
  0
POINT
  5
E5
330
17
100
AcDbEntity
  8
STAKE_NODES
100
AcDbPoint
 10
3284.0001424153647
 20
266.99981689453125
 30
0.0
  0
POINT
  5
E6
330
17
100
AcDbEntity
  8
STAKE_NODES
100
AcDbPoint
 10
3367.0000712076826
 20
350.0
 30
0.0
  0
LINE
  5
E7
330
17
100
AcDbEntity
  8
BUFFER_BORING
100
AcDbLine
 10
3285.0001017252607
 20
263.99993896484375
 30
0.0
 11
3367.0000712076826
 21
346.9998677571615
 31
0.0
  0
POINT
  5
E8
330
17
100
AcDbEntity
  8
STAKE_NODES
100
AcDbPoint
 10
3285.0001017252607
 20
263.99993896484375
 30
0.0
  0
POINT
  5
E9
330
17
100
AcDbEntity
  8
STAKE_NODES
100
AcDbPoint
 10
3367.0000712076826
 20
346.9998677571615
 30
0.0
  0
LINE
  5
EA
330
17
100
AcDbEntity
  8
BUFFER_BORING
100
AcDbLine
 10
3285.0001017252607
 20
262.0000203450521
 30
0.0
 11
3368.0000305175786
 21
343.999989827474
 31
0.0
  0
POINT
  5
EB
330
17
100
AcDbEntity
  8
STAKE_NODES
100
AcDbPoint
 10
3285.0001017252607
 20
262.0000203450521
 30
0.0
  0
POINT
  5
EC
330
17
100
AcDbEntity
  8
STAKE_NODES
100
AcDbPoint
 10
3368.0000305175786
 20
343.999989827474
 30
0.0
  0
LINE
  5
ED
330
17
100
AcDbEntity
  8
BUFFER_BORING
100
AcDbLine
 10
3286.0000610351567
 20
258.99988810221356
 30
0.0
 11
3369.0002441406255
 21
341.99981689453125
 31
0.0
  0
POINT
  5
EE
330
17
100
AcDbEntity
  8
STAKE_NODES
100
AcDbPoint
 10
3286.0000610351567
 20
258.99988810221356
 30
0.0
  0
POINT
  5
EF
330
17
100
AcDbEntity
  8
STAKE_NODES
100
AcDbPoint
 10
3369.0002441406255
 20
341.99981689453125
 30
0.0
  0
LINE
  5
F0
330
17
100
AcDbEntity
  8
BUFFER_BORING
100
AcDbLine
 10
3287.0000203450522
 20
256.00001017252606
 30
0.0
 11
3370.000203450521
 21
338.99993896484375
 31
0.0
  0
POINT
  5
F1
330
17
100
AcDbEntity
  8
STAKE_NODES
100
AcDbPoint
 10
3287.0000203450522
 20
256.00001017252606
 30
0.0
  0
POINT
  5
F2
330
17
100
AcDbEntity
  8
STAKE_NODES
100
AcDbPoint
 10
3370.000203450521
 20
338.99993896484375
 30
0.0
  0
LINE
  5
F3
330
17
100
AcDbEntity
  8
BUFFER_BORING
100
AcDbLine
 10
3287.0000203450522
 20
252.99987792968753
 30
0.0
 11
3370.000203450521
 21
336.00006103515625
 31
0.0
  0
POINT
  5
F4
330
17
100
AcDbEntity
  8
STAKE_NODES
100
AcDbPoint
 10
3287.0000203450522
 20
252.99987792968753
 30
0.0
  0
POINT
  5
F5
330
17
100
AcDbEntity
  8
STAKE_NODES
100
AcDbPoint
 10
3370.000203450521
 20
336.00006103515625
 30
0.0
  0
LINE
  5
F6
330
17
100
AcDbEntity
  8
BUFFER_BORING
100
AcDbLine
 10
3287.999979654948
 20
250.00000000000003
 30
0.0
 11
3371.000162760417
 21
332.99992879231775
 31
0.0
  0
POINT
  5
F7
330
17
100
AcDbEntity
  8
STAKE_NODES
100
AcDbPoint
 10
3287.999979654948
 20
250.00000000000003
 30
0.0
  0
POINT
  5
F8
330
17
100
AcDbEntity
  8
STAKE_NODES
100
AcDbPoint
 10
3371.000162760417
 20
332.99992879231775
 30
0.0
  0
LINE
  5
F9
330
17
100
AcDbEntity
  8
BUFFER_BORING
100
AcDbLine
 10
3288.999938964844
 20
246.99986775716147
 30
0.0
 11
3372.000122070313
 21
330.00005086263025
 31
0.0
  0
POINT
  5
FA
330
17
100
AcDbEntity
  8
STAKE_NODES
100
AcDbPoint
 10
3288.999938964844
 20
246.99986775716147
 30
0.0
  0
POINT
  5
FB
330
17
100
AcDbEntity
  8
STAKE_NODES
100
AcDbPoint
 10
3372.000122070313
 20
330.00005086263025
 30
0.0
  0
LINE
  5
FC
330
17
100
AcDbEntity
  8
BUFFER_BORING
100
AcDbLine
 10
3289.9998982747397
 20
244.9999491373698
 30
0.0
 11
3372.000122070313
 21
326.9999186197917
 31
0.0
  0
POINT
  5
FD
330
17
100
AcDbEntity
  8
STAKE_NODES
100
AcDbPoint
 10
3289.9998982747397
 20
244.9999491373698
 30
0.0
  0
POINT
  5
FE
330
17
100
AcDbEntity
  8
STAKE_NODES
100
AcDbPoint
 10
3372.000122070313
 20
326.9999186197917
 30
0.0
  0
LINE
  5
FF
330
17
100
AcDbEntity
  8
BUFFER_BORING
100
AcDbLine
 10
3289.9998982747397
 20
241.99981689453128
 30
0.0
 11
3373.0000813802085
 21
325.0
 31
0.0
  0
POINT
  5
100
330
17
100
AcDbEntity
  8
STAKE_NODES
100
AcDbPoint
 10
3289.9998982747397
 20
241.99981689453128
 30
0.0
  0
POINT
  5
101
330
17
100
AcDbEntity
  8
STAKE_NODES
100
AcDbPoint
 10
3373.0000813802085
 20
325.0
 30
0.0
  0
LINE
  5
102
330
17
100
AcDbEntity
  8
BUFFER_BORING
100
AcDbLine
 10
3295.000203450521
 20
243.00003051757815
 30
0.0
 11
3374.0000406901045
 21
321.9998677571615
 31
0.0
  0
POINT
  5
103
330
17
100
AcDbEntity
  8
STAKE_NODES
100
AcDbPoint
 10
3295.000203450521
 20
243.00003051757815
 30
0.0
  0
POINT
  5
104
330
17
100
AcDbEntity
  8
STAKE_NODES
100
AcDbPoint
 10
3374.0000406901045
 20
321.9998677571615
 30
0.0
  0
LINE
  5
105
330
17
100
AcDbEntity
  8
BUFFER_BORING
100
AcDbLine
 10
3300.0000000000005
 20
243.99998982747397
 30
0.0
 11
3374.0000406901045
 21
318.999989827474
 31
0.0
  0
POINT
  5
106
330
17
100
AcDbEntity
  8
STAKE_NODES
100
AcDbPoint
 10
3300.0000000000005
 20
243.99998982747397
 30
0.0
  0
POINT
  5
107
330
17
100
AcDbEntity
  8
STAKE_NODES
100
AcDbPoint
 10
3374.0000406901045
 20
318.999989827474
 30
0.0
  0
LINE
  5
108
330
17
100
AcDbEntity
  8
BUFFER_BORING
100
AcDbLine
 10
3304.000091552735
 20
244.9999491373698
 30
0.0
 11
3375.0000000000005
 21
315.99985758463544
 31
0.0
  0
POINT
  5
109
330
17
100
AcDbEntity
  8
STAKE_NODES
100
AcDbPoint
 10
3304.000091552735
 20
244.9999491373698
 30
0.0
  0
POINT
  5
10A
330
17
100
AcDbEntity
  8
STAKE_NODES
100
AcDbPoint
 10
3375.0000000000005
 20
315.99985758463544
 30
0.0
  0
LINE
  5
10B
330
17
100
AcDbEntity
  8
BUFFER_BORING
100
AcDbLine
 10
3309.0001424153647
 20
245.99990844726565
 30
0.0
 11
3375.999959309896
 21
312.99997965494794
 31
0.0
  0
POINT
  5
10C
330
17
100
AcDbEntity
  8
STAKE_NODES
100
AcDbPoint
 10
3309.0001424153647
 20
245.99990844726565
 30
0.0
  0
POINT
  5
10D
330
17
100
AcDbEntity
  8
STAKE_NODES
100
AcDbPoint
 10
3375.999959309896
 20
312.99997965494794
 30
0.0
  0
LINE
  5
10E
330
17
100
AcDbEntity
  8
BUFFER_BORING
100
AcDbLine
 10
3313.999938964844
 20
248.00008138020834
 30
0.0
 11
3375.999959309896
 21
309.9998474121094
 31
0.0
  0
POINT
  5
10F
330
17
100
AcDbEntity
  8
STAKE_NODES
100
AcDbPoint
 10
3313.999938964844
 20
248.00008138020834
 30
0.0
  0
POINT
  5
110
330
17
100
AcDbEntity
  8
STAKE_NODES
100
AcDbPoint
 10
3375.999959309896
 20
309.9998474121094
 30
0.0
  0
LINE
  5
111
330
17
100
AcDbEntity
  8
BUFFER_BORING
100
AcDbLine
 10
3319.0002441406255
 20
249.00004069010419
 30
0.0
 11
3376.999918619792
 21
306.9999694824219
 31
0.0
  0
POINT
  5
112
330
17
100
AcDbEntity
  8
STAKE_NODES
100
AcDbPoint
 10
3319.0002441406255
 20
249.00004069010419
 30
0.0
  0
POINT
  5
113
330
17
100
AcDbEntity
  8
STAKE_NODES
100
AcDbPoint
 10
3376.999918619792
 20
306.9999694824219
 30
0.0
  0
LINE
  5
114
330
17
100
AcDbEntity
  8
BUFFER_BORING
100
AcDbLine
 10
3323.0000813802085
 20
250.00000000000003
 30
0.0
 11
3378.000132242839
 21
305.00005086263025
 31
0.0
  0
POINT
  5
115
330
17
100
AcDbEntity
  8
STAKE_NODES
100
AcDbPoint
 10
3323.0000813802085
 20
250.00000000000003
 30
0.0
  0
POINT
  5
116
330
17
100
AcDbEntity
  8
STAKE_NODES
100
AcDbPoint
 10
3378.000132242839
 20
305.00005086263025
 30
0.0
  0
LINE
  5
117
330
17
100
AcDbEntity
  8
BUFFER_BORING
100
AcDbLine
 10
3328.000132242839
 20
250.99995930989584
 30
0.0
 11
3379.000091552735
 21
301.9999186197917
 31
0.0
  0
POINT
  5
118
330
17
100
AcDbEntity
  8
STAKE_NODES
100
AcDbPoint
 10
3328.000132242839
 20
250.99995930989584
 30
0.0
  0
POINT
  5
119
330
17
100
AcDbEntity
  8
STAKE_NODES
100
AcDbPoint
 10
3379.000091552735
 20
301.9999186197917
 30
0.0
  0
LINE
  5
11A
330
17
100
AcDbEntity
  8
BUFFER_BORING
100
AcDbLine
 10
3333.000183105469
 20
251.99991861979169
 30
0.0
 11
3379.000091552735
 21
299.0000406901042
 31
0.0
  0
POINT
  5
11B
330
17
100
AcDbEntity
  8
STAKE_NODES
100
AcDbPoint
 10
3333.000183105469
 20
251.99991861979169
 30
0.0
  0
POINT
  5
11C
330
17
100
AcDbEntity
  8
STAKE_NODES
100
AcDbPoint
 10
3379.000091552735
 20
299.0000406901042
 30
0.0
  0
LINE
  5
11D
330
17
100
AcDbEntity
  8
BUFFER_BORING
100
AcDbLine
 10
3337.0000203450522
 20
252.99987792968753
 30
0.0
 11
3380.0000508626304
 21
295.9999084472656
 31
0.0
  0
POINT
  5
11E
330
17
100
AcDbEntity
  8
STAKE_NODES
100
AcDbPoint
 10
3337.0000203450522
 20
252.99987792968753
 30
0.0
  0
POINT
  5
11F
330
17
100
AcDbEntity
  8
STAKE_NODES
100
AcDbPoint
 10
3380.0000508626304
 20
295.9999084472656
 30
0.0
  0
LINE
  5
120
330
17
100
AcDbEntity
  8
BUFFER_BORING
100
AcDbLine
 10
3342.0000712076826
 20
253.99983723958334
 30
0.0
 11
3381.0002644856772
 21
293.0000305175781
 31
0.0
  0
POINT
  5
121
330
17
100
AcDbEntity
  8
STAKE_NODES
100
AcDbPoint
 10
3342.0000712076826
 20
253.99983723958334
 30
0.0
  0
POINT
  5
122
330
17
100
AcDbEntity
  8
STAKE_NODES
100
AcDbPoint
 10
3381.0002644856772
 20
293.0000305175781
 30
0.0
  0
LINE
  5
123
330
17
100
AcDbEntity
  8
BUFFER_BORING
100
AcDbLine
 10
3347.000122070313
 20
256.00001017252606
 30
0.0
 11
3381.0002644856772
 21
289.9998982747396
 31
0.0
  0
POINT
  5
124
330
17
100
AcDbEntity
  8
STAKE_NODES
100
AcDbPoint
 10
3347.000122070313
 20
256.00001017252606
 30
0.0
  0
POINT
  5
125
330
17
100
AcDbEntity
  8
STAKE_NODES
100
AcDbPoint
 10
3381.0002644856772
 20
289.9998982747396
 30
0.0
  0
LINE
  5
126
330
17
100
AcDbEntity
  8
BUFFER_BORING
100
AcDbLine
 10
3350.999959309896
 20
256.9999694824219
 30
0.0
 11
3382.000223795573
 21
287.99997965494794
 31
0.0
  0
POINT
  5
127
330
17
100
AcDbEntity
  8
STAKE_NODES
100
AcDbPoint
 10
3350.999959309896
 20
256.9999694824219
 30
0.0
  0
POINT
  5
128
330
17
100
AcDbEntity
  8
STAKE_NODES
100
AcDbPoint
 10
3382.000223795573
 20
287.99997965494794
 30
0.0
  0
LINE
  5
129
330
17
100
AcDbEntity
  8
BUFFER_BORING
100
AcDbLine
 10
3356.0002644856772
 20
257.99992879231775
 30
0.0
 11
3383.000183105469
 21
284.9998474121094
 31
0.0
  0
POINT
  5
12A
330
17
100
AcDbEntity
  8
STAKE_NODES
100
AcDbPoint
 10
3356.0002644856772
 20
257.99992879231775
 30
0.0
  0
POINT
  5
12B
330
17
100
AcDbEntity
  8
STAKE_NODES
100
AcDbPoint
 10
3383.000183105469
 20
284.9998474121094
 30
0.0
  0
LINE
  5
12C
330
17
100
AcDbEntity
  8
BUFFER_BORING
100
AcDbLine
 10
3361.0000610351567
 20
258.99988810221356
 30
0.0
 11
3383.000183105469
 21
281.9999694824219
 31
0.0
  0
POINT
  5
12D
330
17
100
AcDbEntity
  8
STAKE_NODES
100
AcDbPoint
 10
3361.0000610351567
 20
258.99988810221356
 30
0.0
  0
POINT
  5
12E
330
17
100
AcDbEntity
  8
STAKE_NODES
100
AcDbPoint
 10
3383.000183105469
 20
281.9999694824219
 30
0.0
  0
LINE
  5
12F
330
17
100
AcDbEntity
  8
BUFFER_BORING
100
AcDbLine
 10
3364.9998982747397
 20
259.9998474121094
 30
0.0
 11
3384.0001424153647
 21
278.99983723958337
 31
0.0
  0
POINT
  5
130
330
17
100
AcDbEntity
  8
STAKE_NODES
100
AcDbPoint
 10
3364.9998982747397
 20
259.9998474121094
 30
0.0
  0
POINT
  5
131
330
17
100
AcDbEntity
  8
STAKE_NODES
100
AcDbPoint
 10
3384.0001424153647
 20
278.99983723958337
 30
0.0
  0
LINE
  5
132
330
17
100
AcDbEntity
  8
BUFFER_BORING
100
AcDbLine
 10
3370.000203450521
 20
261.00006103515625
 30
0.0
 11
3385.0001017252607
 21
275.99995930989587
 31
0.0
  0
POINT
  5
133
330
17
100
AcDbEntity
  8
STAKE_NODES
100
AcDbPoint
 10
3370.000203450521
 20
261.00006103515625
 30
0.0
  0
POINT
  5
134
330
17
100
AcDbEntity
  8
STAKE_NODES
100
AcDbPoint
 10
3385.0001017252607
 20
275.99995930989587
 30
0.0
  0
LINE
  5
135
330
17
100
AcDbEntity
  8
BUFFER_BORING
100
AcDbLine
 10
3375.0000000000005
 20
262.0000203450521
 30
0.0
 11
3386.0000610351567
 21
273.00008138020837
 31
0.0
  0
POINT
  5
136
330
17
100
AcDbEntity
  8
STAKE_NODES
100
AcDbPoint
 10
3375.0000000000005
 20
262.0000203450521
 30
0.0
  0
POINT
  5
137
330
17
100
AcDbEntity
  8
STAKE_NODES
100
AcDbPoint
 10
3386.0000610351567
 20
273.00008138020837
 30
0.0
  0
LINE
  5
138
330
17
100
AcDbEntity
  8
BUFFER_BORING
100
AcDbLine
 10
3379.000091552735
 20
263.99993896484375
 30
0.0
 11
3386.0000610351567
 21
269.9999491373698
 31
0.0
  0
POINT
  5
139
330
17
100
AcDbEntity
  8
STAKE_NODES
100
AcDbPoint
 10
3379.000091552735
 20
263.99993896484375
 30
0.0
  0
POINT
  5
13A
330
17
100
AcDbEntity
  8
STAKE_NODES
100
AcDbPoint
 10
3386.0000610351567
 20
269.9999491373698
 30
0.0
  0
LINE
  5
13B
330
17
100
AcDbEntity
  8
BUFFER_BORING
100
AcDbLine
 10
3384.0001424153647
 20
264.9998982747396
 30
0.0
 11
3387.0000203450522
 21
268.0000305175781
 31
0.0
  0
POINT
  5
13C
330
17
100
AcDbEntity
  8
STAKE_NODES
100
AcDbPoint
 10
3384.0001424153647
 20
264.9998982747396
 30
0.0
  0
POINT
  5
13D
330
17
100
AcDbEntity
  8
STAKE_NODES
100
AcDbPoint
 10
3387.0000203450522
 20
268.0000305175781
 30
0.0
  0
LWPOLYLINE
  5
13E
330
17
100
AcDbEntity
  8
CLEARING_LIMITS
100
AcDbPolyline
 90
4
 70
0
 10
3200.0
 20
596.9998677571615
 10
3207.000223795573
 20
599.0000406901042
 10
3192.0000712076826
 20
633.9998881022136
 10
3200.0
 20
596.9998677571615
  0
POINT
  5
13F
330
17
100
AcDbEntity
  8
STAKE_NODES
100
AcDbPoint
 10
3200.0
 20
596.9998677571615
 30
0.0
  0
POINT
  5
140
330
17
100
AcDbEntity
  8
STAKE_NODES
100
AcDbPoint
 10
3207.000223795573
 20
599.0000406901042
 30
0.0
  0
POINT
  5
141
330
17
100
AcDbEntity
  8
STAKE_NODES
100
AcDbPoint
 10
3192.0000712076826
 20
633.9998881022136
 30
0.0
  0
LWPOLYLINE
  5
142
330
17
100
AcDbEntity
  8
CLEARING_LIMITS
100
AcDbPolyline
 90
4
 70
0
 10
3207.000223795573
 20
599.0000406901042
 10
3192.0000712076826
 20
633.9998881022136
 10
3199.0000406901045
 20
636.0000610351562
 10
3207.000223795573
 20
599.0000406901042
  0
POINT
  5
143
330
17
100
AcDbEntity
  8
STAKE_NODES
100
AcDbPoint
 10
3199.0000406901045
 20
636.0000610351562
 30
0.0
  0
LWPOLYLINE
  5
144
330
17
100
AcDbEntity
  8
CLEARING_LIMITS
100
AcDbPolyline
 90
4
 70
0
 10
3187.999979654948
 20
649.0000406901042
 10
3196.000162760417
 20
650.9999593098959
 10
3185.0001017252607
 20
663.9999389648438
 10
3187.999979654948
 20
649.0000406901042
  0
POINT
  5
145
330
17
100
AcDbEntity
  8
STAKE_NODES
100
AcDbPoint
 10
3187.999979654948
 20
649.0000406901042
 30
0.0
  0
POINT
  5
146
330
17
100
AcDbEntity
  8
STAKE_NODES
100
AcDbPoint
 10
3196.000162760417
 20
650.9999593098959
 30
0.0
  0
POINT
  5
147
330
17
100
AcDbEntity
  8
STAKE_NODES
100
AcDbPoint
 10
3185.0001017252607
 20
663.9999389648438
 30
0.0
  0
LWPOLYLINE
  5
148
330
17
100
AcDbEntity
  8
CLEARING_LIMITS
100
AcDbPolyline
 90
4
 70
0
 10
3196.000162760417
 20
650.9999593098959
 10
3185.0001017252607
 20
663.9999389648438
 10
3193.000030517578
 20
664.9998982747396
 10
3196.000162760417
 20
650.9999593098959
  0
POINT
  5
149
330
17
100
AcDbEntity
  8
STAKE_NODES
100
AcDbPoint
 10
3193.000030517578
 20
664.9998982747396
 30
0.0
  0
LWPOLYLINE
  5
14A
330
17
100
AcDbEntity
  8
CLEARING_LIMITS
100
AcDbPolyline
 90
4
 70
0
 10
3182.000223795573
 20
677.9998779296875
 10
3189.9998982747397
 20
679.9997965494792
 10
3180.0000508626304
 20
690.9998575846355
 10
3182.000223795573
 20
677.9998779296875
  0
POINT
  5
14B
330
17
100
AcDbEntity
  8
STAKE_NODES
100
AcDbPoint
 10
3182.000223795573
 20
677.9998779296875
 30
0.0
  0
POINT
  5
14C
330
17
100
AcDbEntity
  8
STAKE_NODES
100
AcDbPoint
 10
3189.9998982747397
 20
679.9997965494792
 30
0.0
  0
POINT
  5
14D
330
17
100
AcDbEntity
  8
STAKE_NODES
100
AcDbPoint
 10
3180.0000508626304
 20
690.9998575846355
 30
0.0
  0
LWPOLYLINE
  5
14E
330
17
100
AcDbEntity
  8
CLEARING_LIMITS
100
AcDbPolyline
 90
4
 70
0
 10
3189.9998982747397
 20
679.9997965494792
 10
3180.0000508626304
 20
690.9998575846355
 10
3187.0000203450522
 20
691.9998168945312
 10
3189.9998982747397
 20
679.9997965494792
  0
POINT
  5
14F
330
17
100
AcDbEntity
  8
STAKE_NODES
100
AcDbPoint
 10
3187.0000203450522
 20
691.9998168945312
 30
0.0
  0
LWPOLYLINE
  5
150
330
17
100
AcDbEntity
  8
CLEARING_LIMITS
100
AcDbPolyline
 90
4
 70
0
 10
3180.0000508626304
 20
691.9998168945312
 10
3187.0000203450522
 20
690.9998575846355
 10
3180.0000508626304
 20
694.9999491373699
 10
3180.0000508626304
 20
691.9998168945312
  0
POINT
  5
151
330
17
100
AcDbEntity
  8
STAKE_NODES
100
AcDbPoint
 10
3180.0000508626304
 20
691.9998168945312
 30
0.0
  0
POINT
  5
152
330
17
100
AcDbEntity
  8
STAKE_NODES
100
AcDbPoint
 10
3187.0000203450522
 20
690.9998575846355
 30
0.0
  0
POINT
  5
153
330
17
100
AcDbEntity
  8
STAKE_NODES
100
AcDbPoint
 10
3180.0000508626304
 20
694.9999491373699
 30
0.0
  0
LWPOLYLINE
  5
154
330
17
100
AcDbEntity
  8
CLEARING_LIMITS
100
AcDbPolyline
 90
4
 70
0
 10
3187.0000203450522
 20
690.9998575846355
 10
3180.0000508626304
 20
694.9999491373699
 10
3187.999979654948
 20
693.0000305175781
 10
3187.0000203450522
 20
690.9998575846355
  0
POINT
  5
155
330
17
100
AcDbEntity
  8
STAKE_NODES
100
AcDbPoint
 10
3187.999979654948
 20
693.0000305175781
 30
0.0
  0
LWPOLYLINE
  5
156
330
17
100
AcDbEntity
  8
CLEARING_LIMITS
100
AcDbPolyline
 90
4
 70
0
 10
3183.0001831054688
 20
708.9998881022136
 10
3189.9998982747397
 20
707.9999287923177
 10
3196.000162760417
 20
782.9999287923177
 10
3183.0001831054688
 20
708.9998881022136
  0
POINT
  5
157
330
17
100
AcDbEntity
  8
STAKE_NODES
100
AcDbPoint
 10
3183.0001831054688
 20
708.9998881022136
 30
0.0
  0
POINT
  5
158
330
17
100
AcDbEntity
  8
STAKE_NODES
100
AcDbPoint
 10
3189.9998982747397
 20
707.9999287923177
 30
0.0
  0
POINT
  5
159
330
17
100
AcDbEntity
  8
STAKE_NODES
100
AcDbPoint
 10
3196.000162760417
 20
782.9999287923177
 30
0.0
  0
LWPOLYLINE
  5
15A
330
17
100
AcDbEntity
  8
CLEARING_LIMITS
100
AcDbPolyline
 90
4
 70
0
 10
3189.9998982747397
 20
707.9999287923177
 10
3196.000162760417
 20
782.9999287923177
 10
3203.000132242839
 20
781.9999694824219
 10
3189.9998982747397
 20
707.9999287923177
  0
POINT
  5
15B
330
17
100
AcDbEntity
  8
STAKE_NODES
100
AcDbPoint
 10
3203.000132242839
 20
781.9999694824219
 30
0.0
  0
LWPOLYLINE
  5
15C
330
17
100
AcDbEntity
  8
CLEARING_LIMITS
100
AcDbPolyline
 90
4
 70
0
 10
3198.0000813802085
 20
798.0000813802084
 10
3206.0002644856772
 20
796.9998677571615
 10
3200.999959309896
 20
812.999979654948
 10
3198.0000813802085
 20
798.0000813802084
  0
POINT
  5
15D
330
17
100
AcDbEntity
  8
STAKE_NODES
100
AcDbPoint
 10
3198.0000813802085
 20
798.0000813802084
 30
0.0
  0
POINT
  5
15E
330
17
100
AcDbEntity
  8
STAKE_NODES
100
AcDbPoint
 10
3206.0002644856772
 20
796.9998677571615
 30
0.0
  0
POINT
  5
15F
330
17
100
AcDbEntity
  8
STAKE_NODES
100
AcDbPoint
 10
3200.999959309896
 20
812.999979654948
 30
0.0
  0
LWPOLYLINE
  5
160
330
17
100
AcDbEntity
  8
CLEARING_LIMITS
100
AcDbPolyline
 90
4
 70
0
 10
3206.0002644856772
 20
796.9998677571615
 10
3200.999959309896
 20
812.999979654948
 10
3209.0001424153647
 20
811.0000610351564
 10
3206.0002644856772
 20
796.9998677571615
  0
POINT
  5
161
330
17
100
AcDbEntity
  8
STAKE_NODES
100
AcDbPoint
 10
3209.0001424153647
 20
811.0000610351564
 30
0.0
  0
LWPOLYLINE
  5
162
330
17
100
AcDbEntity
  8
CLEARING_LIMITS
100
AcDbPolyline
 90
4
 70
0
 10
3203.000132242839
 20
827.9998779296876
 10
3211.0000610351567
 20
825.9999593098959
 10
3206.0002644856772
 20
841.9998168945314
 10
3203.000132242839
 20
827.9998779296876
  0
POINT
  5
163
330
17
100
AcDbEntity
  8
STAKE_NODES
100
AcDbPoint
 10
3203.000132242839
 20
827.9998779296876
 30
0.0
  0
POINT
  5
164
330
17
100
AcDbEntity
  8
STAKE_NODES
100
AcDbPoint
 10
3211.0000610351567
 20
825.9999593098959
 30
0.0
  0
POINT
  5
165
330
17
100
AcDbEntity
  8
STAKE_NODES
100
AcDbPoint
 10
3206.0002644856772
 20
841.9998168945314
 30
0.0
  0
LWPOLYLINE
  5
166
330
17
100
AcDbEntity
  8
CLEARING_LIMITS
100
AcDbPolyline
 90
4
 70
0
 10
3211.0000610351567
 20
825.9999593098959
 10
3206.0002644856772
 20
841.9998168945314
 10
3213.999938964844
 20
840.9998575846355
 10
3211.0000610351567
 20
825.9999593098959
  0
POINT
  5
167
330
17
100
AcDbEntity
  8
STAKE_NODES
100
AcDbPoint
 10
3213.999938964844
 20
840.9998575846355
 30
0.0
  0
LWPOLYLINE
  5
168
330
17
100
AcDbEntity
  8
CLEARING_LIMITS
100
AcDbPolyline
 90
4
 70
0
 10
3209.0001424153647
 20
856.999969482422
 10
3216.0001118977866
 20
856.0000101725261
 10
3222.000122070313
 20
931.0000101725261
 10
3209.0001424153647
 20
856.999969482422
  0
POINT
  5
169
330
17
100
AcDbEntity
  8
STAKE_NODES
100
AcDbPoint
 10
3209.0001424153647
 20
856.999969482422
 30
0.0
  0
POINT
  5
16A
330
17
100
AcDbEntity
  8
STAKE_NODES
100
AcDbPoint
 10
3216.0001118977866
 20
856.0000101725261
 30
0.0
  0
POINT
  5
16B
330
17
100
AcDbEntity
  8
STAKE_NODES
100
AcDbPoint
 10
3222.000122070313
 20
931.0000101725261
 30
0.0
  0
LWPOLYLINE
  5
16C
330
17
100
AcDbEntity
  8
CLEARING_LIMITS
100
AcDbPolyline
 90
4
 70
0
 10
3216.0001118977866
 20
856.0000101725261
 10
3222.000122070313
 20
931.0000101725261
 10
3230.0000508626304
 20
929.9997965494792
 10
3216.0001118977866
 20
856.0000101725261
  0
POINT
  5
16D
330
17
100
AcDbEntity
  8
STAKE_NODES
100
AcDbPoint
 10
3230.0000508626304
 20
929.9997965494792
 30
0.0
  0
LWPOLYLINE
  5
16E
330
17
100
AcDbEntity
  8
CLEARING_LIMITS
100
AcDbPolyline
 90
4
 70
0
 10
3224.0000406901045
 20
945.9999084472657
 10
3232.000223795573
 20
943.999989827474
 10
3226.999918619792
 20
961.0000610351564
 10
3224.0000406901045
 20
945.9999084472657
  0
POINT
  5
16F
330
17
100
AcDbEntity
  8
STAKE_NODES
100
AcDbPoint
 10
3224.0000406901045
 20
945.9999084472657
 30
0.0
  0
POINT
  5
170
330
17
100
AcDbEntity
  8
STAKE_NODES
100
AcDbPoint
 10
3232.000223795573
 20
943.999989827474
 30
0.0
  0
POINT
  5
171
330
17
100
AcDbEntity
  8
STAKE_NODES
100
AcDbPoint
 10
3226.999918619792
 20
961.0000610351564
 30
0.0
  0
LWPOLYLINE
  5
172
330
17
100
AcDbEntity
  8
CLEARING_LIMITS
100
AcDbPolyline
 90
4
 70
0
 10
3232.000223795573
 20
943.999989827474
 10
3226.999918619792
 20
961.0000610351564
 10
3235.0001017252607
 20
958.9998881022136
 10
3232.000223795573
 20
943.999989827474
  0
POINT
  5
173
330
17
100
AcDbEntity
  8
STAKE_NODES
100
AcDbPoint
 10
3235.0001017252607
 20
958.9998881022136
 30
0.0
  0
LWPOLYLINE
  5
174
330
17
100
AcDbEntity
  8
CLEARING_LIMITS
100
AcDbPolyline
 90
4
 70
0
 10
3229.000091552735
 20
975.0000000000001
 10
3237.0000203450522
 20
974.0000406901042
 10
3232.000223795573
 20
989.9998982747396
 10
3229.000091552735
 20
975.0000000000001
  0
POINT
  5
175
330
17
100
AcDbEntity
  8
STAKE_NODES
100
AcDbPoint
 10
3229.000091552735
 20
975.0000000000001
 30
0.0
  0
POINT
  5
176
330
17
100
AcDbEntity
  8
STAKE_NODES
100
AcDbPoint
 10
3237.0000203450522
 20
974.0000406901042
 30
0.0
  0
POINT
  5
177
330
17
100
AcDbEntity
  8
STAKE_NODES
100
AcDbPoint
 10
3232.000223795573
 20
989.9998982747396
 30
0.0
  0
LWPOLYLINE
  5
178
330
17
100
AcDbEntity
  8
CLEARING_LIMITS
100
AcDbPolyline
 90
4
 70
0
 10
3237.0000203450522
 20
974.0000406901042
 10
3232.000223795573
 20
989.9998982747396
 10
3239.9998982747397
 20
988.9999389648439
 10
3237.0000203450522
 20
974.0000406901042
  0
POINT
  5
179
330
17
100
AcDbEntity
  8
STAKE_NODES
100
AcDbPoint
 10
3239.9998982747397
 20
988.9999389648439
 30
0.0
  0
LWPOLYLINE
  5
17A
330
17
100
AcDbEntity
  8
CLEARING_LIMITS
100
AcDbPolyline
 90
4
 70
0
 10
3235.0001017252607
 20
1004.9997965494792
 10
3243.0000305175786
 20
1003.9998372395834
 10
3248.0000813802085
 20
1078.9998372395835
 10
3235.0001017252607
 20
1004.9997965494792
  0
POINT
  5
17B
330
17
100
AcDbEntity
  8
STAKE_NODES
100
AcDbPoint
 10
3235.0001017252607
 20
1004.9997965494792
 30
0.0
  0
POINT
  5
17C
330
17
100
AcDbEntity
  8
STAKE_NODES
100
AcDbPoint
 10
3243.0000305175786
 20
1003.9998372395834
 30
0.0
  0
POINT
  5
17D
330
17
100
AcDbEntity
  8
STAKE_NODES
100
AcDbPoint
 10
3248.0000813802085
 20
1078.9998372395835
 30
0.0
  0
LWPOLYLINE
  5
17E
330
17
100
AcDbEntity
  8
CLEARING_LIMITS
100
AcDbPolyline
 90
4
 70
0
 10
3243.0000305175786
 20
1003.9998372395834
 10
3248.0000813802085
 20
1078.9998372395835
 10
3256.0002644856772
 20
1076.9999186197917
 10
3243.0000305175786
 20
1003.9998372395834
  0
POINT
  5
17F
330
17
100
AcDbEntity
  8
STAKE_NODES
100
AcDbPoint
 10
3256.0002644856772
 20
1076.9999186197917
 30
0.0
  0
LWPOLYLINE
  5
180
330
17
100
AcDbEntity
  8
CLEARING_LIMITS
100
AcDbPolyline
 90
4
 70
0
 10
3250.0000000000005
 20
1093.999989827474
 10
3258.000183105469
 20
1091.9998168945312
 10
3253.000132242839
 20
1107.9999287923179
 10
3250.0000000000005
 20
1093.999989827474
  0
POINT
  5
181
330
17
100
AcDbEntity
  8
STAKE_NODES
100
AcDbPoint
 10
3250.0000000000005
 20
1093.999989827474
 30
0.0
  0
POINT
  5
182
330
17
100
AcDbEntity
  8
STAKE_NODES
100
AcDbPoint
 10
3258.000183105469
 20
1091.9998168945312
 30
0.0
  0
POINT
  5
183
330
17
100
AcDbEntity
  8
STAKE_NODES
100
AcDbPoint
 10
3253.000132242839
 20
1107.9999287923179
 30
0.0
  0
LWPOLYLINE
  5
184
330
17
100
AcDbEntity
  8
CLEARING_LIMITS
100
AcDbPolyline
 90
4
 70
0
 10
3258.000183105469
 20
1091.9998168945312
 10
3253.000132242839
 20
1107.9999287923179
 10
3261.0000610351567
 20
1106.9999694824219
 10
3258.000183105469
 20
1091.9998168945312
  0
POINT
  5
185
330
17
100
AcDbEntity
  8
STAKE_NODES
100
AcDbPoint
 10
3261.0000610351567
 20
1106.9999694824219
 30
0.0
  0
LWPOLYLINE
  5
186
330
17
100
AcDbEntity
  8
CLEARING_LIMITS
100
AcDbPolyline
 90
4
 70
0
 10
3256.0002644856772
 20
1122.9999542236328
 10
3262.999979654948
 20
1121.999994913737
 10
3258.000183105469
 20
1137.999979654948
 10
3256.0002644856772
 20
1122.9999542236328
  0
POINT
  5
187
330
17
100
AcDbEntity
  8
STAKE_NODES
100
AcDbPoint
 10
3256.0002644856772
 20
1122.9999542236328
 30
0.0
  0
POINT
  5
188
330
17
100
AcDbEntity
  8
STAKE_NODES
100
AcDbPoint
 10
3262.999979654948
 20
1121.999994913737
 30
0.0
  0
POINT
  5
189
330
17
100
AcDbEntity
  8
STAKE_NODES
100
AcDbPoint
 10
3258.000183105469
 20
1137.999979654948
 30
0.0
  0
LWPOLYLINE
  5
18A
330
17
100
AcDbEntity
  8
CLEARING_LIMITS
100
AcDbPolyline
 90
4
 70
0
 10
3262.999979654948
 20
1121.999994913737
 10
3258.000183105469
 20
1137.999979654948
 10
3266.0001118977866
 20
1136.9998931884766
 10
3262.999979654948
 20
1121.999994913737
  0
POINT
  5
18B
330
17
100
AcDbEntity
  8
STAKE_NODES
100
AcDbPoint
 10
3266.0001118977866
 20
1136.9998931884766
 30
0.0
  0
LWPOLYLINE
  5
18C
330
17
100
AcDbEntity
  8
CLEARING_LIMITS
100
AcDbPolyline
 90
4
 70
0
 10
3261.0000610351567
 20
1152.9998779296875
 10
3269.0002441406255
 20
1150.999959309896
 10
3274.0000406901045
 20
1226.9999186197917
 10
3261.0000610351567
 20
1152.9998779296875
  0
POINT
  5
18D
330
17
100
AcDbEntity
  8
STAKE_NODES
100
AcDbPoint
 10
3261.0000610351567
 20
1152.9998779296875
 30
0.0
  0
POINT
  5
18E
330
17
100
AcDbEntity
  8
STAKE_NODES
100
AcDbPoint
 10
3269.0002441406255
 20
1150.999959309896
 30
0.0
  0
POINT
  5
18F
330
17
100
AcDbEntity
  8
STAKE_NODES
100
AcDbPoint
 10
3274.0000406901045
 20
1226.9999186197917
 30
0.0
  0
LWPOLYLINE
  5
190
330
17
100
AcDbEntity
  8
CLEARING_LIMITS
100
AcDbPolyline
 90
4
 70
0
 10
3269.0002441406255
 20
1150.999959309896
 10
3274.0000406901045
 20
1226.9999186197917
 10
3282.000223795573
 20
1224.9998728434246
 10
3269.0002441406255
 20
1150.999959309896
  0
POINT
  5
191
330
17
100
AcDbEntity
  8
STAKE_NODES
100
AcDbPoint
 10
3282.000223795573
 20
1224.9998728434246
 30
0.0
  0
LWPOLYLINE
  5
192
330
17
100
AcDbEntity
  8
CLEARING_LIMITS
100
AcDbPolyline
 90
4
 70
0
 10
3275.999959309896
 20
1240.999984741211
 10
3284.0001424153647
 20
1239.9998982747397
 10
3279.000091552735
 20
1255.9998830159507
 10
3275.999959309896
 20
1240.999984741211
  0
POINT
  5
193
330
17
100
AcDbEntity
  8
STAKE_NODES
100
AcDbPoint
 10
3275.999959309896
 20
1240.999984741211
 30
0.0
  0
POINT
  5
194
330
17
100
AcDbEntity
  8
STAKE_NODES
100
AcDbPoint
 10
3284.0001424153647
 20
1239.9998982747397
 30
0.0
  0
POINT
  5
195
330
17
100
AcDbEntity
  8
STAKE_NODES
100
AcDbPoint
 10
3279.000091552735
 20
1255.9998830159507
 30
0.0
  0
LWPOLYLINE
  5
196
330
17
100
AcDbEntity
  8
CLEARING_LIMITS
100
AcDbPolyline
 90
4
 70
0
 10
3284.0001424153647
 20
1239.9998982747397
 10
3279.000091552735
 20
1255.9998830159507
 10
3287.0000203450522
 20
1254.9999237060547
 10
3284.0001424153647
 20
1239.9998982747397
  0
POINT
  5
197
330
17
100
AcDbEntity
  8
STAKE_NODES
100
AcDbPoint
 10
3287.0000203450522
 20
1254.9999237060547
 30
0.0
  0
LWPOLYLINE
  5
198
330
17
100
AcDbEntity
  8
CLEARING_LIMITS
100
AcDbPolyline
 90
4
 70
0
 10
3282.000223795573
 20
1270.9999084472656
 10
3288.999938964844
 20
1269.9999491373699
 10
3284.0001424153647
 20
1285.9999338785808
 10
3282.000223795573
 20
1270.9999084472656
  0
POINT
  5
199
330
17
100
AcDbEntity
  8
STAKE_NODES
100
AcDbPoint
 10
3282.000223795573
 20
1270.9999084472656
 30
0.0
  0
POINT
  5
19A
330
17
100
AcDbEntity
  8
STAKE_NODES
100
AcDbPoint
 10
3288.999938964844
 20
1269.9999491373699
 30
0.0
  0
POINT
  5
19B
330
17
100
AcDbEntity
  8
STAKE_NODES
100
AcDbPoint
 10
3284.0001424153647
 20
1285.9999338785808
 30
0.0
  0
LWPOLYLINE
  5
19C
330
17
100
AcDbEntity
  8
CLEARING_LIMITS
100
AcDbPolyline
 90
4
 70
0
 10
3288.999938964844
 20
1269.9999491373699
 10
3284.0001424153647
 20
1285.9999338785808
 10
3292.0000712076826
 20
1283.9998881022136
 10
3288.999938964844
 20
1269.9999491373699
  0
POINT
  5
19D
330
17
100
AcDbEntity
  8
STAKE_NODES
100
AcDbPoint
 10
3292.0000712076826
 20
1283.9998881022136
 30
0.0
  0
LWPOLYLINE
  5
19E
330
17
100
AcDbEntity
  8
CLEARING_LIMITS
100
AcDbPolyline
 90
4
 70
0
 10
3287.0000203450522
 20
1300.999959309896
 10
3295.000203450521
 20
1298.9999135335288
 10
3300.0000000000005
 20
1373.9999135335288
 10
3287.0000203450522
 20
1300.999959309896
  0
POINT
  5
19F
330
17
100
AcDbEntity
  8
STAKE_NODES
100
AcDbPoint
 10
3287.0000203450522
 20
1300.999959309896
 30
0.0
  0
POINT
  5
1A0
330
17
100
AcDbEntity
  8
STAKE_NODES
100
AcDbPoint
 10
3295.000203450521
 20
1298.9999135335288
 30
0.0
  0
POINT
  5
1A1
330
17
100
AcDbEntity
  8
STAKE_NODES
100
AcDbPoint
 10
3300.0000000000005
 20
1373.9999135335288
 30
0.0
  0
LWPOLYLINE
  5
1A2
330
17
100
AcDbEntity
  8
CLEARING_LIMITS
100
AcDbPolyline
 90
4
 70
0
 10
3295.000203450521
 20
1298.9999135335288
 10
3300.0000000000005
 20
1373.9999135335288
 10
3308.000183105469
 20
1372.9999542236328
 10
3295.000203450521
 20
1298.9999135335288
  0
POINT
  5
1A3
330
17
100
AcDbEntity
  8
STAKE_NODES
100
AcDbPoint
 10
3308.000183105469
 20
1372.9999542236328
 30
0.0
  0
LWPOLYLINE
  5
1A4
330
17
100
AcDbEntity
  8
CLEARING_LIMITS
100
AcDbPolyline
 90
4
 70
0
 10
3301.999918619792
 20
1388.9999389648438
 10
3310.0001017252607
 20
1387.999979654948
 10
3305.0000508626304
 20
1403.999964396159
 10
3301.999918619792
 20
1388.9999389648438
  0
POINT
  5
1A5
330
17
100
AcDbEntity
  8
STAKE_NODES
100
AcDbPoint
 10
3301.999918619792
 20
1388.9999389648438
 30
0.0
  0
POINT
  5
1A6
330
17
100
AcDbEntity
  8
STAKE_NODES
100
AcDbPoint
 10
3310.0001017252607
 20
1387.999979654948
 30
0.0
  0
POINT
  5
1A7
330
17
100
AcDbEntity
  8
STAKE_NODES
100
AcDbPoint
 10
3305.0000508626304
 20
1403.999964396159
 30
0.0
  0
LWPOLYLINE
  5
1A8
330
17
100
AcDbEntity
  8
CLEARING_LIMITS
100
AcDbPolyline
 90
4
 70
0
 10
3310.0001017252607
 20
1387.999979654948
 10
3305.0000508626304
 20
1403.999964396159
 10
3312.999979654948
 20
1402.9998779296875
 10
3310.0001017252607
 20
1387.999979654948
  0
POINT
  5
1A9
330
17
100
AcDbEntity
  8
STAKE_NODES
100
AcDbPoint
 10
3312.999979654948
 20
1402.9998779296875
 30
0.0
  0
LWPOLYLINE
  5
1AA
330
17
100
AcDbEntity
  8
CLEARING_LIMITS
100
AcDbPolyline
 90
4
 70
0
 10
3308.000183105469
 20
1418.9998626708984
 10
3316.0001118977866
 20
1416.999944051107
 10
3310.0001017252607
 20
1433.9998881022136
 10
3308.000183105469
 20
1418.9998626708984
  0
POINT
  5
1AB
330
17
100
AcDbEntity
  8
STAKE_NODES
100
AcDbPoint
 10
3308.000183105469
 20
1418.9998626708984
 30
0.0
  0
POINT
  5
1AC
330
17
100
AcDbEntity
  8
STAKE_NODES
100
AcDbPoint
 10
3316.0001118977866
 20
1416.999944051107
 30
0.0
  0
POINT
  5
1AD
330
17
100
AcDbEntity
  8
STAKE_NODES
100
AcDbPoint
 10
3310.0001017252607
 20
1433.9998881022136
 30
0.0
  0
LWPOLYLINE
  5
1AE
330
17
100
AcDbEntity
  8
CLEARING_LIMITS
100
AcDbPolyline
 90
4
 70
0
 10
3316.0001118977866
 20
1416.999944051107
 10
3310.0001017252607
 20
1433.9998881022136
 10
3318.0000305175786
 20
1431.9999694824219
 10
3316.0001118977866
 20
1416.999944051107
  0
POINT
  5
1AF
330
17
100
AcDbEntity
  8
STAKE_NODES
100
AcDbPoint
 10
3318.0000305175786
 20
1431.9999694824219
 30
0.0
  0
LWPOLYLINE
  5
1B0
330
17
100
AcDbEntity
  8
CLEARING_LIMITS
100
AcDbPolyline
 90
4
 70
0
 10
3312.999979654948
 20
1447.9999542236328
 10
3321.000162760417
 20
1446.9998677571616
 10
3325.999959309896
 20
1521.9998677571616
 10
3312.999979654948
 20
1447.9999542236328
  0
POINT
  5
1B1
330
17
100
AcDbEntity
  8
STAKE_NODES
100
AcDbPoint
 10
3312.999979654948
 20
1447.9999542236328
 30
0.0
  0
POINT
  5
1B2
330
17
100
AcDbEntity
  8
STAKE_NODES
100
AcDbPoint
 10
3321.000162760417
 20
1446.9998677571616
 30
0.0
  0
POINT
  5
1B3
330
17
100
AcDbEntity
  8
STAKE_NODES
100
AcDbPoint
 10
3325.999959309896
 20
1521.9998677571616
 30
0.0
  0
LWPOLYLINE
  5
1B4
330
17
100
AcDbEntity
  8
CLEARING_LIMITS
100
AcDbPolyline
 90
4
 70
0
 10
3321.000162760417
 20
1446.9998677571616
 10
3325.999959309896
 20
1521.9998677571616
 10
3334.0001424153647
 20
1520.9999084472656
 10
3321.000162760417
 20
1446.9998677571616
  0
POINT
  5
1B5
330
17
100
AcDbEntity
  8
STAKE_NODES
100
AcDbPoint
 10
3334.0001424153647
 20
1520.9999084472656
 30
0.0
  0
LWPOLYLINE
  5
1B6
330
17
100
AcDbEntity
  8
CLEARING_LIMITS
100
AcDbPolyline
 90
4
 70
0
 10
3328.000132242839
 20
1536.9998931884766
 10
3336.0000610351567
 20
1535.9999338785808
 10
3331.0002644856772
 20
1550.999959309896
 10
3328.000132242839
 20
1536.9998931884766
  0
POINT
  5
1B7
330
17
100
AcDbEntity
  8
STAKE_NODES
100
AcDbPoint
 10
3328.000132242839
 20
1536.9998931884766
 30
0.0
  0
POINT
  5
1B8
330
17
100
AcDbEntity
  8
STAKE_NODES
100
AcDbPoint
 10
3336.0000610351567
 20
1535.9999338785808
 30
0.0
  0
POINT
  5
1B9
330
17
100
AcDbEntity
  8
STAKE_NODES
100
AcDbPoint
 10
3331.0002644856772
 20
1550.999959309896
 30
0.0
  0
LWPOLYLINE
  5
1BA
330
17
100
AcDbEntity
  8
CLEARING_LIMITS
100
AcDbPolyline
 90
4
 70
0
 10
3336.0000610351567
 20
1535.9999338785808
 10
3331.0002644856772
 20
1550.999959309896
 10
3338.999938964844
 20
1548.9999135335288
 10
3336.0000610351567
 20
1535.9999338785808
  0
POINT
  5
1BB
330
17
100
AcDbEntity
  8
STAKE_NODES
100
AcDbPoint
 10
3338.999938964844
 20
1548.9999135335288
 30
0.0
  0
LWPOLYLINE
  5
1BC
330
17
100
AcDbEntity
  8
CLEARING_LIMITS
100
AcDbPolyline
 90
4
 70
0
 10
3334.0001424153647
 20
1545.9999084472656
 10
3336.0000610351567
 20
1553.999964396159
 10
3333.000183105469
 20
1545.9999084472656
 10
3334.0001424153647
 20
1545.9999084472656
  0
POINT
  5
1BD
330
17
100
AcDbEntity
  8
STAKE_NODES
100
AcDbPoint
 10
3334.0001424153647
 20
1545.9999084472656
 30
0.0
  0
POINT
  5
1BE
330
17
100
AcDbEntity
  8
STAKE_NODES
100
AcDbPoint
 10
3336.0000610351567
 20
1553.999964396159
 30
0.0
  0
POINT
  5
1BF
330
17
100
AcDbEntity
  8
STAKE_NODES
100
AcDbPoint
 10
3333.000183105469
 20
1545.9999084472656
 30
0.0
  0
LWPOLYLINE
  5
1C0
330
17
100
AcDbEntity
  8
CLEARING_LIMITS
100
AcDbPolyline
 90
4
 70
0
 10
3336.0000610351567
 20
1553.999964396159
 10
3333.000183105469
 20
1545.9999084472656
 10
3334.0001424153647
 20
1553.999964396159
 10
3336.0000610351567
 20
1553.999964396159
  0
POINT
  5
1C1
330
17
100
AcDbEntity
  8
STAKE_NODES
100
AcDbPoint
 10
3334.0001424153647
 20
1553.999964396159
 30
0.0
  0
LWPOLYLINE
  5
1C2
330
17
100
AcDbEntity
  8
CLEARING_LIMITS
100
AcDbPolyline
 90
4
 70
0
 10
3318.0000305175786
 20
1548.9999135335288
 10
3320.000203450521
 20
1556.9999694824219
 10
3303.000132242839
 20
1550.999959309896
 10
3318.0000305175786
 20
1548.9999135335288
  0
POINT
  5
1C3
330
17
100
AcDbEntity
  8
STAKE_NODES
100
AcDbPoint
 10
3318.0000305175786
 20
1548.9999135335288
 30
0.0
  0
POINT
  5
1C4
330
17
100
AcDbEntity
  8
STAKE_NODES
100
AcDbPoint
 10
3320.000203450521
 20
1556.9999694824219
 30
0.0
  0
POINT
  5
1C5
330
17
100
AcDbEntity
  8
STAKE_NODES
100
AcDbPoint
 10
3303.000132242839
 20
1550.999959309896
 30
0.0
  0
LWPOLYLINE
  5
1C6
330
17
100
AcDbEntity
  8
CLEARING_LIMITS
100
AcDbPolyline
 90
4
 70
0
 10
3320.000203450521
 20
1556.9999694824219
 10
3303.000132242839
 20
1550.999959309896
 10
3305.0000508626304
 20
1558.9998881022136
 10
3320.000203450521
 20
1556.9999694824219
  0
POINT
  5
1C7
330
17
100
AcDbEntity
  8
STAKE_NODES
100
AcDbPoint
 10
3305.0000508626304
 20
1558.9998881022136
 30
0.0
  0
LWPOLYLINE
  5
1C8
330
17
100
AcDbEntity
  8
CLEARING_LIMITS
100
AcDbPolyline
 90
4
 70
0
 10
3288.999938964844
 20
1553.999964396159
 10
3289.9998982747397
 20
1561.9998931884766
 10
3214.9998982747397
 20
1566.999944051107
 10
3288.999938964844
 20
1553.999964396159
  0
POINT
  5
1C9
330
17
100
AcDbEntity
  8
STAKE_NODES
100
AcDbPoint
 10
3288.999938964844
 20
1553.999964396159
 30
0.0
  0
POINT
  5
1CA
330
17
100
AcDbEntity
  8
STAKE_NODES
100
AcDbPoint
 10
3289.9998982747397
 20
1561.9998931884766
 30
0.0
  0
POINT
  5
1CB
330
17
100
AcDbEntity
  8
STAKE_NODES
100
AcDbPoint
 10
3214.9998982747397
 20
1566.999944051107
 30
0.0
  0
LWPOLYLINE
  5
1CC
330
17
100
AcDbEntity
  8
CLEARING_LIMITS
100
AcDbPolyline
 90
4
 70
0
 10
3289.9998982747397
 20
1561.9998931884766
 10
3214.9998982747397
 20
1566.999944051107
 10
3216.0001118977866
 20
1574.9998728434246
 10
3289.9998982747397
 20
1561.9998931884766
  0
POINT
  5
1CD
330
17
100
AcDbEntity
  8
STAKE_NODES
100
AcDbPoint
 10
3216.0001118977866
 20
1574.9998728434246
 30
0.0
  0
LWPOLYLINE
  5
1CE
330
17
100
AcDbEntity
  8
CLEARING_LIMITS
100
AcDbPolyline
 90
4
 70
0
 10
3200.0
 20
1569.9999491373699
 10
3200.999959309896
 20
1576.9999186197917
 10
3185.0001017252607
 20
1571.9998677571616
 10
3200.0
 20
1569.9999491373699
  0
POINT
  5
1CF
330
17
100
AcDbEntity
  8
STAKE_NODES
100
AcDbPoint
 10
3200.0
 20
1569.9999491373699
 30
0.0
  0
POINT
  5
1D0
330
17
100
AcDbEntity
  8
STAKE_NODES
100
AcDbPoint
 10
3200.999959309896
 20
1576.9999186197917
 30
0.0
  0
POINT
  5
1D1
330
17
100
AcDbEntity
  8
STAKE_NODES
100
AcDbPoint
 10
3185.0001017252607
 20
1571.9998677571616
 30
0.0
  0
LWPOLYLINE
  5
1D2
330
17
100
AcDbEntity
  8
CLEARING_LIMITS
100
AcDbPolyline
 90
4
 70
0
 10
3200.999959309896
 20
1576.9999186197917
 10
3185.0001017252607
 20
1571.9998677571616
 10
3187.0000203450522
 20
1579.9999237060547
 10
3200.999959309896
 20
1576.9999186197917
  0
POINT
  5
1D3
330
17
100
AcDbEntity
  8
STAKE_NODES
100
AcDbPoint
 10
3187.0000203450522
 20
1579.9999237060547
 30
0.0
  0
LWPOLYLINE
  5
1D4
330
17
100
AcDbEntity
  8
CLEARING_LIMITS
100
AcDbPolyline
 90
4
 70
0
 10
3170.000203450521
 20
1574.9998728434246
 10
3172.0001220703125
 20
1582.9999287923179
 10
3156.0002644856772
 20
1576.9999186197917
 10
3170.000203450521
 20
1574.9998728434246
  0
POINT
  5
1D5
330
17
100
AcDbEntity
  8
STAKE_NODES
100
AcDbPoint
 10
3170.000203450521
 20
1574.9998728434246
 30
0.0
  0
POINT
  5
1D6
330
17
100
AcDbEntity
  8
STAKE_NODES
100
AcDbPoint
 10
3172.0001220703125
 20
1582.9999287923179
 30
0.0
  0
POINT
  5
1D7
330
17
100
AcDbEntity
  8
STAKE_NODES
100
AcDbPoint
 10
3156.0002644856772
 20
1576.9999186197917
 30
0.0
  0
LWPOLYLINE
  5
1D8
330
17
100
AcDbEntity
  8
CLEARING_LIMITS
100
AcDbPolyline
 90
4
 70
0
 10
3172.0001220703125
 20
1582.9999287923179
 10
3156.0002644856772
 20
1576.9999186197917
 10
3157.000223795573
 20
1584.999974568685
 10
3172.0001220703125
 20
1582.9999287923179
  0
POINT
  5
1D9
330
17
100
AcDbEntity
  8
STAKE_NODES
100
AcDbPoint
 10
3157.000223795573
 20
1584.999974568685
 30
0.0
  0
LWPOLYLINE
  5
1DA
330
17
100
AcDbEntity
  8
CLEARING_LIMITS
100
AcDbPolyline
 90
4
 70
0
 10
3141.0001118977866
 20
1579.9999237060547
 10
3142.0000712076826
 20
1587.999979654948
 10
3067.0000712076826
 20
1592.9999033610027
 10
3141.0001118977866
 20
1579.9999237060547
  0
POINT
  5
1DB
330
17
100
AcDbEntity
  8
STAKE_NODES
100
AcDbPoint
 10
3141.0001118977866
 20
1579.9999237060547
 30
0.0
  0
POINT
  5
1DC
330
17
100
AcDbEntity
  8
STAKE_NODES
100
AcDbPoint
 10
3142.0000712076826
 20
1587.999979654948
 30
0.0
  0
POINT
  5
1DD
330
17
100
AcDbEntity
  8
STAKE_NODES
100
AcDbPoint
 10
3067.0000712076826
 20
1592.9999033610027
 30
0.0
  0
LWPOLYLINE
  5
1DE
330
17
100
AcDbEntity
  8
CLEARING_LIMITS
100
AcDbPolyline
 90
4
 70
0
 10
3142.0000712076826
 20
1587.999979654948
 10
3067.0000712076826
 20
1592.9999033610027
 10
3068.000030517578
 20
1600.999959309896
 10
3142.0000712076826
 20
1587.999979654948
  0
POINT
  5
1DF
330
17
100
AcDbEntity
  8
STAKE_NODES
100
AcDbPoint
 10
3068.000030517578
 20
1600.999959309896
 30
0.0
  0
LWPOLYLINE
  5
1E0
330
17
100
AcDbEntity
  8
CLEARING_LIMITS
100
AcDbPolyline
 90
4
 70
0
 10
3051.999918619792
 20
1594.9999491373699
 10
3054.0000915527344
 20
1602.9998779296877
 10
3037.0000203450522
 20
1597.9999542236328
 10
3051.999918619792
 20
1594.9999491373699
  0
POINT
  5
1E1
330
17
100
AcDbEntity
  8
STAKE_NODES
100
AcDbPoint
 10
3051.999918619792
 20
1594.9999491373699
 30
0.0
  0
POINT
  5
1E2
330
17
100
AcDbEntity
  8
STAKE_NODES
100
AcDbPoint
 10
3054.0000915527344
 20
1602.9998779296877
 30
0.0
  0
POINT
  5
1E3
330
17
100
AcDbEntity
  8
STAKE_NODES
100
AcDbPoint
 10
3037.0000203450522
 20
1597.9999542236328
 30
0.0
  0
LWPOLYLINE
  5
1E4
330
17
100
AcDbEntity
  8
CLEARING_LIMITS
100
AcDbPolyline
 90
4
 70
0
 10
3054.0000915527344
 20
1602.9998779296877
 10
3037.0000203450522
 20
1597.9999542236328
 10
3038.9999389648438
 20
1605.9998830159507
 10
3054.0000915527344
 20
1602.9998779296877
  0
POINT
  5
1E5
330
17
100
AcDbEntity
  8
STAKE_NODES
100
AcDbPoint
 10
3038.9999389648438
 20
1605.9998830159507
 30
0.0
  0
LWPOLYLINE
  5
1E6
330
17
100
AcDbEntity
  8
CLEARING_LIMITS
100
AcDbPolyline
 90
4
 70
0
 10
3023.0000813802085
 20
1600.999959309896
 10
3024.0000406901045
 20
1608.9998881022136
 10
3008.0001831054688
 20
1602.9998779296877
 10
3023.0000813802085
 20
1600.999959309896
  0
POINT
  5
1E7
330
17
100
AcDbEntity
  8
STAKE_NODES
100
AcDbPoint
 10
3023.0000813802085
 20
1600.999959309896
 30
0.0
  0
POINT
  5
1E8
330
17
100
AcDbEntity
  8
STAKE_NODES
100
AcDbPoint
 10
3024.0000406901045
 20
1608.9998881022136
 30
0.0
  0
POINT
  5
1E9
330
17
100
AcDbEntity
  8
STAKE_NODES
100
AcDbPoint
 10
3008.0001831054688
 20
1602.9998779296877
 30
0.0
  0
LWPOLYLINE
  5
1EA
330
17
100
AcDbEntity
  8
CLEARING_LIMITS
100
AcDbPolyline
 90
4
 70
0
 10
3024.0000406901045
 20
1608.9998881022136
 10
3008.0001831054688
 20
1602.9998779296877
 10
3009.0001424153647
 20
1610.9999338785808
 10
3024.0000406901045
 20
1608.9998881022136
  0
POINT
  5
1EB
330
17
100
AcDbEntity
  8
STAKE_NODES
100
AcDbPoint
 10
3009.0001424153647
 20
1610.9999338785808
 30
0.0
  0
LWPOLYLINE
  5
1EC
330
17
100
AcDbEntity
  8
CLEARING_LIMITS
100
AcDbPolyline
 90
4
 70
0
 10
2993.000030517578
 20
1605.9998830159507
 10
2995.000203450521
 20
1613.999938964844
 10
2919.000244140625
 20
1618.9998626708987
 10
2993.000030517578
 20
1605.9998830159507
  0
POINT
  5
1ED
330
17
100
AcDbEntity
  8
STAKE_NODES
100
AcDbPoint
 10
2993.000030517578
 20
1605.9998830159507
 30
0.0
  0
POINT
  5
1EE
330
17
100
AcDbEntity
  8
STAKE_NODES
100
AcDbPoint
 10
2995.000203450521
 20
1613.999938964844
 30
0.0
  0
POINT
  5
1EF
330
17
100
AcDbEntity
  8
STAKE_NODES
100
AcDbPoint
 10
2919.000244140625
 20
1618.9998626708987
 30
0.0
  0
LWPOLYLINE
  5
1F0
330
17
100
AcDbEntity
  8
CLEARING_LIMITS
100
AcDbPolyline
 90
4
 70
0
 10
2995.000203450521
 20
1613.999938964844
 10
2919.000244140625
 20
1618.9998626708987
 10
2921.000162760417
 20
1626.9999186197917
 10
2995.000203450521
 20
1613.999938964844
  0
POINT
  5
1F1
330
17
100
AcDbEntity
  8
STAKE_NODES
100
AcDbPoint
 10
2921.000162760417
 20
1626.9999186197917
 30
0.0
  0
LWPOLYLINE
  5
1F2
330
17
100
AcDbEntity
  8
CLEARING_LIMITS
100
AcDbPolyline
 90
4
 70
0
 10
2904.0000915527344
 20
1620.9999084472659
 10
2906.0002644856772
 20
1628.999964396159
 10
2890.0001525878906
 20
1623.9999135335288
 10
2904.0000915527344
 20
1620.9999084472659
  0
POINT
  5
1F3
330
17
100
AcDbEntity
  8
STAKE_NODES
100
AcDbPoint
 10
2904.0000915527344
 20
1620.9999084472659
 30
0.0
  0
POINT
  5
1F4
330
17
100
AcDbEntity
  8
STAKE_NODES
100
AcDbPoint
 10
2906.0002644856772
 20
1628.999964396159
 30
0.0
  0
POINT
  5
1F5
330
17
100
AcDbEntity
  8
STAKE_NODES
100
AcDbPoint
 10
2890.0001525878906
 20
1623.9999135335288
 30
0.0
  0
LWPOLYLINE
  5
1F6
330
17
100
AcDbEntity
  8
CLEARING_LIMITS
100
AcDbPolyline
 90
4
 70
0
 10
2906.0002644856772
 20
1628.999964396159
 10
2890.0001525878906
 20
1623.9999135335288
 10
2891.0001118977866
 20
1631.999969482422
 10
2906.0002644856772
 20
1628.999964396159
  0
POINT
  5
1F7
330
17
100
AcDbEntity
  8
STAKE_NODES
100
AcDbPoint
 10
2891.0001118977866
 20
1631.999969482422
 30
0.0
  0
LWPOLYLINE
  5
1F8
330
17
100
AcDbEntity
  8
CLEARING_LIMITS
100
AcDbPolyline
 90
4
 70
0
 10
2875.0
 20
1626.9999186197917
 10
2876.000213623047
 20
1634.999974568685
 10
2860.0001017252607
 20
1628.999964396159
 10
2875.0
 20
1626.9999186197917
  0
POINT
  5
1F9
330
17
100
AcDbEntity
  8
STAKE_NODES
100
AcDbPoint
 10
2875.0
 20
1626.9999186197917
 30
0.0
  0
POINT
  5
1FA
330
17
100
AcDbEntity
  8
STAKE_NODES
100
AcDbPoint
 10
2876.000213623047
 20
1634.999974568685
 30
0.0
  0
POINT
  5
1FB
330
17
100
AcDbEntity
  8
STAKE_NODES
100
AcDbPoint
 10
2860.0001017252607
 20
1628.999964396159
 30
0.0
  0
LWPOLYLINE
  5
1FC
330
17
100
AcDbEntity
  8
CLEARING_LIMITS
100
AcDbPolyline
 90
4
 70
0
 10
2876.000213623047
 20
1634.999974568685
 10
2860.0001017252607
 20
1628.999964396159
 10
2862.0000203450522
 20
1636.9998931884768
 10
2876.000213623047
 20
1634.999974568685
  0
POINT
  5
1FD
330
17
100
AcDbEntity
  8
STAKE_NODES
100
AcDbPoint
 10
2862.0000203450522
 20
1636.9998931884768
 30
0.0
  0
LWPOLYLINE
  5
1FE
330
17
100
AcDbEntity
  8
CLEARING_LIMITS
100
AcDbPolyline
 90
4
 70
0
 10
2845.000203450521
 20
1631.999969482422
 10
2847.0001220703125
 20
1639.9998982747397
 10
2772.0001220703125
 20
1644.9999491373699
 10
2845.000203450521
 20
1631.999969482422
  0
POINT
  5
1FF
330
17
100
AcDbEntity
  8
STAKE_NODES
100
AcDbPoint
 10
2845.000203450521
 20
1631.999969482422
 30
0.0
  0
POINT
  5
200
330
17
100
AcDbEntity
  8
STAKE_NODES
100
AcDbPoint
 10
2847.0001220703125
 20
1639.9998982747397
 30
0.0
  0
POINT
  5
201
330
17
100
AcDbEntity
  8
STAKE_NODES
100
AcDbPoint
 10
2772.0001220703125
 20
1644.9999491373699
 30
0.0
  0
LWPOLYLINE
  5
202
330
17
100
AcDbEntity
  8
CLEARING_LIMITS
100
AcDbPolyline
 90
4
 70
0
 10
2847.0001220703125
 20
1639.9998982747397
 10
2772.0001220703125
 20
1644.9999491373699
 10
2773.0000813802085
 20
1652.9998779296877
 10
2847.0001220703125
 20
1639.9998982747397
  0
POINT
  5
203
330
17
100
AcDbEntity
  8
STAKE_NODES
100
AcDbPoint
 10
2773.0000813802085
 20
1652.9998779296877
 30
0.0
  0
LWPOLYLINE
  5
204
330
17
100
AcDbEntity
  8
CLEARING_LIMITS
100
AcDbPolyline
 90
4
 70
0
 10
2756.999969482422
 20
1646.9998677571616
 10
2758.0001831054688
 20
1654.999923706055
 10
2742.0000712076826
 20
1649.9998728434246
 10
2756.999969482422
 20
1646.9998677571616
  0
POINT
  5
205
330
17
100
AcDbEntity
  8
STAKE_NODES
100
AcDbPoint
 10
2756.999969482422
 20
1646.9998677571616
 30
0.0
  0
POINT
  5
206
330
17
100
AcDbEntity
  8
STAKE_NODES
100
AcDbPoint
 10
2758.0001831054688
 20
1654.999923706055
 30
0.0
  0
POINT
  5
207
330
17
100
AcDbEntity
  8
STAKE_NODES
100
AcDbPoint
 10
2742.0000712076826
 20
1649.9998728434246
 30
0.0
  0
LWPOLYLINE
  5
208
330
17
100
AcDbEntity
  8
CLEARING_LIMITS
100
AcDbPolyline
 90
4
 70
0
 10
2758.0001831054688
 20
1654.999923706055
 10
2742.0000712076826
 20
1649.9998728434246
 10
2743.000030517578
 20
1657.9999287923179
 10
2758.0001831054688
 20
1654.999923706055
  0
POINT
  5
209
330
17
100
AcDbEntity
  8
STAKE_NODES
100
AcDbPoint
 10
2743.000030517578
 20
1657.9999287923179
 30
0.0
  0
LWPOLYLINE
  5
20A
330
17
100
AcDbEntity
  8
CLEARING_LIMITS
100
AcDbPolyline
 90
4
 70
0
 10
2727.000172932943
 20
1652.9998779296877
 10
2729.0000915527344
 20
1659.999974568685
 10
2712.0000203450522
 20
1654.999923706055
 10
2727.000172932943
 20
1652.9998779296877
  0
POINT
  5
20B
330
17
100
AcDbEntity
  8
STAKE_NODES
100
AcDbPoint
 10
2727.000172932943
 20
1652.9998779296877
 30
0.0
  0
POINT
  5
20C
330
17
100
AcDbEntity
  8
STAKE_NODES
100
AcDbPoint
 10
2729.0000915527344
 20
1659.999974568685
 30
0.0
  0
POINT
  5
20D
330
17
100
AcDbEntity
  8
STAKE_NODES
100
AcDbPoint
 10
2712.0000203450522
 20
1654.999923706055
 30
0.0
  0
LWPOLYLINE
  5
20E
330
17
100
AcDbEntity
  8
CLEARING_LIMITS
100
AcDbPolyline
 90
4
 70
0
 10
2729.0000915527344
 20
1659.999974568685
 10
2712.0000203450522
 20
1654.999923706055
 10
2714.000193277995
 20
1662.999979654948
 10
2729.0000915527344
 20
1659.999974568685
  0
POINT
  5
20F
330
17
100
AcDbEntity
  8
STAKE_NODES
100
AcDbPoint
 10
2714.000193277995
 20
1662.999979654948
 30
0.0
  0
LWPOLYLINE
  5
210
330
17
100
AcDbEntity
  8
CLEARING_LIMITS
100
AcDbPolyline
 90
4
 70
0
 10
2698.0000813802085
 20
1657.9999287923179
 10
2699.0000406901045
 20
1665.9998575846355
 10
2624.0000406901045
 20
1670.9999084472659
 10
2698.0000813802085
 20
1657.9999287923179
  0
POINT
  5
211
330
17
100
AcDbEntity
  8
STAKE_NODES
100
AcDbPoint
 10
2698.0000813802085
 20
1657.9999287923179
 30
0.0
  0
POINT
  5
212
330
17
100
AcDbEntity
  8
STAKE_NODES
100
AcDbPoint
 10
2699.0000406901045
 20
1665.9998575846355
 30
0.0
  0
POINT
  5
213
330
17
100
AcDbEntity
  8
STAKE_NODES
100
AcDbPoint
 10
2624.0000406901045
 20
1670.9999084472659
 30
0.0
  0
LWPOLYLINE
  5
214
330
17
100
AcDbEntity
  8
CLEARING_LIMITS
100
AcDbPolyline
 90
4
 70
0
 10
2699.0000406901045
 20
1665.9998575846355
 10
2624.0000406901045
 20
1670.9999084472659
 10
2625.0
 20
1678.999964396159
 10
2699.0000406901045
 20
1665.9998575846355
  0
POINT
  5
215
330
17
100
AcDbEntity
  8
STAKE_NODES
100
AcDbPoint
 10
2625.0
 20
1678.999964396159
 30
0.0
  0
LWPOLYLINE
  5
216
330
17
100
AcDbEntity
  8
CLEARING_LIMITS
100
AcDbPolyline
 90
4
 70
0
 10
2609.0001424153647
 20
1672.999954223633
 10
2610.0001017252607
 20
1680.9998830159507
 10
2593.999989827474
 20
1675.999959309896
 10
2609.0001424153647
 20
1672.999954223633
  0
POINT
  5
217
330
17
100
AcDbEntity
  8
STAKE_NODES
100
AcDbPoint
 10
2609.0001424153647
 20
1672.999954223633
 30
0.0
  0
POINT
  5
218
330
17
100
AcDbEntity
  8
STAKE_NODES
100
AcDbPoint
 10
2610.0001017252607
 20
1680.9998830159507
 30
0.0
  0
POINT
  5
219
330
17
100
AcDbEntity
  8
STAKE_NODES
100
AcDbPoint
 10
2593.999989827474
 20
1675.999959309896
 30
0.0
  0
LWPOLYLINE
  5
21A
330
17
100
AcDbEntity
  8
CLEARING_LIMITS
100
AcDbPolyline
 90
4
 70
0
 10
2610.0001017252607
 20
1680.9998830159507
 10
2593.999989827474
 20
1675.999959309896
 10
2596.000162760417
 20
1683.9998881022136
 10
2610.0001017252607
 20
1680.9998830159507
  0
POINT
  5
21B
330
17
100
AcDbEntity
  8
STAKE_NODES
100
AcDbPoint
 10
2596.000162760417
 20
1683.9998881022136
 30
0.0
  0
LWPOLYLINE
  5
21C
330
17
100
AcDbEntity
  8
CLEARING_LIMITS
100
AcDbPolyline
 90
4
 70
0
 10
2579.0000915527344
 20
1678.999964396159
 10
2581.0000101725263
 20
1685.9999338785808
 10
2565.0001525878906
 20
1680.9998830159507
 10
2579.0000915527344
 20
1678.999964396159
  0
POINT
  5
21D
330
17
100
AcDbEntity
  8
STAKE_NODES
100
AcDbPoint
 10
2579.0000915527344
 20
1678.999964396159
 30
0.0
  0
POINT
  5
21E
330
17
100
AcDbEntity
  8
STAKE_NODES
100
AcDbPoint
 10
2581.0000101725263
 20
1685.9999338785808
 30
0.0
  0
POINT
  5
21F
330
17
100
AcDbEntity
  8
STAKE_NODES
100
AcDbPoint
 10
2565.0001525878906
 20
1680.9998830159507
 30
0.0
  0
LWPOLYLINE
  5
220
330
17
100
AcDbEntity
  8
CLEARING_LIMITS
100
AcDbPolyline
 90
4
 70
0
 10
2581.0000101725263
 20
1685.9999338785808
 10
2565.0001525878906
 20
1680.9998830159507
 10
2566.0001118977866
 20
1688.999938964844
 10
2581.0000101725263
 20
1685.9999338785808
  0
POINT
  5
221
330
17
100
AcDbEntity
  8
STAKE_NODES
100
AcDbPoint
 10
2566.0001118977866
 20
1688.999938964844
 30
0.0
  0
LWPOLYLINE
  5
222
330
17
100
AcDbEntity
  8
CLEARING_LIMITS
100
AcDbPolyline
 90
4
 70
0
 10
2550.0
 20
1683.9998881022136
 10
2551.000213623047
 20
1691.999944051107
 10
2476.000213623047
 20
1696.9998677571616
 10
2550.0
 20
1683.9998881022136
  0
POINT
  5
223
330
17
100
AcDbEntity
  8
STAKE_NODES
100
AcDbPoint
 10
2550.0
 20
1683.9998881022136
 30
0.0
  0
POINT
  5
224
330
17
100
AcDbEntity
  8
STAKE_NODES
100
AcDbPoint
 10
2551.000213623047
 20
1691.999944051107
 30
0.0
  0
POINT
  5
225
330
17
100
AcDbEntity
  8
STAKE_NODES
100
AcDbPoint
 10
2476.000213623047
 20
1696.9998677571616
 30
0.0
  0
LWPOLYLINE
  5
226
330
17
100
AcDbEntity
  8
CLEARING_LIMITS
100
AcDbPolyline
 90
4
 70
0
 10
2551.000213623047
 20
1691.999944051107
 10
2476.000213623047
 20
1696.9998677571616
 10
2477.000172932943
 20
1704.999923706055
 10
2551.000213623047
 20
1691.999944051107
  0
POINT
  5
227
330
17
100
AcDbEntity
  8
STAKE_NODES
100
AcDbPoint
 10
2477.000172932943
 20
1704.999923706055
 30
0.0
  0
LWPOLYLINE
  5
228
330
17
100
AcDbEntity
  8
CLEARING_LIMITS
100
AcDbPolyline
 90
4
 70
0
 10
2461.0000610351562
 20
1698.9999135335288
 10
2462.999979654948
 20
1706.999969482422
 10
2446.000162760417
 20
1701.9999186197917
 10
2461.0000610351562
 20
1698.9999135335288
  0
POINT
  5
229
330
17
100
AcDbEntity
  8
STAKE_NODES
100
AcDbPoint
 10
2461.0000610351562
 20
1698.9999135335288
 30
0.0
  0
POINT
  5
22A
330
17
100
AcDbEntity
  8
STAKE_NODES
100
AcDbPoint
 10
2462.999979654948
 20
1706.999969482422
 30
0.0
  0
POINT
  5
22B
330
17
100
AcDbEntity
  8
STAKE_NODES
100
AcDbPoint
 10
2446.000162760417
 20
1701.9999186197917
 30
0.0
  0
LWPOLYLINE
  5
22C
330
17
100
AcDbEntity
  8
CLEARING_LIMITS
100
AcDbPolyline
 90
4
 70
0
 10
2462.999979654948
 20
1706.999969482422
 10
2446.000162760417
 20
1701.9999186197917
 10
2448.0000813802085
 20
1709.999974568685
 10
2462.999979654948
 20
1706.999969482422
  0
POINT
  5
22D
330
17
100
AcDbEntity
  8
STAKE_NODES
100
AcDbPoint
 10
2448.0000813802085
 20
1709.999974568685
 30
0.0
  0
LWPOLYLINE
  5
22E
330
17
100
AcDbEntity
  8
CLEARING_LIMITS
100
AcDbPolyline
 90
4
 70
0
 10
2432.000223795573
 20
1704.999923706055
 10
2433.0001831054688
 20
1711.9998931884768
 10
2417.0000712076826
 20
1706.999969482422
 10
2432.000223795573
 20
1704.999923706055
  0
POINT
  5
22F
330
17
100
AcDbEntity
  8
STAKE_NODES
100
AcDbPoint
 10
2432.000223795573
 20
1704.999923706055
 30
0.0
  0
POINT
  5
230
330
17
100
AcDbEntity
  8
STAKE_NODES
100
AcDbPoint
 10
2433.0001831054688
 20
1711.9998931884768
 30
0.0
  0
POINT
  5
231
330
17
100
AcDbEntity
  8
STAKE_NODES
100
AcDbPoint
 10
2417.0000712076826
 20
1706.999969482422
 30
0.0
  0
LWPOLYLINE
  5
232
330
17
100
AcDbEntity
  8
CLEARING_LIMITS
100
AcDbPolyline
 90
4
 70
0
 10
2433.0001831054688
 20
1711.9998931884768
 10
2417.0000712076826
 20
1706.999969482422
 10
2418.000030517578
 20
1714.9998982747397
 10
2433.0001831054688
 20
1711.9998931884768
  0
POINT
  5
233
330
17
100
AcDbEntity
  8
STAKE_NODES
100
AcDbPoint
 10
2418.000030517578
 20
1714.9998982747397
 30
0.0
  0
LWPOLYLINE
  5
234
330
17
100
AcDbEntity
  8
CLEARING_LIMITS
100
AcDbPolyline
 90
4
 70
0
 10
2402.000172932943
 20
1709.999974568685
 10
2403.000132242839
 20
1717.9999033610027
 10
2328.000132242839
 20
1722.999954223633
 10
2402.000172932943
 20
1709.999974568685
  0
POINT
  5
235
330
17
100
AcDbEntity
  8
STAKE_NODES
100
AcDbPoint
 10
2402.000172932943
 20
1709.999974568685
 30
0.0
  0
POINT
  5
236
330
17
100
AcDbEntity
  8
STAKE_NODES
100
AcDbPoint
 10
2403.000132242839
 20
1717.9999033610027
 30
0.0
  0
POINT
  5
237
330
17
100
AcDbEntity
  8
STAKE_NODES
100
AcDbPoint
 10
2328.000132242839
 20
1722.999954223633
 30
0.0
  0
LWPOLYLINE
  5
238
330
17
100
AcDbEntity
  8
CLEARING_LIMITS
100
AcDbPolyline
 90
4
 70
0
 10
2403.000132242839
 20
1717.9999033610027
 10
2328.000132242839
 20
1722.999954223633
 10
2330.0000508626304
 20
1730.9998830159507
 10
2403.000132242839
 20
1717.9999033610027
  0
POINT
  5
239
330
17
100
AcDbEntity
  8
STAKE_NODES
100
AcDbPoint
 10
2330.0000508626304
 20
1730.9998830159507
 30
0.0
  0
LWPOLYLINE
  5
23A
330
17
100
AcDbEntity
  8
CLEARING_LIMITS
100
AcDbPolyline
 90
4
 70
0
 10
2312.999979654948
 20
1724.9998728434246
 10
2315.0001525878906
 20
1732.9999287923179
 10
2299.0000406901045
 20
1727.9998779296877
 10
2312.999979654948
 20
1724.9998728434246
  0
POINT
  5
23B
330
17
100
AcDbEntity
  8
STAKE_NODES
100
AcDbPoint
 10
2312.999979654948
 20
1724.9998728434246
 30
0.0
  0
POINT
  5
23C
330
17
100
AcDbEntity
  8
STAKE_NODES
100
AcDbPoint
 10
2315.0001525878906
 20
1732.9999287923179
 30
0.0
  0
POINT
  5
23D
330
17
100
AcDbEntity
  8
STAKE_NODES
100
AcDbPoint
 10
2299.0000406901045
 20
1727.9998779296877
 30
0.0
  0
LWPOLYLINE
  5
23E
330
17
100
AcDbEntity
  8
CLEARING_LIMITS
100
AcDbPolyline
 90
4
 70
0
 10
2315.0001525878906
 20
1732.9999287923179
 10
2299.0000406901045
 20
1727.9998779296877
 10
2300.0
 20
1735.9999338785808
 10
2315.0001525878906
 20
1732.9999287923179
  0
POINT
  5
23F
330
17
100
AcDbEntity
  8
STAKE_NODES
100
AcDbPoint
 10
2300.0
 20
1735.9999338785808
 30
0.0
  0
LWPOLYLINE
  5
240
330
17
100
AcDbEntity
  8
CLEARING_LIMITS
100
AcDbPolyline
 90
4
 70
0
 10
2284.0001424153647
 20
1729.999923706055
 10
2285.0001017252607
 20
1737.999979654948
 10
2268.999989827474
 20
1732.9999287923179
 10
2284.0001424153647
 20
1729.999923706055
  0
POINT
  5
241
330
17
100
AcDbEntity
  8
STAKE_NODES
100
AcDbPoint
 10
2284.0001424153647
 20
1729.999923706055
 30
0.0
  0
POINT
  5
242
330
17
100
AcDbEntity
  8
STAKE_NODES
100
AcDbPoint
 10
2285.0001017252607
 20
1737.999979654948
 30
0.0
  0
POINT
  5
243
330
17
100
AcDbEntity
  8
STAKE_NODES
100
AcDbPoint
 10
2268.999989827474
 20
1732.9999287923179
 30
0.0
  0
LWPOLYLINE
  5
244
330
17
100
AcDbEntity
  8
CLEARING_LIMITS
100
AcDbPolyline
 90
4
 70
0
 10
2285.0001017252607
 20
1737.999979654948
 10
2268.999989827474
 20
1732.9999287923179
 10
2270.000203450521
 20
1740.9998575846355
 10
2285.0001017252607
 20
1737.999979654948
  0
POINT
  5
245
330
17
100
AcDbEntity
  8
STAKE_NODES
100
AcDbPoint
 10
2270.000203450521
 20
1740.9998575846355
 30
0.0
  0
LWPOLYLINE
  5
246
330
17
100
AcDbEntity
  8
CLEARING_LIMITS
100
AcDbPolyline
 90
4
 70
0
 10
2253.000132242839
 20
1739.9998982747397
 10
2260.0001017252607
 20
1744.9999491373699
 10
2212.999979654948
 20
1802.9998779296877
 10
2253.000132242839
 20
1739.9998982747397
  0
POINT
  5
247
330
17
100
AcDbEntity
  8
STAKE_NODES
100
AcDbPoint
 10
2253.000132242839
 20
1739.9998982747397
 30
0.0
  0
POINT
  5
248
330
17
100
AcDbEntity
  8
STAKE_NODES
100
AcDbPoint
 10
2260.0001017252607
 20
1744.9999491373699
 30
0.0
  0
POINT
  5
249
330
17
100
AcDbEntity
  8
STAKE_NODES
100
AcDbPoint
 10
2212.999979654948
 20
1802.9998779296877
 30
0.0
  0
LWPOLYLINE
  5
24A
330
17
100
AcDbEntity
  8
CLEARING_LIMITS
100
AcDbPolyline
 90
4
 70
0
 10
2260.0001017252607
 20
1744.9999491373699
 10
2212.999979654948
 20
1802.9998779296877
 10
2218.999989827474
 20
1807.9999287923179
 10
2260.0001017252607
 20
1744.9999491373699
  0
POINT
  5
24B
330
17
100
AcDbEntity
  8
STAKE_NODES
100
AcDbPoint
 10
2218.999989827474
 20
1807.9999287923179
 30
0.0
  0
LWPOLYLINE
  5
24C
330
17
100
AcDbEntity
  8
CLEARING_LIMITS
100
AcDbPolyline
 90
4
 70
0
 10
2205.0000508626304
 20
1815.9998575846355
 10
2211.0000610351562
 20
1819.9999491373699
 10
2196.000162760417
 20
1827.9998779296877
 10
2205.0000508626304
 20
1815.9998575846355
  0
POINT
  5
24D
330
17
100
AcDbEntity
  8
STAKE_NODES
100
AcDbPoint
 10
2205.0000508626304
 20
1815.9998575846355
 30
0.0
  0
POINT
  5
24E
330
17
100
AcDbEntity
  8
STAKE_NODES
100
AcDbPoint
 10
2211.0000610351562
 20
1819.9999491373699
 30
0.0
  0
POINT
  5
24F
330
17
100
AcDbEntity
  8
STAKE_NODES
100
AcDbPoint
 10
2196.000162760417
 20
1827.9998779296877
 30
0.0
  0
LWPOLYLINE
  5
250
330
17
100
AcDbEntity
  8
CLEARING_LIMITS
100
AcDbPolyline
 90
4
 70
0
 10
2211.0000610351562
 20
1819.9999491373699
 10
2196.000162760417
 20
1827.9998779296877
 10
2203.000132242839
 20
1832.9999287923179
 10
2211.0000610351562
 20
1819.9999491373699
  0
POINT
  5
251
330
17
100
AcDbEntity
  8
STAKE_NODES
100
AcDbPoint
 10
2203.000132242839
 20
1832.9999287923179
 30
0.0
  0
LWPOLYLINE
  5
252
330
17
100
AcDbEntity
  8
CLEARING_LIMITS
100
AcDbPolyline
 90
4
 70
0
 10
2187.999979654948
 20
1840.9998575846355
 10
2195.000203450521
 20
1844.9999491373699
 10
2180.0000508626304
 20
1853.999964396159
 10
2187.999979654948
 20
1840.9998575846355
  0
POINT
  5
253
330
17
100
AcDbEntity
  8
STAKE_NODES
100
AcDbPoint
 10
2187.999979654948
 20
1840.9998575846355
 30
0.0
  0
POINT
  5
254
330
17
100
AcDbEntity
  8
STAKE_NODES
100
AcDbPoint
 10
2195.000203450521
 20
1844.9999491373699
 30
0.0
  0
POINT
  5
255
330
17
100
AcDbEntity
  8
STAKE_NODES
100
AcDbPoint
 10
2180.0000508626304
 20
1853.999964396159
 30
0.0
  0
LWPOLYLINE
  5
256
330
17
100
AcDbEntity
  8
CLEARING_LIMITS
100
AcDbPolyline
 90
4
 70
0
 10
2195.000203450521
 20
1844.9999491373699
 10
2180.0000508626304
 20
1853.999964396159
 10
2187.0000203450522
 20
1857.9999287923179
 10
2195.000203450521
 20
1844.9999491373699
  0
POINT
  5
257
330
17
100
AcDbEntity
  8
STAKE_NODES
100
AcDbPoint
 10
2187.0000203450522
 20
1857.9999287923179
 30
0.0
  0
LWPOLYLINE
  5
258
330
17
100
AcDbEntity
  8
CLEARING_LIMITS
100
AcDbPolyline
 90
4
 70
0
 10
2172.0001220703125
 20
1865.9998575846355
 10
2179.0000915527344
 20
1870.9999084472659
 10
2131.0000101725263
 20
1928.999964396159
 10
2172.0001220703125
 20
1865.9998575846355
  0
POINT
  5
259
330
17
100
AcDbEntity
  8
STAKE_NODES
100
AcDbPoint
 10
2172.0001220703125
 20
1865.9998575846355
 30
0.0
  0
POINT
  5
25A
330
17
100
AcDbEntity
  8
STAKE_NODES
100
AcDbPoint
 10
2179.0000915527344
 20
1870.9999084472659
 30
0.0
  0
POINT
  5
25B
330
17
100
AcDbEntity
  8
STAKE_NODES
100
AcDbPoint
 10
2131.0000101725263
 20
1928.999964396159
 30
0.0
  0
LWPOLYLINE
  5
25C
330
17
100
AcDbEntity
  8
CLEARING_LIMITS
100
AcDbPolyline
 90
4
 70
0
 10
2179.0000915527344
 20
1870.9999084472659
 10
2131.0000101725263
 20
1928.999964396159
 10
2137.999979654948
 20
1933.9998881022136
 10
2179.0000915527344
 20
1870.9999084472659
  0
POINT
  5
25D
330
17
100
AcDbEntity
  8
STAKE_NODES
100
AcDbPoint
 10
2137.999979654948
 20
1933.9998881022136
 30
0.0
  0
LWPOLYLINE
  5
25E
330
17
100
AcDbEntity
  8
CLEARING_LIMITS
100
AcDbPolyline
 90
4
 70
0
 10
2122.0001220703125
 20
1940.9998575846355
 10
2129.0000915527344
 20
1945.9999084472659
 10
2112.999979654948
 20
1952.9998779296877
 10
2122.0001220703125
 20
1940.9998575846355
  0
POINT
  5
25F
330
17
100
AcDbEntity
  8
STAKE_NODES
100
AcDbPoint
 10
2122.0001220703125
 20
1940.9998575846355
 30
0.0
  0
POINT
  5
260
330
17
100
AcDbEntity
  8
STAKE_NODES
100
AcDbPoint
 10
2129.0000915527344
 20
1945.9999084472659
 30
0.0
  0
POINT
  5
261
330
17
100
AcDbEntity
  8
STAKE_NODES
100
AcDbPoint
 10
2112.999979654948
 20
1952.9998779296877
 30
0.0
  0
LWPOLYLINE
  5
262
330
17
100
AcDbEntity
  8
CLEARING_LIMITS
100
AcDbPolyline
 90
4
 70
0
 10
2129.0000915527344
 20
1945.9999084472659
 10
2112.999979654948
 20
1952.9998779296877
 10
2120.000203450521
 20
1957.9999287923179
 10
2129.0000915527344
 20
1945.9999084472659
  0
POINT
  5
263
330
17
100
AcDbEntity
  8
STAKE_NODES
100
AcDbPoint
 10
2120.000203450521
 20
1957.9999287923179
 30
0.0
  0
LWPOLYLINE
  5
264
330
17
100
AcDbEntity
  8
CLEARING_LIMITS
100
AcDbPolyline
 90
4
 70
0
 10
2104.0000915527344
 20
1964.9998982747397
 10
2111.0000610351562
 20
1969.9999491373699
 10
2095.000203450521
 20
1976.9999186197917
 10
2104.0000915527344
 20
1964.9998982747397
  0
POINT
  5
265
330
17
100
AcDbEntity
  8
STAKE_NODES
100
AcDbPoint
 10
2104.0000915527344
 20
1964.9998982747397
 30
0.0
  0
POINT
  5
266
330
17
100
AcDbEntity
  8
STAKE_NODES
100
AcDbPoint
 10
2111.0000610351562
 20
1969.9999491373699
 30
0.0
  0
POINT
  5
267
330
17
100
AcDbEntity
  8
STAKE_NODES
100
AcDbPoint
 10
2095.000203450521
 20
1976.9999186197917
 30
0.0
  0
LWPOLYLINE
  5
268
330
17
100
AcDbEntity
  8
CLEARING_LIMITS
100
AcDbPolyline
 90
4
 70
0
 10
2111.0000610351562
 20
1969.9999491373699
 10
2095.000203450521
 20
1976.9999186197917
 10
2102.000172932943
 20
1981.999969482422
 10
2111.0000610351562
 20
1969.9999491373699
  0
POINT
  5
269
330
17
100
AcDbEntity
  8
STAKE_NODES
100
AcDbPoint
 10
2102.000172932943
 20
1981.999969482422
 30
0.0
  0
LWPOLYLINE
  5
26A
330
17
100
AcDbEntity
  8
CLEARING_LIMITS
100
AcDbPolyline
 90
4
 70
0
 10
2086.0000610351562
 20
1988.999938964844
 10
2093.000030517578
 20
1993.9998626708987
 10
2041.0001118977866
 20
2048.999913533529
 10
2086.0000610351562
 20
1988.999938964844
  0
POINT
  5
26B
330
17
100
AcDbEntity
  8
STAKE_NODES
100
AcDbPoint
 10
2086.0000610351562
 20
1988.999938964844
 30
0.0
  0
POINT
  5
26C
330
17
100
AcDbEntity
  8
STAKE_NODES
100
AcDbPoint
 10
2093.000030517578
 20
1993.9998626708987
 30
0.0
  0
POINT
  5
26D
330
17
100
AcDbEntity
  8
STAKE_NODES
100
AcDbPoint
 10
2041.0001118977866
 20
2048.999913533529
 30
0.0
  0
LWPOLYLINE
  5
26E
330
17
100
AcDbEntity
  8
CLEARING_LIMITS
100
AcDbPolyline
 90
4
 70
0
 10
2093.000030517578
 20
1993.9998626708987
 10
2041.0001118977866
 20
2048.999913533529
 10
2048.0000813802085
 20
2053.999964396159
 10
2093.000030517578
 20
1993.9998626708987
  0
POINT
  5
26F
330
17
100
AcDbEntity
  8
STAKE_NODES
100
AcDbPoint
 10
2048.0000813802085
 20
2053.999964396159
 30
0.0
  0
LWPOLYLINE
  5
270
330
17
100
AcDbEntity
  8
CLEARING_LIMITS
100
AcDbPolyline
 90
4
 70
0
 10
2032.000223795573
 20
2060.9998067220054
 10
2039.0001932779949
 20
2065.9998575846357
 10
2023.0000813802085
 20
2072.9998270670576
 10
2032.000223795573
 20
2060.9998067220054
  0
POINT
  5
271
330
17
100
AcDbEntity
  8
STAKE_NODES
100
AcDbPoint
 10
2032.000223795573
 20
2060.9998067220054
 30
0.0
  0
POINT
  5
272
330
17
100
AcDbEntity
  8
STAKE_NODES
100
AcDbPoint
 10
2039.0001932779949
 20
2065.9998575846357
 30
0.0
  0
POINT
  5
273
330
17
100
AcDbEntity
  8
STAKE_NODES
100
AcDbPoint
 10
2023.0000813802085
 20
2072.9998270670576
 30
0.0
  0
LWPOLYLINE
  5
274
330
17
100
AcDbEntity
  8
CLEARING_LIMITS
100
AcDbPolyline
 90
4
 70
0
 10
2039.0001932779949
 20
2065.9998575846357
 10
2023.0000813802085
 20
2072.9998270670576
 10
2030.0000508626304
 20
2077.9998779296875
 10
2039.0001932779949
 20
2065.9998575846357
  0
POINT
  5
275
330
17
100
AcDbEntity
  8
STAKE_NODES
100
AcDbPoint
 10
2030.0000508626304
 20
2077.9998779296875
 30
0.0
  0
LWPOLYLINE
  5
276
330
17
100
AcDbEntity
  8
CLEARING_LIMITS
100
AcDbPolyline
 90
4
 70
0
 10
2014.0001932779949
 20
2084.9998474121094
 10
2021.0001627604167
 20
2089.9998982747397
 10
2005.0000508626304
 20
2096.9998677571616
 10
2014.0001932779949
 20
2084.9998474121094
  0
POINT
  5
277
330
17
100
AcDbEntity
  8
STAKE_NODES
100
AcDbPoint
 10
2014.0001932779949
 20
2084.9998474121094
 30
0.0
  0
POINT
  5
278
330
17
100
AcDbEntity
  8
STAKE_NODES
100
AcDbPoint
 10
2021.0001627604167
 20
2089.9998982747397
 30
0.0
  0
POINT
  5
279
330
17
100
AcDbEntity
  8
STAKE_NODES
100
AcDbPoint
 10
2005.0000508626304
 20
2096.9998677571616
 30
0.0
  0
LWPOLYLINE
  5
27A
330
17
100
AcDbEntity
  8
CLEARING_LIMITS
100
AcDbPolyline
 90
4
 70
0
 10
2021.0001627604167
 20
2089.9998982747397
 10
2005.0000508626304
 20
2096.9998677571616
 10
2012.0000203450522
 20
2101.999918619792
 10
2021.0001627604167
 20
2089.9998982747397
  0
POINT
  5
27B
330
17
100
AcDbEntity
  8
STAKE_NODES
100
AcDbPoint
 10
2012.0000203450522
 20
2101.999918619792
 30
0.0
  0
LWPOLYLINE
  5
27C
330
17
100
AcDbEntity
  8
CLEARING_LIMITS
100
AcDbPolyline
 90
4
 70
0
 10
1997.0001220703127
 20
2106.0000101725263
 10
1999.0000406901042
 20
2112.999979654948
 10
1946.0001627604167
 20
2120.9999084472656
 10
1997.0001220703127
 20
2106.0000101725263
  0
POINT
  5
27D
330
17
100
AcDbEntity
  8
STAKE_NODES
100
AcDbPoint
 10
1997.0001220703127
 20
2106.0000101725263
 30
0.0
  0
POINT
  5
27E
330
17
100
AcDbEntity
  8
STAKE_NODES
100
AcDbPoint
 10
1999.0000406901042
 20
2112.999979654948
 30
0.0
  0
POINT
  5
27F
330
17
100
AcDbEntity
  8
STAKE_NODES
100
AcDbPoint
 10
1946.0001627604167
 20
2120.9999084472656
 30
0.0
  0
LWPOLYLINE
  5
280
330
17
100
AcDbEntity
  8
CLEARING_LIMITS
100
AcDbPolyline
 90
4
 70
0
 10
1999.0000406901042
 20
2112.999979654948
 10
1946.0001627604167
 20
2120.9999084472656
 10
1948.0000813802085
 20
2128.9998372395835
 10
1999.0000406901042
 20
2112.999979654948
  0
POINT
  5
281
330
17
100
AcDbEntity
  8
STAKE_NODES
100
AcDbPoint
 10
1948.0000813802085
 20
2128.9998372395835
 30
0.0
  0
LWPOLYLINE
  5
282
330
17
100
AcDbEntity
  8
CLEARING_LIMITS
100
AcDbPolyline
 90
4
 70
0
 10
1947.0001220703127
 20
2120.9999084472656
 10
1947.0001220703127
 20
2128.9998372395835
 10
1926.000213623047
 20
2119.99994913737
 10
1947.0001220703127
 20
2120.9999084472656
  0
POINT
  5
283
330
17
100
AcDbEntity
  8
STAKE_NODES
100
AcDbPoint
 10
1947.0001220703127
 20
2120.9999084472656
 30
0.0
  0
POINT
  5
284
330
17
100
AcDbEntity
  8
STAKE_NODES
100
AcDbPoint
 10
1947.0001220703127
 20
2128.9998372395835
 30
0.0
  0
POINT
  5
285
330
17
100
AcDbEntity
  8
STAKE_NODES
100
AcDbPoint
 10
1926.000213623047
 20
2119.99994913737
 30
0.0
  0
LWPOLYLINE
  5
286
330
17
100
AcDbEntity
  8
CLEARING_LIMITS
100
AcDbPolyline
 90
4
 70
0
 10
1947.0001220703127
 20
2128.9998372395835
 10
1926.000213623047
 20
2119.99994913737
 10
1925.0000000000002
 20
2127.9998779296875
 10
1947.0001220703127
 20
2128.9998372395835
  0
POINT
  5
287
330
17
100
AcDbEntity
  8
STAKE_NODES
100
AcDbPoint
 10
1925.0000000000002
 20
2127.9998779296875
 30
0.0
  0
LWPOLYLINE
  5
288
330
17
100
AcDbEntity
  8
CLEARING_LIMITS
100
AcDbPolyline
 90
4
 70
0
 10
1911.0000610351565
 20
2119.99994913737
 10
1910.0001017252605
 20
2127.9998779296875
 10
1896.0001627604167
 20
2118.999989827474
 10
1911.0000610351565
 20
2119.99994913737
  0
POINT
  5
289
330
17
100
AcDbEntity
  8
STAKE_NODES
100
AcDbPoint
 10
1911.0000610351565
 20
2119.99994913737
 30
0.0
  0
POINT
  5
28A
330
17
100
AcDbEntity
  8
STAKE_NODES
100
AcDbPoint
 10
1910.0001017252605
 20
2127.9998779296875
 30
0.0
  0
POINT
  5
28B
330
17
100
AcDbEntity
  8
STAKE_NODES
100
AcDbPoint
 10
1896.0001627604167
 20
2118.999989827474
 30
0.0
  0
LWPOLYLINE
  5
28C
330
17
100
AcDbEntity
  8
CLEARING_LIMITS
100
AcDbPolyline
 90
4
 70
0
 10
1910.0001017252605
 20
2127.9998779296875
 10
1896.0001627604167
 20
2118.999989827474
 10
1895.000203450521
 20
2126.999918619792
 10
1910.0001017252605
 20
2127.9998779296875
  0
POINT
  5
28D
330
17
100
AcDbEntity
  8
STAKE_NODES
100
AcDbPoint
 10
1895.000203450521
 20
2126.999918619792
 30
0.0
  0
LWPOLYLINE
  5
28E
330
17
100
AcDbEntity
  8
CLEARING_LIMITS
100
AcDbPolyline
 90
4
 70
0
 10
1881.0000101725261
 20
2118.000030517578
 10
1880.0000508626304
 20
2125.999959309896
 10
1866.0001118977866
 20
2118.000030517578
 10
1881.0000101725261
 20
2118.000030517578
  0
POINT
  5
28F
330
17
100
AcDbEntity
  8
STAKE_NODES
100
AcDbPoint
 10
1881.0000101725261
 20
2118.000030517578
 30
0.0
  0
POINT
  5
290
330
17
100
AcDbEntity
  8
STAKE_NODES
100
AcDbPoint
 10
1880.0000508626304
 20
2125.999959309896
 30
0.0
  0
POINT
  5
291
330
17
100
AcDbEntity
  8
STAKE_NODES
100
AcDbPoint
 10
1866.0001118977866
 20
2118.000030517578
 30
0.0
  0
LWPOLYLINE
  5
292
330
17
100
AcDbEntity
  8
CLEARING_LIMITS
100
AcDbPolyline
 90
4
 70
0
 10
1880.0000508626304
 20
2125.999959309896
 10
1866.0001118977866
 20
2118.000030517578
 10
1865.0001525878909
 20
2125.999959309896
 10
1880.0000508626304
 20
2125.999959309896
  0
POINT
  5
293
330
17
100
AcDbEntity
  8
STAKE_NODES
100
AcDbPoint
 10
1865.0001525878909
 20
2125.999959309896
 30
0.0
  0
LWPOLYLINE
  5
294
330
17
100
AcDbEntity
  8
CLEARING_LIMITS
100
AcDbPolyline
 90
4
 70
0
 10
1851.000213623047
 20
2116.9998168945312
 10
1850.0000000000002
 20
2125.0
 10
1776.000213623047
 20
2113.9999389648438
 10
1851.000213623047
 20
2116.9998168945312
  0
POINT
  5
295
330
17
100
AcDbEntity
  8
STAKE_NODES
100
AcDbPoint
 10
1851.000213623047
 20
2116.9998168945312
 30
0.0
  0
POINT
  5
296
330
17
100
AcDbEntity
  8
STAKE_NODES
100
AcDbPoint
 10
1850.0000000000002
 20
2125.0
 30
0.0
  0
POINT
  5
297
330
17
100
AcDbEntity
  8
STAKE_NODES
100
AcDbPoint
 10
1776.000213623047
 20
2113.9999389648438
 30
0.0
  0
LWPOLYLINE
  5
298
330
17
100
AcDbEntity
  8
CLEARING_LIMITS
100
AcDbPolyline
 90
4
 70
0
 10
1850.0000000000002
 20
2125.0
 10
1776.000213623047
 20
2113.9999389648438
 10
1775.0000000000002
 20
2121.9998677571616
 10
1850.0000000000002
 20
2125.0
  0
POINT
  5
299
330
17
100
AcDbEntity
  8
STAKE_NODES
100
AcDbPoint
 10
1775.0000000000002
 20
2121.9998677571616
 30
0.0
  0
LWPOLYLINE
  5
29A
330
17
100
AcDbEntity
  8
CLEARING_LIMITS
100
AcDbPolyline
 90
4
 70
0
 10
1761.0000610351565
 20
2112.999979654948
 10
1760.0001017252605
 20
2120.9999084472656
 10
1746.0001627604167
 20
2112.0000203450522
 10
1761.0000610351565
 20
2112.999979654948
  0
POINT
  5
29B
330
17
100
AcDbEntity
  8
STAKE_NODES
100
AcDbPoint
 10
1761.0000610351565
 20
2112.999979654948
 30
0.0
  0
POINT
  5
29C
330
17
100
AcDbEntity
  8
STAKE_NODES
100
AcDbPoint
 10
1760.0001017252605
 20
2120.9999084472656
 30
0.0
  0
POINT
  5
29D
330
17
100
AcDbEntity
  8
STAKE_NODES
100
AcDbPoint
 10
1746.0001627604167
 20
2112.0000203450522
 30
0.0
  0
LWPOLYLINE
  5
29E
330
17
100
AcDbEntity
  8
CLEARING_LIMITS
100
AcDbPolyline
 90
4
 70
0
 10
1760.0001017252605
 20
2120.9999084472656
 10
1746.0001627604167
 20
2112.0000203450522
 10
1745.000203450521
 20
2119.99994913737
 10
1760.0001017252605
 20
2120.9999084472656
  0
POINT
  5
29F
330
17
100
AcDbEntity
  8
STAKE_NODES
100
AcDbPoint
 10
1745.000203450521
 20
2119.99994913737
 30
0.0
  0
LWPOLYLINE
  5
2A0
330
17
100
AcDbEntity
  8
CLEARING_LIMITS
100
AcDbPolyline
 90
4
 70
0
 10
1731.0000101725261
 20
2112.0000203450522
 10
1730.0000508626304
 20
2119.99994913737
 10
1716.0001118977866
 20
2110.9998067220054
 10
1731.0000101725261
 20
2112.0000203450522
  0
POINT
  5
2A1
330
17
100
AcDbEntity
  8
STAKE_NODES
100
AcDbPoint
 10
1731.0000101725261
 20
2112.0000203450522
 30
0.0
  0
POINT
  5
2A2
330
17
100
AcDbEntity
  8
STAKE_NODES
100
AcDbPoint
 10
1730.0000508626304
 20
2119.99994913737
 30
0.0
  0
POINT
  5
2A3
330
17
100
AcDbEntity
  8
STAKE_NODES
100
AcDbPoint
 10
1716.0001118977866
 20
2110.9998067220054
 30
0.0
  0
LWPOLYLINE
  5
2A4
330
17
100
AcDbEntity
  8
CLEARING_LIMITS
100
AcDbPolyline
 90
4
 70
0
 10
1730.0000508626304
 20
2119.99994913737
 10
1716.0001118977866
 20
2110.9998067220054
 10
1715.0001525878909
 20
2118.999989827474
 10
1730.0000508626304
 20
2119.99994913737
  0
POINT
  5
2A5
330
17
100
AcDbEntity
  8
STAKE_NODES
100
AcDbPoint
 10
1715.0001525878909
 20
2118.999989827474
 30
0.0
  0
LWPOLYLINE
  5
2A6
330
17
100
AcDbEntity
  8
CLEARING_LIMITS
100
AcDbPolyline
 90
4
 70
0
 10
1701.000213623047
 20
2110.9998067220054
 10
1700.0000000000002
 20
2118.999989827474
 10
1626.000213623047
 20
2106.999969482422
 10
1701.000213623047
 20
2110.9998067220054
  0
POINT
  5
2A7
330
17
100
AcDbEntity
  8
STAKE_NODES
100
AcDbPoint
 10
1701.000213623047
 20
2110.9998067220054
 30
0.0
  0
POINT
  5
2A8
330
17
100
AcDbEntity
  8
STAKE_NODES
100
AcDbPoint
 10
1700.0000000000002
 20
2118.999989827474
 30
0.0
  0
POINT
  5
2A9
330
17
100
AcDbEntity
  8
STAKE_NODES
100
AcDbPoint
 10
1626.000213623047
 20
2106.999969482422
 30
0.0
  0
LWPOLYLINE
  5
2AA
330
17
100
AcDbEntity
  8
CLEARING_LIMITS
100
AcDbPolyline
 90
4
 70
0
 10
1700.0000000000002
 20
2118.999989827474
 10
1626.000213623047
 20
2106.999969482422
 10
1626.000213623047
 20
2114.9998982747397
 10
1700.0000000000002
 20
2118.999989827474
  0
POINT
  5
2AB
330
17
100
AcDbEntity
  8
STAKE_NODES
100
AcDbPoint
 10
1626.000213623047
 20
2114.9998982747397
 30
0.0
  0
LWPOLYLINE
  5
2AC
330
17
100
AcDbEntity
  8
CLEARING_LIMITS
100
AcDbPolyline
 90
4
 70
0
 10
1611.0000610351565
 20
2106.999969482422
 10
1611.0000610351565
 20
2114.9998982747397
 10
1596.0001627604167
 20
2106.0000101725263
 10
1611.0000610351565
 20
2106.999969482422
  0
POINT
  5
2AD
330
17
100
AcDbEntity
  8
STAKE_NODES
100
AcDbPoint
 10
1611.0000610351565
 20
2106.999969482422
 30
0.0
  0
POINT
  5
2AE
330
17
100
AcDbEntity
  8
STAKE_NODES
100
AcDbPoint
 10
1611.0000610351565
 20
2114.9998982747397
 30
0.0
  0
POINT
  5
2AF
330
17
100
AcDbEntity
  8
STAKE_NODES
100
AcDbPoint
 10
1596.0001627604167
 20
2106.0000101725263
 30
0.0
  0
LWPOLYLINE
  5
2B0
330
17
100
AcDbEntity
  8
CLEARING_LIMITS
100
AcDbPolyline
 90
4
 70
0
 10
1611.0000610351565
 20
2114.9998982747397
 10
1596.0001627604167
 20
2106.0000101725263
 10
1596.0001627604167
 20
2113.9999389648438
 10
1611.0000610351565
 20
2114.9998982747397
  0
POINT
  5
2B1
330
17
100
AcDbEntity
  8
STAKE_NODES
100
AcDbPoint
 10
1596.0001627604167
 20
2113.9999389648438
 30
0.0
  0
LWPOLYLINE
  5
2B2
330
17
100
AcDbEntity
  8
CLEARING_LIMITS
100
AcDbPolyline
 90
4
 70
0
 10
1581.0000101725261
 20
2104.9997965494795
 10
1581.0000101725261
 20
2112.999979654948
 10
1566.0001118977866
 20
2104.9997965494795
 10
1581.0000101725261
 20
2104.9997965494795
  0
POINT
  5
2B3
330
17
100
AcDbEntity
  8
STAKE_NODES
100
AcDbPoint
 10
1581.0000101725261
 20
2104.9997965494795
 30
0.0
  0
POINT
  5
2B4
330
17
100
AcDbEntity
  8
STAKE_NODES
100
AcDbPoint
 10
1581.0000101725261
 20
2112.999979654948
 30
0.0
  0
POINT
  5
2B5
330
17
100
AcDbEntity
  8
STAKE_NODES
100
AcDbPoint
 10
1566.0001118977866
 20
2104.9997965494795
 30
0.0
  0
LWPOLYLINE
  5
2B6
330
17
100
AcDbEntity
  8
CLEARING_LIMITS
100
AcDbPolyline
 90
4
 70
0
 10
1581.0000101725261
 20
2112.999979654948
 10
1566.0001118977866
 20
2104.9997965494795
 10
1566.0001118977866
 20
2112.999979654948
 10
1581.0000101725261
 20
2112.999979654948
  0
POINT
  5
2B7
330
17
100
AcDbEntity
  8
STAKE_NODES
100
AcDbPoint
 10
1566.0001118977866
 20
2112.999979654948
 30
0.0
  0
LWPOLYLINE
  5
2B8
330
17
100
AcDbEntity
  8
CLEARING_LIMITS
100
AcDbPolyline
 90
4
 70
0
 10
1551.0002136230469
 20
2103.9998372395835
 10
1551.0002136230469
 20
2112.0000203450522
 10
1498.0000813802085
 20
2101.999918619792
 10
1551.0002136230469
 20
2103.9998372395835
  0
POINT
  5
2B9
330
17
100
AcDbEntity
  8
STAKE_NODES
100
AcDbPoint
 10
1551.0002136230469
 20
2103.9998372395835
 30
0.0
  0
POINT
  5
2BA
330
17
100
AcDbEntity
  8
STAKE_NODES
100
AcDbPoint
 10
1551.0002136230469
 20
2112.0000203450522
 30
0.0
  0
POINT
  5
2BB
330
17
100
AcDbEntity
  8
STAKE_NODES
100
AcDbPoint
 10
1498.0000813802085
 20
2101.999918619792
 30
0.0
  0
LWPOLYLINE
  5
2BC
330
17
100
AcDbEntity
  8
CLEARING_LIMITS
100
AcDbPolyline
 90
4
 70
0
 10
1551.0002136230469
 20
2112.0000203450522
 10
1498.0000813802085
 20
2101.999918619792
 10
1498.0000813802085
 20
2109.9998474121094
 10
1551.0002136230469
 20
2112.0000203450522
  0
POINT
  5
2BD
330
17
100
AcDbEntity
  8
STAKE_NODES
100
AcDbPoint
 10
1498.0000813802085
 20
2109.9998474121094
 30
0.0
  0
LWPOLYLINE
  5
2BE
330
17
100
AcDbEntity
  8
CLEARING_LIMITS
100
AcDbPolyline
 90
4
 70
0
 10
1498.0000813802085
 20
2101.999918619792
 10
1498.0000813802085
 20
2109.9998474121094
 10
1476.0002136230469
 20
2101.999918619792
 10
1498.0000813802085
 20
2101.999918619792
  0
POINT
  5
2BF
330
17
100
AcDbEntity
  8
STAKE_NODES
100
AcDbPoint
 10
1476.0002136230469
 20
2101.999918619792
 30
0.0
  0
LWPOLYLINE
  5
2C0
330
17
100
AcDbEntity
  8
CLEARING_LIMITS
100
AcDbPolyline
 90
4
 70
0
 10
1498.0000813802085
 20
2109.9998474121094
 10
1476.0002136230469
 20
2101.999918619792
 10
1476.0002136230469
 20
2109.9998474121094
 10
1498.0000813802085
 20
2109.9998474121094
  0
POINT
  5
2C1
330
17
100
AcDbEntity
  8
STAKE_NODES
100
AcDbPoint
 10
1476.0002136230469
 20
2109.9998474121094
 30
0.0
  0
LWPOLYLINE
  5
2C2
330
17
100
AcDbEntity
  8
CLEARING_LIMITS
100
AcDbPolyline
 90
4
 70
0
 10
1461.0000610351562
 20
2101.999918619792
 10
1461.0000610351562
 20
2109.9998474121094
 10
1446.0001627604167
 20
2101.999918619792
 10
1461.0000610351562
 20
2101.999918619792
  0
POINT
  5
2C3
330
17
100
AcDbEntity
  8
STAKE_NODES
100
AcDbPoint
 10
1461.0000610351562
 20
2101.999918619792
 30
0.0
  0
POINT
  5
2C4
330
17
100
AcDbEntity
  8
STAKE_NODES
100
AcDbPoint
 10
1461.0000610351562
 20
2109.9998474121094
 30
0.0
  0
POINT
  5
2C5
330
17
100
AcDbEntity
  8
STAKE_NODES
100
AcDbPoint
 10
1446.0001627604167
 20
2101.999918619792
 30
0.0
  0
LWPOLYLINE
  5
2C6
330
17
100
AcDbEntity
  8
CLEARING_LIMITS
100
AcDbPolyline
 90
4
 70
0
 10
1461.0000610351562
 20
2109.9998474121094
 10
1446.0001627604167
 20
2101.999918619792
 10
1446.0001627604167
 20
2109.9998474121094
 10
1461.0000610351562
 20
2109.9998474121094
  0
POINT
  5
2C7
330
17
100
AcDbEntity
  8
STAKE_NODES
100
AcDbPoint
 10
1446.0001627604167
 20
2109.9998474121094
 30
0.0
  0
LWPOLYLINE
  5
2C8
330
17
100
AcDbEntity
  8
CLEARING_LIMITS
100
AcDbPolyline
 90
4
 70
0
 10
1431.0000101725261
 20
2101.999918619792
 10
1431.0000101725261
 20
2109.9998474121094
 10
1416.0001118977866
 20
2101.999918619792
 10
1431.0000101725261
 20
2101.999918619792
  0
POINT
  5
2C9
330
17
100
AcDbEntity
  8
STAKE_NODES
100
AcDbPoint
 10
1431.0000101725261
 20
2101.999918619792
 30
0.0
  0
POINT
  5
2CA
330
17
100
AcDbEntity
  8
STAKE_NODES
100
AcDbPoint
 10
1431.0000101725261
 20
2109.9998474121094
 30
0.0
  0
POINT
  5
2CB
330
17
100
AcDbEntity
  8
STAKE_NODES
100
AcDbPoint
 10
1416.0001118977866
 20
2101.999918619792
 30
0.0
  0
LWPOLYLINE
  5
2CC
330
17
100
AcDbEntity
  8
CLEARING_LIMITS
100
AcDbPolyline
 90
4
 70
0
 10
1431.0000101725261
 20
2109.9998474121094
 10
1416.0001118977866
 20
2101.999918619792
 10
1416.0001118977866
 20
2109.9998474121094
 10
1431.0000101725261
 20
2109.9998474121094
  0
POINT
  5
2CD
330
17
100
AcDbEntity
  8
STAKE_NODES
100
AcDbPoint
 10
1416.0001118977866
 20
2109.9998474121094
 30
0.0
  0
LWPOLYLINE
  5
2CE
330
17
100
AcDbEntity
  8
CLEARING_LIMITS
100
AcDbPolyline
 90
4
 70
0
 10
1401.0002136230469
 20
2101.999918619792
 10
1401.0002136230469
 20
2109.9998474121094
 10
1326.0002136230469
 20
2101.999918619792
 10
1401.0002136230469
 20
2101.999918619792
  0
POINT
  5
2CF
330
17
100
AcDbEntity
  8
STAKE_NODES
100
AcDbPoint
 10
1401.0002136230469
 20
2101.999918619792
 30
0.0
  0
POINT
  5
2D0
330
17
100
AcDbEntity
  8
STAKE_NODES
100
AcDbPoint
 10
1401.0002136230469
 20
2109.9998474121094
 30
0.0
  0
POINT
  5
2D1
330
17
100
AcDbEntity
  8
STAKE_NODES
100
AcDbPoint
 10
1326.0002136230469
 20
2101.999918619792
 30
0.0
  0
LWPOLYLINE
  5
2D2
330
17
100
AcDbEntity
  8
CLEARING_LIMITS
100
AcDbPolyline
 90
4
 70
0
 10
1401.0002136230469
 20
2109.9998474121094
 10
1326.0002136230469
 20
2101.999918619792
 10
1326.0002136230469
 20
2109.9998474121094
 10
1401.0002136230469
 20
2109.9998474121094
  0
POINT
  5
2D3
330
17
100
AcDbEntity
  8
STAKE_NODES
100
AcDbPoint
 10
1326.0002136230469
 20
2109.9998474121094
 30
0.0
  0
LWPOLYLINE
  5
2D4
330
17
100
AcDbEntity
  8
CLEARING_LIMITS
100
AcDbPolyline
 90
4
 70
0
 10
1311.0000610351562
 20
2102.9998779296875
 10
1311.0000610351562
 20
2110.9998067220054
 10
1296.0001627604167
 20
2102.9998779296875
 10
1311.0000610351562
 20
2102.9998779296875
  0
POINT
  5
2D5
330
17
100
AcDbEntity
  8
STAKE_NODES
100
AcDbPoint
 10
1311.0000610351562
 20
2102.9998779296875
 30
0.0
  0
POINT
  5
2D6
330
17
100
AcDbEntity
  8
STAKE_NODES
100
AcDbPoint
 10
1311.0000610351562
 20
2110.9998067220054
 30
0.0
  0
POINT
  5
2D7
330
17
100
AcDbEntity
  8
STAKE_NODES
100
AcDbPoint
 10
1296.0001627604167
 20
2102.9998779296875
 30
0.0
  0
LWPOLYLINE
  5
2D8
330
17
100
AcDbEntity
  8
CLEARING_LIMITS
100
AcDbPolyline
 90
4
 70
0
 10
1311.0000610351562
 20
2110.9998067220054
 10
1296.0001627604167
 20
2102.9998779296875
 10
1296.0001627604167
 20
2110.9998067220054
 10
1311.0000610351562
 20
2110.9998067220054
  0
POINT
  5
2D9
330
17
100
AcDbEntity
  8
STAKE_NODES
100
AcDbPoint
 10
1296.0001627604167
 20
2110.9998067220054
 30
0.0
  0
LWPOLYLINE
  5
2DA
330
17
100
AcDbEntity
  8
CLEARING_LIMITS
100
AcDbPolyline
 90
4
 70
0
 10
1281.0000101725261
 20
2102.9998779296875
 10
1281.0000101725261
 20
2110.9998067220054
 10
1266.0001118977866
 20
2102.9998779296875
 10
1281.0000101725261
 20
2102.9998779296875
  0
POINT
  5
2DB
330
17
100
AcDbEntity
  8
STAKE_NODES
100
AcDbPoint
 10
1281.0000101725261
 20
2102.9998779296875
 30
0.0
  0
POINT
  5
2DC
330
17
100
AcDbEntity
  8
STAKE_NODES
100
AcDbPoint
 10
1281.0000101725261
 20
2110.9998067220054
 30
0.0
  0
POINT
  5
2DD
330
17
100
AcDbEntity
  8
STAKE_NODES
100
AcDbPoint
 10
1266.0001118977866
 20
2102.9998779296875
 30
0.0
  0
LWPOLYLINE
  5
2DE
330
17
100
AcDbEntity
  8
CLEARING_LIMITS
100
AcDbPolyline
 90
4
 70
0
 10
1281.0000101725261
 20
2110.9998067220054
 10
1266.0001118977866
 20
2102.9998779296875
 10
1266.0001118977866
 20
2110.9998067220054
 10
1281.0000101725261
 20
2110.9998067220054
  0
POINT
  5
2DF
330
17
100
AcDbEntity
  8
STAKE_NODES
100
AcDbPoint
 10
1266.0001118977866
 20
2110.9998067220054
 30
0.0
  0
LWPOLYLINE
  5
2E0
330
17
100
AcDbEntity
  8
CLEARING_LIMITS
100
AcDbPolyline
 90
4
 70
0
 10
1251.0002136230469
 20
2102.9998779296875
 10
1251.0002136230469
 20
2110.9998067220054
 10
1176.0002136230469
 20
2102.9998779296875
 10
1251.0002136230469
 20
2102.9998779296875
  0
POINT
  5
2E1
330
17
100
AcDbEntity
  8
STAKE_NODES
100
AcDbPoint
 10
1251.0002136230469
 20
2102.9998779296875
 30
0.0
  0
POINT
  5
2E2
330
17
100
AcDbEntity
  8
STAKE_NODES
100
AcDbPoint
 10
1251.0002136230469
 20
2110.9998067220054
 30
0.0
  0
POINT
  5
2E3
330
17
100
AcDbEntity
  8
STAKE_NODES
100
AcDbPoint
 10
1176.0002136230469
 20
2102.9998779296875
 30
0.0
  0
LWPOLYLINE
  5
2E4
330
17
100
AcDbEntity
  8
CLEARING_LIMITS
100
AcDbPolyline
 90
4
 70
0
 10
1251.0002136230469
 20
2110.9998067220054
 10
1176.0002136230469
 20
2102.9998779296875
 10
1176.0002136230469
 20
2110.9998067220054
 10
1251.0002136230469
 20
2110.9998067220054
  0
POINT
  5
2E5
330
17
100
AcDbEntity
  8
STAKE_NODES
100
AcDbPoint
 10
1176.0002136230469
 20
2110.9998067220054
 30
0.0
  0
LWPOLYLINE
  5
2E6
330
17
100
AcDbEntity
  8
CLEARING_LIMITS
100
AcDbPolyline
 90
4
 70
0
 10
1161.0000610351562
 20
2102.9998779296875
 10
1161.0000610351562
 20
2110.9998067220054
 10
1146.0001627604167
 20
2102.9998779296875
 10
1161.0000610351562
 20
2102.9998779296875
  0
POINT
  5
2E7
330
17
100
AcDbEntity
  8
STAKE_NODES
100
AcDbPoint
 10
1161.0000610351562
 20
2102.9998779296875
 30
0.0
  0
POINT
  5
2E8
330
17
100
AcDbEntity
  8
STAKE_NODES
100
AcDbPoint
 10
1161.0000610351562
 20
2110.9998067220054
 30
0.0
  0
POINT
  5
2E9
330
17
100
AcDbEntity
  8
STAKE_NODES
100
AcDbPoint
 10
1146.0001627604167
 20
2102.9998779296875
 30
0.0
  0
LWPOLYLINE
  5
2EA
330
17
100
AcDbEntity
  8
CLEARING_LIMITS
100
AcDbPolyline
 90
4
 70
0
 10
1161.0000610351562
 20
2110.9998067220054
 10
1146.0001627604167
 20
2102.9998779296875
 10
1146.0001627604167
 20
2110.9998067220054
 10
1161.0000610351562
 20
2110.9998067220054
  0
POINT
  5
2EB
330
17
100
AcDbEntity
  8
STAKE_NODES
100
AcDbPoint
 10
1146.0001627604167
 20
2110.9998067220054
 30
0.0
  0
LWPOLYLINE
  5
2EC
330
17
100
AcDbEntity
  8
CLEARING_LIMITS
100
AcDbPolyline
 90
4
 70
0
 10
1131.0000101725261
 20
2102.9998779296875
 10
1131.0000101725261
 20
2110.9998067220054
 10
1116.0001118977866
 20
2102.9998779296875
 10
1131.0000101725261
 20
2102.9998779296875
  0
POINT
  5
2ED
330
17
100
AcDbEntity
  8
STAKE_NODES
100
AcDbPoint
 10
1131.0000101725261
 20
2102.9998779296875
 30
0.0
  0
POINT
  5
2EE
330
17
100
AcDbEntity
  8
STAKE_NODES
100
AcDbPoint
 10
1131.0000101725261
 20
2110.9998067220054
 30
0.0
  0
POINT
  5
2EF
330
17
100
AcDbEntity
  8
STAKE_NODES
100
AcDbPoint
 10
1116.0001118977866
 20
2102.9998779296875
 30
0.0
  0
LWPOLYLINE
  5
2F0
330
17
100
AcDbEntity
  8
CLEARING_LIMITS
100
AcDbPolyline
 90
4
 70
0
 10
1131.0000101725261
 20
2110.9998067220054
 10
1116.0001118977866
 20
2102.9998779296875
 10
1116.0001118977866
 20
2110.9998067220054
 10
1131.0000101725261
 20
2110.9998067220054
  0
POINT
  5
2F1
330
17
100
AcDbEntity
  8
STAKE_NODES
100
AcDbPoint
 10
1116.0001118977866
 20
2110.9998067220054
 30
0.0
  0
LWPOLYLINE
  5
2F2
330
17
100
AcDbEntity
  8
CLEARING_LIMITS
100
AcDbPolyline
 90
4
 70
0
 10
1101.0002136230469
 20
2102.9998779296875
 10
1101.0002136230469
 20
2110.9998067220054
 10
1058.0001831054688
 20
2103.9998372395835
 10
1101.0002136230469
 20
2102.9998779296875
  0
POINT
  5
2F3
330
17
100
AcDbEntity
  8
STAKE_NODES
100
AcDbPoint
 10
1101.0002136230469
 20
2102.9998779296875
 30
0.0
  0
POINT
  5
2F4
330
17
100
AcDbEntity
  8
STAKE_NODES
100
AcDbPoint
 10
1101.0002136230469
 20
2110.9998067220054
 30
0.0
  0
POINT
  5
2F5
330
17
100
AcDbEntity
  8
STAKE_NODES
100
AcDbPoint
 10
1058.0001831054688
 20
2103.9998372395835
 30
0.0
  0
LWPOLYLINE
  5
2F6
330
17
100
AcDbEntity
  8
CLEARING_LIMITS
100
AcDbPolyline
 90
4
 70
0
 10
1101.0002136230469
 20
2110.9998067220054
 10
1058.0001831054688
 20
2103.9998372395835
 10
1058.0001831054688
 20
2112.0000203450522
 10
1101.0002136230469
 20
2110.9998067220054
  0
POINT
  5
2F7
330
17
100
AcDbEntity
  8
STAKE_NODES
100
AcDbPoint
 10
1058.0001831054688
 20
2112.0000203450522
 30
0.0
  0
LWPOLYLINE
  5
2F8
330
17
100
AcDbEntity
  8
CLEARING_LIMITS
100
AcDbPolyline
 90
4
 70
0
 10
1058.0001831054688
 20
2103.9998372395835
 10
1058.0001831054688
 20
2112.0000203450522
 10
1026.0002136230469
 20
2103.9998372395835
 10
1058.0001831054688
 20
2103.9998372395835
  0
POINT
  5
2F9
330
17
100
AcDbEntity
  8
STAKE_NODES
100
AcDbPoint
 10
1026.0002136230469
 20
2103.9998372395835
 30
0.0
  0
LWPOLYLINE
  5
2FA
330
17
100
AcDbEntity
  8
CLEARING_LIMITS
100
AcDbPolyline
 90
4
 70
0
 10
1058.0001831054688
 20
2112.0000203450522
 10
1026.0002136230469
 20
2103.9998372395835
 10
1026.0002136230469
 20
2112.0000203450522
 10
1058.0001831054688
 20
2112.0000203450522
  0
POINT
  5
2FB
330
17
100
AcDbEntity
  8
STAKE_NODES
100
AcDbPoint
 10
1026.0002136230469
 20
2112.0000203450522
 30
0.0
  0
LWPOLYLINE
  5
2FC
330
17
100
AcDbEntity
  8
CLEARING_LIMITS
100
AcDbPolyline
 90
4
 70
0
 10
1011.0000610351564
 20
2104.9997965494795
 10
1011.0000610351564
 20
2112.999979654948
 10
996.0001627604167
 20
2104.9997965494795
 10
1011.0000610351564
 20
2104.9997965494795
  0
POINT
  5
2FD
330
17
100
AcDbEntity
  8
STAKE_NODES
100
AcDbPoint
 10
1011.0000610351564
 20
2104.9997965494795
 30
0.0
  0
POINT
  5
2FE
330
17
100
AcDbEntity
  8
STAKE_NODES
100
AcDbPoint
 10
1011.0000610351564
 20
2112.999979654948
 30
0.0
  0
POINT
  5
2FF
330
17
100
AcDbEntity
  8
STAKE_NODES
100
AcDbPoint
 10
996.0001627604167
 20
2104.9997965494795
 30
0.0
  0
LWPOLYLINE
  5
300
330
17
100
AcDbEntity
  8
CLEARING_LIMITS
100
AcDbPolyline
 90
4
 70
0
 10
1011.0000610351564
 20
2112.999979654948
 10
996.0001627604167
 20
2104.9997965494795
 10
996.0001627604167
 20
2112.999979654948
 10
1011.0000610351564
 20
2112.999979654948
  0
POINT
  5
301
330
17
100
AcDbEntity
  8
STAKE_NODES
100
AcDbPoint
 10
996.0001627604167
 20
2112.999979654948
 30
0.0
  0
LWPOLYLINE
  5
302
330
17
100
AcDbEntity
  8
CLEARING_LIMITS
100
AcDbPolyline
 90
4
 70
0
 10
981.0000101725261
 20
2106.0000101725263
 10
981.0000101725261
 20
2113.9999389648438
 10
966.0001118977865
 20
2106.0000101725263
 10
981.0000101725261
 20
2106.0000101725263
  0
POINT
  5
303
330
17
100
AcDbEntity
  8
STAKE_NODES
100
AcDbPoint
 10
981.0000101725261
 20
2106.0000101725263
 30
0.0
  0
POINT
  5
304
330
17
100
AcDbEntity
  8
STAKE_NODES
100
AcDbPoint
 10
981.0000101725261
 20
2113.9999389648438
 30
0.0
  0
POINT
  5
305
330
17
100
AcDbEntity
  8
STAKE_NODES
100
AcDbPoint
 10
966.0001118977865
 20
2106.0000101725263
 30
0.0
  0
LWPOLYLINE
  5
306
330
17
100
AcDbEntity
  8
CLEARING_LIMITS
100
AcDbPolyline
 90
4
 70
0
 10
981.0000101725261
 20
2113.9999389648438
 10
966.0001118977865
 20
2106.0000101725263
 10
966.0001118977865
 20
2113.9999389648438
 10
981.0000101725261
 20
2113.9999389648438
  0
POINT
  5
307
330
17
100
AcDbEntity
  8
STAKE_NODES
100
AcDbPoint
 10
966.0001118977865
 20
2113.9999389648438
 30
0.0
  0
LWPOLYLINE
  5
308
330
17
100
AcDbEntity
  8
CLEARING_LIMITS
100
AcDbPolyline
 90
4
 70
0
 10
951.000213623047
 20
2106.0000101725263
 10
951.000213623047
 20
2113.9999389648438
 10
942.0000712076824
 20
2106.999969482422
 10
951.000213623047
 20
2106.0000101725263
  0
POINT
  5
309
330
17
100
AcDbEntity
  8
STAKE_NODES
100
AcDbPoint
 10
951.000213623047
 20
2106.0000101725263
 30
0.0
  0
POINT
  5
30A
330
17
100
AcDbEntity
  8
STAKE_NODES
100
AcDbPoint
 10
951.000213623047
 20
2113.9999389648438
 30
0.0
  0
POINT
  5
30B
330
17
100
AcDbEntity
  8
STAKE_NODES
100
AcDbPoint
 10
942.0000712076824
 20
2106.999969482422
 30
0.0
  0
LWPOLYLINE
  5
30C
330
17
100
AcDbEntity
  8
CLEARING_LIMITS
100
AcDbPolyline
 90
4
 70
0
 10
951.000213623047
 20
2113.9999389648438
 10
942.0000712076824
 20
2106.999969482422
 10
942.0000712076824
 20
2114.9998982747397
 10
951.000213623047
 20
2113.9999389648438
  0
POINT
  5
30D
330
17
100
AcDbEntity
  8
STAKE_NODES
100
AcDbPoint
 10
942.0000712076824
 20
2114.9998982747397
 30
0.0
  0
LWPOLYLINE
  5
30E
330
17
100
AcDbEntity
  8
CLEARING_LIMITS
100
AcDbPolyline
 90
4
 70
0
 10
940.0001525878907
 20
2106.999969482422
 10
945.0002034505209
 20
2113.9999389648438
 10
887.0000203450521
 20
2147.9998270670576
 10
940.0001525878907
 20
2106.999969482422
  0
POINT
  5
30F
330
17
100
AcDbEntity
  8
STAKE_NODES
100
AcDbPoint
 10
940.0001525878907
 20
2106.999969482422
 30
0.0
  0
POINT
  5
310
330
17
100
AcDbEntity
  8
STAKE_NODES
100
AcDbPoint
 10
945.0002034505209
 20
2113.9999389648438
 30
0.0
  0
POINT
  5
311
330
17
100
AcDbEntity
  8
STAKE_NODES
100
AcDbPoint
 10
887.0000203450521
 20
2147.9998270670576
 30
0.0
  0
LWPOLYLINE
  5
312
330
17
100
AcDbEntity
  8
CLEARING_LIMITS
100
AcDbPolyline
 90
4
 70
0
 10
945.0002034505209
 20
2113.9999389648438
 10
887.0000203450521
 20
2147.9998270670576
 10
892.0000712076824
 20
2153.9998372395835
 10
945.0002034505209
 20
2113.9999389648438
  0
POINT
  5
313
330
17
100
AcDbEntity
  8
STAKE_NODES
100
AcDbPoint
 10
892.0000712076824
 20
2153.9998372395835
 30
0.0
  0
LWPOLYLINE
  5
314
330
17
100
AcDbEntity
  8
CLEARING_LIMITS
100
AcDbPolyline
 90
4
 70
0
 10
875.0002543131511
 20
2158.999888102214
 10
882.000223795573
 20
2162.999979654948
 10
868.0000305175782
 20
2171.9998677571616
 10
875.0002543131511
 20
2158.999888102214
  0
POINT
  5
315
330
17
100
AcDbEntity
  8
STAKE_NODES
100
AcDbPoint
 10
875.0002543131511
 20
2158.999888102214
 30
0.0
  0
POINT
  5
316
330
17
100
AcDbEntity
  8
STAKE_NODES
100
AcDbPoint
 10
882.000223795573
 20
2162.999979654948
 30
0.0
  0
POINT
  5
317
330
17
100
AcDbEntity
  8
STAKE_NODES
100
AcDbPoint
 10
868.0000305175782
 20
2171.9998677571616
 30
0.0
  0
LWPOLYLINE
  5
318
330
17
100
AcDbEntity
  8
CLEARING_LIMITS
100
AcDbPolyline
 90
4
 70
0
 10
882.000223795573
 20
2162.999979654948
 10
868.0000305175782
 20
2171.9998677571616
 10
875.0002543131511
 20
2175.999959309896
 10
882.000223795573
 20
2162.999979654948
  0
POINT
  5
319
330
17
100
AcDbEntity
  8
STAKE_NODES
100
AcDbPoint
 10
875.0002543131511
 20
2175.999959309896
 30
0.0
  0
LWPOLYLINE
  5
31A
330
17
100
AcDbEntity
  8
CLEARING_LIMITS
100
AcDbPolyline
 90
4
 70
0
 10
861.0000610351564
 20
2185.9998067220054
 10
868.0000305175782
 20
2188.9999389648438
 10
853.0001322428386
 20
2198.999786376953
 10
861.0000610351564
 20
2185.9998067220054
  0
POINT
  5
31B
330
17
100
AcDbEntity
  8
STAKE_NODES
100
AcDbPoint
 10
861.0000610351564
 20
2185.9998067220054
 30
0.0
  0
POINT
  5
31C
330
17
100
AcDbEntity
  8
STAKE_NODES
100
AcDbPoint
 10
868.0000305175782
 20
2188.9999389648438
 30
0.0
  0
POINT
  5
31D
330
17
100
AcDbEntity
  8
STAKE_NODES
100
AcDbPoint
 10
853.0001322428386
 20
2198.999786376953
 30
0.0
  0
LWPOLYLINE
  5
31E
330
17
100
AcDbEntity
  8
CLEARING_LIMITS
100
AcDbPolyline
 90
4
 70
0
 10
868.0000305175782
 20
2188.9999389648438
 10
853.0001322428386
 20
2198.999786376953
 10
860.0001017252605
 20
2202.9998779296875
 10
868.0000305175782
 20
2188.9999389648438
  0
POINT
  5
31F
330
17
100
AcDbEntity
  8
STAKE_NODES
100
AcDbPoint
 10
860.0001017252605
 20
2202.9998779296875
 30
0.0
  0
LWPOLYLINE
  5
320
330
17
100
AcDbEntity
  8
CLEARING_LIMITS
100
AcDbPolyline
 90
4
 70
0
 10
846.0001627604167
 20
2212.0000203450522
 10
853.0001322428386
 20
2215.9998575846357
 10
810.0001017252605
 20
2276.999918619792
 10
846.0001627604167
 20
2212.0000203450522
  0
POINT
  5
321
330
17
100
AcDbEntity
  8
STAKE_NODES
100
AcDbPoint
 10
846.0001627604167
 20
2212.0000203450522
 30
0.0
  0
POINT
  5
322
330
17
100
AcDbEntity
  8
STAKE_NODES
100
AcDbPoint
 10
853.0001322428386
 20
2215.9998575846357
 30
0.0
  0
POINT
  5
323
330
17
100
AcDbEntity
  8
STAKE_NODES
100
AcDbPoint
 10
810.0001017252605
 20
2276.999918619792
 30
0.0
  0
LWPOLYLINE
  5
324
330
17
100
AcDbEntity
  8
CLEARING_LIMITS
100
AcDbPolyline
 90
4
 70
0
 10
853.0001322428386
 20
2215.9998575846357
 10
810.0001017252605
 20
2276.999918619792
 10
817.0000712076824
 20
2281.0000101725263
 10
853.0001322428386
 20
2215.9998575846357
  0
POINT
  5
325
330
17
100
AcDbEntity
  8
STAKE_NODES
100
AcDbPoint
 10
817.0000712076824
 20
2281.0000101725263
 30
0.0
  0
LWPOLYLINE
  5
326
330
17
100
AcDbEntity
  8
CLEARING_LIMITS
100
AcDbPolyline
 90
4
 70
0
 10
802.0001729329427
 20
2289.9998982747397
 10
809.0001424153646
 20
2293.999989827474
 10
795.0002034505209
 20
2302.9998779296875
 10
802.0001729329427
 20
2289.9998982747397
  0
POINT
  5
327
330
17
100
AcDbEntity
  8
STAKE_NODES
100
AcDbPoint
 10
802.0001729329427
 20
2289.9998982747397
 30
0.0
  0
POINT
  5
328
330
17
100
AcDbEntity
  8
STAKE_NODES
100
AcDbPoint
 10
809.0001424153646
 20
2293.999989827474
 30
0.0
  0
POINT
  5
329
330
17
100
AcDbEntity
  8
STAKE_NODES
100
AcDbPoint
 10
795.0002034505209
 20
2302.9998779296875
 30
0.0
  0
LWPOLYLINE
  5
32A
330
17
100
AcDbEntity
  8
CLEARING_LIMITS
100
AcDbPolyline
 90
4
 70
0
 10
809.0001424153646
 20
2293.999989827474
 10
795.0002034505209
 20
2302.9998779296875
 10
802.0001729329427
 20
2306.999969482422
 10
809.0001424153646
 20
2293.999989827474
  0
POINT
  5
32B
330
17
100
AcDbEntity
  8
STAKE_NODES
100
AcDbPoint
 10
802.0001729329427
 20
2306.999969482422
 30
0.0
  0
LWPOLYLINE
  5
32C
330
17
100
AcDbEntity
  8
CLEARING_LIMITS
100
AcDbPolyline
 90
4
 70
0
 10
788.000233968099
 20
2316.9998168945312
 10
795.0002034505209
 20
2320.9999084472656
 10
780.0000508626302
 20
2329.9997965494795
 10
788.000233968099
 20
2316.9998168945312
  0
POINT
  5
32D
330
17
100
AcDbEntity
  8
STAKE_NODES
100
AcDbPoint
 10
788.000233968099
 20
2316.9998168945312
 30
0.0
  0
POINT
  5
32E
330
17
100
AcDbEntity
  8
STAKE_NODES
100
AcDbPoint
 10
795.0002034505209
 20
2320.9999084472656
 30
0.0
  0
POINT
  5
32F
330
17
100
AcDbEntity
  8
STAKE_NODES
100
AcDbPoint
 10
780.0000508626302
 20
2329.9997965494795
 30
0.0
  0
LWPOLYLINE
  5
330
330
17
100
AcDbEntity
  8
CLEARING_LIMITS
100
AcDbPolyline
 90
4
 70
0
 10
795.0002034505209
 20
2320.9999084472656
 10
780.0000508626302
 20
2329.9997965494795
 10
787.0000203450521
 20
2333.999888102214
 10
795.0002034505209
 20
2320.9999084472656
  0
POINT
  5
331
330
17
100
AcDbEntity
  8
STAKE_NODES
100
AcDbPoint
 10
787.0000203450521
 20
2333.999888102214
 30
0.0
  0
LWPOLYLINE
  5
332
330
17
100
AcDbEntity
  8
CLEARING_LIMITS
100
AcDbPolyline
 90
4
 70
0
 10
773.0000813802084
 20
2335.9998067220054
 10
774.0000406901042
 20
2343.999989827474
 10
712.999979654948
 20
2344.99994913737
 10
773.0000813802084
 20
2335.9998067220054
  0
POINT
  5
333
330
17
100
AcDbEntity
  8
STAKE_NODES
100
AcDbPoint
 10
773.0000813802084
 20
2335.9998067220054
 30
0.0
  0
POINT
  5
334
330
17
100
AcDbEntity
  8
STAKE_NODES
100
AcDbPoint
 10
774.0000406901042
 20
2343.999989827474
 30
0.0
  0
POINT
  5
335
330
17
100
AcDbEntity
  8
STAKE_NODES
100
AcDbPoint
 10
712.999979654948
 20
2344.99994913737
 30
0.0
  0
LWPOLYLINE
  5
336
330
17
100
AcDbEntity
  8
CLEARING_LIMITS
100
AcDbPolyline
 90
4
 70
0
 10
774.0000406901042
 20
2343.999989827474
 10
712.999979654948
 20
2344.99994913737
 10
713.9999389648438
 20
2352.9998779296875
 10
774.0000406901042
 20
2343.999989827474
  0
POINT
  5
337
330
17
100
AcDbEntity
  8
STAKE_NODES
100
AcDbPoint
 10
713.9999389648438
 20
2352.9998779296875
 30
0.0
  0
LWPOLYLINE
  5
338
330
17
100
AcDbEntity
  8
CLEARING_LIMITS
100
AcDbPolyline
 90
4
 70
0
 10
711.0000610351562
 20
2344.99994913737
 10
716.0003662109375
 20
2351.999918619792
 10
699.0000406901042
 20
2353.9998372395835
 10
711.0000610351562
 20
2344.99994913737
  0
POINT
  5
339
330
17
100
AcDbEntity
  8
STAKE_NODES
100
AcDbPoint
 10
711.0000610351562
 20
2344.99994913737
 30
0.0
  0
POINT
  5
33A
330
17
100
AcDbEntity
  8
STAKE_NODES
100
AcDbPoint
 10
716.0003662109375
 20
2351.999918619792
 30
0.0
  0
POINT
  5
33B
330
17
100
AcDbEntity
  8
STAKE_NODES
100
AcDbPoint
 10
699.0000406901042
 20
2353.9998372395835
 30
0.0
  0
LWPOLYLINE
  5
33C
330
17
100
AcDbEntity
  8
CLEARING_LIMITS
100
AcDbPolyline
 90
4
 70
0
 10
716.0003662109375
 20
2351.999918619792
 10
699.0000406901042
 20
2353.9998372395835
 10
704.0003458658855
 20
2360.9998067220054
 10
716.0003662109375
 20
2351.999918619792
  0
POINT
  5
33D
330
17
100
AcDbEntity
  8
STAKE_NODES
100
AcDbPoint
 10
704.0003458658855
 20
2360.9998067220054
 30
0.0
  0
LWPOLYLINE
  5
33E
330
17
100
AcDbEntity
  8
CLEARING_LIMITS
100
AcDbPolyline
 90
4
 70
0
 10
687.0000203450521
 20
2362.999979654948
 10
692.0003255208334
 20
2369.99994913737
 10
678.0003865559896
 20
2369.99994913737
 10
687.0000203450521
 20
2362.999979654948
  0
POINT
  5
33F
330
17
100
AcDbEntity
  8
STAKE_NODES
100
AcDbPoint
 10
687.0000203450521
 20
2362.999979654948
 30
0.0
  0
POINT
  5
340
330
17
100
AcDbEntity
  8
STAKE_NODES
100
AcDbPoint
 10
692.0003255208334
 20
2369.99994913737
 30
0.0
  0
POINT
  5
341
330
17
100
AcDbEntity
  8
STAKE_NODES
100
AcDbPoint
 10
678.0003865559896
 20
2369.99994913737
 30
0.0
  0
LWPOLYLINE
  5
342
330
17
100
AcDbEntity
  8
CLEARING_LIMITS
100
AcDbPolyline
 90
4
 70
0
 10
692.0003255208334
 20
2369.99994913737
 10
678.0003865559896
 20
2369.99994913737
 10
683.0001831054688
 20
2376.999918619792
 10
692.0003255208334
 20
2369.99994913737
  0
POINT
  5
343
330
17
100
AcDbEntity
  8
STAKE_NODES
100
AcDbPoint
 10
683.0001831054688
 20
2376.999918619792
 30
0.0
  0
LWPOLYLINE
  5
344
330
17
100
AcDbEntity
  8
CLEARING_LIMITS
100
AcDbPolyline
 90
4
 70
0
 10
675.9999593098959
 20
2373.999786376953
 10
684.0001424153646
 20
2373.999786376953
 10
675.9999593098959
 20
2376.999918619792
 10
675.9999593098959
 20
2373.999786376953
  0
POINT
  5
345
330
17
100
AcDbEntity
  8
STAKE_NODES
100
AcDbPoint
 10
675.9999593098959
 20
2373.999786376953
 30
0.0
  0
POINT
  5
346
330
17
100
AcDbEntity
  8
STAKE_NODES
100
AcDbPoint
 10
684.0001424153646
 20
2373.999786376953
 30
0.0
  0
POINT
  5
347
330
17
100
AcDbEntity
  8
STAKE_NODES
100
AcDbPoint
 10
675.9999593098959
 20
2376.999918619792
 30
0.0
  0
LWPOLYLINE
  5
348
330
17
100
AcDbEntity
  8
CLEARING_LIMITS
100
AcDbPolyline
 90
4
 70
0
 10
684.0001424153646
 20
2373.999786376953
 10
675.9999593098959
 20
2376.999918619792
 10
684.0001424153646
 20
2376.999918619792
 10
684.0001424153646
 20
2373.999786376953
  0
POINT
  5
349
330
17
100
AcDbEntity
  8
STAKE_NODES
100
AcDbPoint
 10
684.0001424153646
 20
2376.999918619792
 30
0.0
  0
LWPOLYLINE
  5
34A
330
17
100
AcDbEntity
  8
CLEARING_LIMITS
100
AcDbPolyline
 90
4
 70
0
 10
676.9999186197917
 20
2391.9998168945312
 10
685.0001017252605
 20
2391.9998168945312
 10
676.9999186197917
 20
2406.999969482422
 10
676.9999186197917
 20
2391.9998168945312
  0
POINT
  5
34B
330
17
100
AcDbEntity
  8
STAKE_NODES
100
AcDbPoint
 10
676.9999186197917
 20
2391.9998168945312
 30
0.0
  0
POINT
  5
34C
330
17
100
AcDbEntity
  8
STAKE_NODES
100
AcDbPoint
 10
685.0001017252605
 20
2391.9998168945312
 30
0.0
  0
POINT
  5
34D
330
17
100
AcDbEntity
  8
STAKE_NODES
100
AcDbPoint
 10
676.9999186197917
 20
2406.999969482422
 30
0.0
  0
LWPOLYLINE
  5
34E
330
17
100
AcDbEntity
  8
CLEARING_LIMITS
100
AcDbPolyline
 90
4
 70
0
 10
685.0001017252605
 20
2391.9998168945312
 10
676.9999186197917
 20
2406.999969482422
 10
685.0001017252605
 20
2406.999969482422
 10
685.0001017252605
 20
2391.9998168945312
  0
POINT
  5
34F
330
17
100
AcDbEntity
  8
STAKE_NODES
100
AcDbPoint
 10
685.0001017252605
 20
2406.999969482422
 30
0.0
  0
LWPOLYLINE
  5
350
330
17
100
AcDbEntity
  8
CLEARING_LIMITS
100
AcDbPolyline
 90
4
 70
0
 10
676.9999186197917
 20
2421.9998677571616
 10
685.0001017252605
 20
2421.9998677571616
 10
679.0003458658855
 20
2496.9998677571616
 10
676.9999186197917
 20
2421.9998677571616
  0
POINT
  5
351
330
17
100
AcDbEntity
  8
STAKE_NODES
100
AcDbPoint
 10
676.9999186197917
 20
2421.9998677571616
 30
0.0
  0
POINT
  5
352
330
17
100
AcDbEntity
  8
STAKE_NODES
100
AcDbPoint
 10
685.0001017252605
 20
2421.9998677571616
 30
0.0
  0
POINT
  5
353
330
17
100
AcDbEntity
  8
STAKE_NODES
100
AcDbPoint
 10
679.0003458658855
 20
2496.9998677571616
 30
0.0
  0
LWPOLYLINE
  5
354
330
17
100
AcDbEntity
  8
CLEARING_LIMITS
100
AcDbPolyline
 90
4
 70
0
 10
685.0001017252605
 20
2421.9998677571616
 10
679.0003458658855
 20
2496.9998677571616
 10
687.0000203450521
 20
2496.9998677571616
 10
685.0001017252605
 20
2421.9998677571616
  0
POINT
  5
355
330
17
100
AcDbEntity
  8
STAKE_NODES
100
AcDbPoint
 10
687.0000203450521
 20
2496.9998677571616
 30
0.0
  0
LWPOLYLINE
  5
356
330
17
100
AcDbEntity
  8
CLEARING_LIMITS
100
AcDbPolyline
 90
4
 70
0
 10
679.0003458658855
 20
2512.0000203450522
 10
687.0000203450521
 20
2512.0000203450522
 10
679.0003458658855
 20
2526.999918619792
 10
679.0003458658855
 20
2512.0000203450522
  0
POINT
  5
357
330
17
100
AcDbEntity
  8
STAKE_NODES
100
AcDbPoint
 10
679.0003458658855
 20
2512.0000203450522
 30
0.0
  0
POINT
  5
358
330
17
100
AcDbEntity
  8
STAKE_NODES
100
AcDbPoint
 10
687.0000203450521
 20
2512.0000203450522
 30
0.0
  0
POINT
  5
359
330
17
100
AcDbEntity
  8
STAKE_NODES
100
AcDbPoint
 10
679.0003458658855
 20
2526.999918619792
 30
0.0
  0
LWPOLYLINE
  5
35A
330
17
100
AcDbEntity
  8
CLEARING_LIMITS
100
AcDbPolyline
 90
4
 70
0
 10
687.0000203450521
 20
2512.0000203450522
 10
679.0003458658855
 20
2526.999918619792
 10
687.0000203450521
 20
2526.999918619792
 10
687.0000203450521
 20
2512.0000203450522
  0
POINT
  5
35B
330
17
100
AcDbEntity
  8
STAKE_NODES
100
AcDbPoint
 10
687.0000203450521
 20
2526.999918619792
 30
0.0
  0
LWPOLYLINE
  5
35C
330
17
100
AcDbEntity
  8
CLEARING_LIMITS
100
AcDbPolyline
 90
4
 70
0
 10
679.0003458658855
 20
2541.9998168945312
 10
687.0000203450521
 20
2541.9998168945312
 10
680.0003051757812
 20
2556.999969482422
 10
679.0003458658855
 20
2541.9998168945312
  0
POINT
  5
35D
330
17
100
AcDbEntity
  8
STAKE_NODES
100
AcDbPoint
 10
679.0003458658855
 20
2541.9998168945312
 30
0.0
  0
POINT
  5
35E
330
17
100
AcDbEntity
  8
STAKE_NODES
100
AcDbPoint
 10
687.0000203450521
 20
2541.9998168945312
 30
0.0
  0
POINT
  5
35F
330
17
100
AcDbEntity
  8
STAKE_NODES
100
AcDbPoint
 10
680.0003051757812
 20
2556.999969482422
 30
0.0
  0
LWPOLYLINE
  5
360
330
17
100
AcDbEntity
  8
CLEARING_LIMITS
100
AcDbPolyline
 90
4
 70
0
 10
687.0000203450521
 20
2541.9998168945312
 10
680.0003051757812
 20
2556.999969482422
 10
687.999979654948
 20
2556.999969482422
 10
687.0000203450521
 20
2541.9998168945312
  0
POINT
  5
361
330
17
100
AcDbEntity
  8
STAKE_NODES
100
AcDbPoint
 10
687.999979654948
 20
2556.999969482422
 30
0.0
  0
LWPOLYLINE
  5
362
330
17
100
AcDbEntity
  8
CLEARING_LIMITS
100
AcDbPolyline
 90
4
 70
0
 10
680.0003051757812
 20
2571.9998677571616
 10
687.999979654948
 20
2571.9998677571616
 10
681.0002644856771
 20
2646.9998677571616
 10
680.0003051757812
 20
2571.9998677571616
  0
POINT
  5
363
330
17
100
AcDbEntity
  8
STAKE_NODES
100
AcDbPoint
 10
680.0003051757812
 20
2571.9998677571616
 30
0.0
  0
POINT
  5
364
330
17
100
AcDbEntity
  8
STAKE_NODES
100
AcDbPoint
 10
687.999979654948
 20
2571.9998677571616
 30
0.0
  0
POINT
  5
365
330
17
100
AcDbEntity
  8
STAKE_NODES
100
AcDbPoint
 10
681.0002644856771
 20
2646.9998677571616
 30
0.0
  0
LWPOLYLINE
  5
366
330
17
100
AcDbEntity
  8
CLEARING_LIMITS
100
AcDbPolyline
 90
4
 70
0
 10
687.999979654948
 20
2571.9998677571616
 10
681.0002644856771
 20
2646.9998677571616
 10
688.9999389648438
 20
2646.9998677571616
 10
687.999979654948
 20
2571.9998677571616
  0
POINT
  5
367
330
17
100
AcDbEntity
  8
STAKE_NODES
100
AcDbPoint
 10
688.9999389648438
 20
2646.9998677571616
 30
0.0
  0
LWPOLYLINE
  5
368
330
17
100
AcDbEntity
  8
CLEARING_LIMITS
100
AcDbPolyline
 90
4
 70
0
 10
682.000223795573
 20
2662.0000203450522
 10
689.9998982747396
 20
2662.0000203450522
 10
682.000223795573
 20
2676.999918619792
 10
682.000223795573
 20
2662.0000203450522
  0
POINT
  5
369
330
17
100
AcDbEntity
  8
STAKE_NODES
100
AcDbPoint
 10
682.000223795573
 20
2662.0000203450522
 30
0.0
  0
POINT
  5
36A
330
17
100
AcDbEntity
  8
STAKE_NODES
100
AcDbPoint
 10
689.9998982747396
 20
2662.0000203450522
 30
0.0
  0
POINT
  5
36B
330
17
100
AcDbEntity
  8
STAKE_NODES
100
AcDbPoint
 10
682.000223795573
 20
2676.999918619792
 30
0.0
  0
LWPOLYLINE
  5
36C
330
17
100
AcDbEntity
  8
CLEARING_LIMITS
100
AcDbPolyline
 90
4
 70
0
 10
689.9998982747396
 20
2662.0000203450522
 10
682.000223795573
 20
2676.999918619792
 10
689.9998982747396
 20
2676.999918619792
 10
689.9998982747396
 20
2662.0000203450522
  0
POINT
  5
36D
330
17
100
AcDbEntity
  8
STAKE_NODES
100
AcDbPoint
 10
689.9998982747396
 20
2676.999918619792
 30
0.0
  0
LWPOLYLINE
  5
36E
330
17
100
AcDbEntity
  8
CLEARING_LIMITS
100
AcDbPolyline
 90
4
 70
0
 10
682.000223795573
 20
2691.9998168945312
 10
689.9998982747396
 20
2691.9998168945312
 10
682.000223795573
 20
2706.999969482422
 10
682.000223795573
 20
2691.9998168945312
  0
POINT
  5
36F
330
17
100
AcDbEntity
  8
STAKE_NODES
100
AcDbPoint
 10
682.000223795573
 20
2691.9998168945312
 30
0.0
  0
POINT
  5
370
330
17
100
AcDbEntity
  8
STAKE_NODES
100
AcDbPoint
 10
689.9998982747396
 20
2691.9998168945312
 30
0.0
  0
POINT
  5
371
330
17
100
AcDbEntity
  8
STAKE_NODES
100
AcDbPoint
 10
682.000223795573
 20
2706.999969482422
 30
0.0
  0
LWPOLYLINE
  5
372
330
17
100
AcDbEntity
  8
CLEARING_LIMITS
100
AcDbPolyline
 90
4
 70
0
 10
689.9998982747396
 20
2691.9998168945312
 10
682.000223795573
 20
2706.999969482422
 10
689.9998982747396
 20
2706.999969482422
 10
689.9998982747396
 20
2691.9998168945312
  0
POINT
  5
373
330
17
100
AcDbEntity
  8
STAKE_NODES
100
AcDbPoint
 10
689.9998982747396
 20
2706.999969482422
 30
0.0
  0
LWPOLYLINE
  5
374
330
17
100
AcDbEntity
  8
CLEARING_LIMITS
100
AcDbPolyline
 90
4
 70
0
 10
683.0001831054688
 20
2721.9998677571616
 10
691.0003662109375
 20
2721.9998677571616
 10
683.0001831054688
 20
2733.999888102214
 10
683.0001831054688
 20
2721.9998677571616
  0
POINT
  5
375
330
17
100
AcDbEntity
  8
STAKE_NODES
100
AcDbPoint
 10
683.0001831054688
 20
2721.9998677571616
 30
0.0
  0
POINT
  5
376
330
17
100
AcDbEntity
  8
STAKE_NODES
100
AcDbPoint
 10
691.0003662109375
 20
2721.9998677571616
 30
0.0
  0
POINT
  5
377
330
17
100
AcDbEntity
  8
STAKE_NODES
100
AcDbPoint
 10
683.0001831054688
 20
2733.999888102214
 30
0.0
  0
LWPOLYLINE
  5
378
330
17
100
AcDbEntity
  8
CLEARING_LIMITS
100
AcDbPolyline
 90
4
 70
0
 10
691.0003662109375
 20
2721.9998677571616
 10
683.0001831054688
 20
2733.999888102214
 10
691.0003662109375
 20
2733.999888102214
 10
691.0003662109375
 20
2721.9998677571616
  0
POINT
  5
379
330
17
100
AcDbEntity
  8
STAKE_NODES
100
AcDbPoint
 10
691.0003662109375
 20
2733.999888102214
 30
0.0
  0
LWPOLYLINE
  5
37A
330
17
100
AcDbEntity
  8
CLEARING_LIMITS
100
AcDbPolyline
 90
4
 70
0
 10
684.0001424153646
 20
2735.9998067220054
 10
689.9998982747396
 20
2731.999969482422
 10
705.0003051757812
 20
2765.9998575846357
 10
684.0001424153646
 20
2735.9998067220054
  0
POINT
  5
37B
330
17
100
AcDbEntity
  8
STAKE_NODES
100
AcDbPoint
 10
684.0001424153646
 20
2735.9998067220054
 30
0.0
  0
POINT
  5
37C
330
17
100
AcDbEntity
  8
STAKE_NODES
100
AcDbPoint
 10
689.9998982747396
 20
2731.999969482422
 30
0.0
  0
POINT
  5
37D
330
17
100
AcDbEntity
  8
STAKE_NODES
100
AcDbPoint
 10
705.0003051757812
 20
2765.9998575846357
 30
0.0
  0
LWPOLYLINE
  5
37E
330
17
100
AcDbEntity
  8
CLEARING_LIMITS
100
AcDbPolyline
 90
4
 70
0
 10
689.9998982747396
 20
2731.999969482422
 10
705.0003051757812
 20
2765.9998575846357
 10
711.0000610351562
 20
2760.9998067220054
 10
689.9998982747396
 20
2731.999969482422
  0
POINT
  5
37F
330
17
100
AcDbEntity
  8
STAKE_NODES
100
AcDbPoint
 10
711.0000610351562
 20
2760.9998067220054
 30
0.0
  0
LWPOLYLINE
  5
380
330
17
100
AcDbEntity
  8
CLEARING_LIMITS
100
AcDbPolyline
 90
4
 70
0
 10
709.0001424153646
 20
2767.9997762044272
 10
707.000223795573
 20
2759.9998474121094
 10
735.0001017252605
 20
2762.999979654948
 10
709.0001424153646
 20
2767.9997762044272
  0
POINT
  5
381
330
17
100
AcDbEntity
  8
STAKE_NODES
100
AcDbPoint
 10
709.0001424153646
 20
2767.9997762044272
 30
0.0
  0
POINT
  5
382
330
17
100
AcDbEntity
  8
STAKE_NODES
100
AcDbPoint
 10
707.000223795573
 20
2759.9998474121094
 30
0.0
  0
POINT
  5
383
330
17
100
AcDbEntity
  8
STAKE_NODES
100
AcDbPoint
 10
735.0001017252605
 20
2762.999979654948
 30
0.0
  0
LWPOLYLINE
  5
384
330
17
100
AcDbEntity
  8
CLEARING_LIMITS
100
AcDbPolyline
 90
4
 70
0
 10
707.000223795573
 20
2759.9998474121094
 10
735.0001017252605
 20
2762.999979654948
 10
733.0001831054688
 20
2754.9997965494795
 10
707.000223795573
 20
2759.9998474121094
  0
POINT
  5
385
330
17
100
AcDbEntity
  8
STAKE_NODES
100
AcDbPoint
 10
733.0001831054688
 20
2754.9997965494795
 30
0.0
  0
LWPOLYLINE
  5
386
330
17
100
AcDbEntity
  8
CLEARING_LIMITS
100
AcDbPolyline
 90
4
 70
0
 10
749.0000406901042
 20
2759.9998474121094
 10
748.0000813802084
 20
2751.999918619792
 10
764.0001932779949
 20
2757.999928792318
 10
749.0000406901042
 20
2759.9998474121094
  0
POINT
  5
387
330
17
100
AcDbEntity
  8
STAKE_NODES
100
AcDbPoint
 10
749.0000406901042
 20
2759.9998474121094
 30
0.0
  0
POINT
  5
388
330
17
100
AcDbEntity
  8
STAKE_NODES
100
AcDbPoint
 10
748.0000813802084
 20
2751.999918619792
 30
0.0
  0
POINT
  5
389
330
17
100
AcDbEntity
  8
STAKE_NODES
100
AcDbPoint
 10
764.0001932779949
 20
2757.999928792318
 30
0.0
  0
LWPOLYLINE
  5
38A
330
17
100
AcDbEntity
  8
CLEARING_LIMITS
100
AcDbPolyline
 90
4
 70
0
 10
748.0000813802084
 20
2751.999918619792
 10
764.0001932779949
 20
2757.999928792318
 10
763.000233968099
 20
2750.0
 10
748.0000813802084
 20
2751.999918619792
  0
POINT
  5
38B
330
17
100
AcDbEntity
  8
STAKE_NODES
100
AcDbPoint
 10
763.000233968099
 20
2750.0
 30
0.0
  0
LWPOLYLINE
  5
38C
330
17
100
AcDbEntity
  8
CLEARING_LIMITS
100
AcDbPolyline
 90
4
 70
0
 10
779.0000915527344
 20
2754.9997965494795
 10
777.0001729329427
 20
2746.9998677571616
 10
794.000244140625
 20
2751.999918619792
 10
779.0000915527344
 20
2754.9997965494795
  0
POINT
  5
38D
330
17
100
AcDbEntity
  8
STAKE_NODES
100
AcDbPoint
 10
779.0000915527344
 20
2754.9997965494795
 30
0.0
  0
POINT
  5
38E
330
17
100
AcDbEntity
  8
STAKE_NODES
100
AcDbPoint
 10
777.0001729329427
 20
2746.9998677571616
 30
0.0
  0
POINT
  5
38F
330
17
100
AcDbEntity
  8
STAKE_NODES
100
AcDbPoint
 10
794.000244140625
 20
2751.999918619792
 30
0.0
  0
LWPOLYLINE
  5
390
330
17
100
AcDbEntity
  8
CLEARING_LIMITS
100
AcDbPolyline
 90
4
 70
0
 10
777.0001729329427
 20
2746.9998677571616
 10
794.000244140625
 20
2751.999918619792
 10
792.0000712076824
 20
2743.999989827474
 10
777.0001729329427
 20
2746.9998677571616
  0
POINT
  5
391
330
17
100
AcDbEntity
  8
STAKE_NODES
100
AcDbPoint
 10
792.0000712076824
 20
2743.999989827474
 30
0.0
  0
LWPOLYLINE
  5
392
330
17
100
AcDbEntity
  8
CLEARING_LIMITS
100
AcDbPolyline
 90
4
 70
0
 10
808.0001831054689
 20
2748.999786376953
 10
807.000223795573
 20
2741.9998168945312
 10
882.000223795573
 20
2735.9998067220054
 10
808.0001831054689
 20
2748.999786376953
  0
POINT
  5
393
330
17
100
AcDbEntity
  8
STAKE_NODES
100
AcDbPoint
 10
808.0001831054689
 20
2748.999786376953
 30
0.0
  0
POINT
  5
394
330
17
100
AcDbEntity
  8
STAKE_NODES
100
AcDbPoint
 10
807.000223795573
 20
2741.9998168945312
 30
0.0
  0
POINT
  5
395
330
17
100
AcDbEntity
  8
STAKE_NODES
100
AcDbPoint
 10
882.000223795573
 20
2735.9998067220054
 30
0.0
  0
LWPOLYLINE
  5
396
330
17
100
AcDbEntity
  8
CLEARING_LIMITS
100
AcDbPolyline
 90
4
 70
0
 10
807.000223795573
 20
2741.9998168945312
 10
882.000223795573
 20
2735.9998067220054
 10
881.0000101725261
 20
2727.9998779296875
 10
807.000223795573
 20
2741.9998168945312
  0
POINT
  5
397
330
17
100
AcDbEntity
  8
STAKE_NODES
100
AcDbPoint
 10
881.0000101725261
 20
2727.9998779296875
 30
0.0
  0
LWPOLYLINE
  5
398
330
17
100
AcDbEntity
  8
CLEARING_LIMITS
100
AcDbPolyline
 90
4
 70
0
 10
897.0001220703126
 20
2732.999928792318
 10
896.0001627604167
 20
2725.0
 10
912.0000203450521
 20
2729.9997965494795
 10
897.0001220703126
 20
2732.999928792318
  0
POINT
  5
399
330
17
100
AcDbEntity
  8
STAKE_NODES
100
AcDbPoint
 10
897.0001220703126
 20
2732.999928792318
 30
0.0
  0
POINT
  5
39A
330
17
100
AcDbEntity
  8
STAKE_NODES
100
AcDbPoint
 10
896.0001627604167
 20
2725.0
 30
0.0
  0
POINT
  5
39B
330
17
100
AcDbEntity
  8
STAKE_NODES
100
AcDbPoint
 10
912.0000203450521
 20
2729.9997965494795
 30
0.0
  0
LWPOLYLINE
  5
39C
330
17
100
AcDbEntity
  8
CLEARING_LIMITS
100
AcDbPolyline
 90
4
 70
0
 10
896.0001627604167
 20
2725.0
 10
912.0000203450521
 20
2729.9997965494795
 10
910.0001017252605
 20
2722.9998270670576
 10
896.0001627604167
 20
2725.0
  0
POINT
  5
39D
330
17
100
AcDbEntity
  8
STAKE_NODES
100
AcDbPoint
 10
910.0001017252605
 20
2722.9998270670576
 30
0.0
  0
LWPOLYLINE
  5
39E
330
17
100
AcDbEntity
  8
CLEARING_LIMITS
100
AcDbPolyline
 90
4
 70
0
 10
926.000213623047
 20
2727.9998779296875
 10
925.0002543131511
 20
2719.99994913737
 10
941.0001118977865
 20
2725.0
 10
926.000213623047
 20
2727.9998779296875
  0
POINT
  5
39F
330
17
100
AcDbEntity
  8
STAKE_NODES
100
AcDbPoint
 10
926.000213623047
 20
2727.9998779296875
 30
0.0
  0
POINT
  5
3A0
330
17
100
AcDbEntity
  8
STAKE_NODES
100
AcDbPoint
 10
925.0002543131511
 20
2719.99994913737
 30
0.0
  0
POINT
  5
3A1
330
17
100
AcDbEntity
  8
STAKE_NODES
100
AcDbPoint
 10
941.0001118977865
 20
2725.0
 30
0.0
  0
LWPOLYLINE
  5
3A2
330
17
100
AcDbEntity
  8
CLEARING_LIMITS
100
AcDbPolyline
 90
4
 70
0
 10
925.0002543131511
 20
2719.99994913737
 10
941.0001118977865
 20
2725.0
 10
940.0001525878907
 20
2716.9998168945312
 10
925.0002543131511
 20
2719.99994913737
  0
POINT
  5
3A3
330
17
100
AcDbEntity
  8
STAKE_NODES
100
AcDbPoint
 10
940.0001525878907
 20
2716.9998168945312
 30
0.0
  0
LWPOLYLINE
  5
3A4
330
17
100
AcDbEntity
  8
CLEARING_LIMITS
100
AcDbPolyline
 90
4
 70
0
 10
956.0000101725261
 20
2721.9998677571616
 10
955.0000508626302
 20
2713.9999389648438
 10
1022.0001220703126
 20
2709.9998474121094
 10
956.0000101725261
 20
2721.9998677571616
  0
POINT
  5
3A5
330
17
100
AcDbEntity
  8
STAKE_NODES
100
AcDbPoint
 10
956.0000101725261
 20
2721.9998677571616
 30
0.0
  0
POINT
  5
3A6
330
17
100
AcDbEntity
  8
STAKE_NODES
100
AcDbPoint
 10
955.0000508626302
 20
2713.9999389648438
 30
0.0
  0
POINT
  5
3A7
330
17
100
AcDbEntity
  8
STAKE_NODES
100
AcDbPoint
 10
1022.0001220703126
 20
2709.9998474121094
 30
0.0
  0
LWPOLYLINE
  5
3A8
330
17
100
AcDbEntity
  8
CLEARING_LIMITS
100
AcDbPolyline
 90
4
 70
0
 10
955.0000508626302
 20
2713.9999389648438
 10
1022.0001220703126
 20
2709.9998474121094
 10
1020.0002034505209
 20
2701.999918619792
 10
955.0000508626302
 20
2713.9999389648438
  0
POINT
  5
3A9
330
17
100
AcDbEntity
  8
STAKE_NODES
100
AcDbPoint
 10
1020.0002034505209
 20
2701.999918619792
 30
0.0
  0
LWPOLYLINE
  5
3AA
330
17
100
AcDbEntity
  8
CLEARING_LIMITS
100
AcDbPolyline
 90
4
 70
0
 10
1022.0001220703126
 20
2709.9998474121094
 10
1019.0002441406251
 20
2702.9998779296875
 10
1030.0000508626304
 20
2706.0000101725263
 10
1022.0001220703126
 20
2709.9998474121094
  0
POINT
  5
3AB
330
17
100
AcDbEntity
  8
STAKE_NODES
100
AcDbPoint
 10
1019.0002441406251
 20
2702.9998779296875
 30
0.0
  0
POINT
  5
3AC
330
17
100
AcDbEntity
  8
STAKE_NODES
100
AcDbPoint
 10
1030.0000508626304
 20
2706.0000101725263
 30
0.0
  0
LWPOLYLINE
  5
3AD
330
17
100
AcDbEntity
  8
CLEARING_LIMITS
100
AcDbPolyline
 90
4
 70
0
 10
1019.0002441406251
 20
2702.9998779296875
 10
1030.0000508626304
 20
2706.0000101725263
 10
1027.0001729329429
 20
2698.999786376953
 10
1019.0002441406251
 20
2702.9998779296875
  0
POINT
  5
3AE
330
17
100
AcDbEntity
  8
STAKE_NODES
100
AcDbPoint
 10
1027.0001729329429
 20
2698.999786376953
 30
0.0
  0
LWPOLYLINE
  5
3AF
330
17
100
AcDbEntity
  8
CLEARING_LIMITS
100
AcDbPolyline
 90
4
 70
0
 10
1044.000244140625
 20
2700.0
 10
1040.0001525878906
 20
2692.9997762044272
 10
1057.000223795573
 20
2693.999989827474
 10
1044.000244140625
 20
2700.0
  0
POINT
  5
3B0
330
17
100
AcDbEntity
  8
STAKE_NODES
100
AcDbPoint
 10
1044.000244140625
 20
2700.0
 30
0.0
  0
POINT
  5
3B1
330
17
100
AcDbEntity
  8
STAKE_NODES
100
AcDbPoint
 10
1040.0001525878906
 20
2692.9997762044272
 30
0.0
  0
POINT
  5
3B2
330
17
100
AcDbEntity
  8
STAKE_NODES
100
AcDbPoint
 10
1057.000223795573
 20
2693.999989827474
 30
0.0
  0
LWPOLYLINE
  5
3B3
330
17
100
AcDbEntity
  8
CLEARING_LIMITS
100
AcDbPolyline
 90
4
 70
0
 10
1040.0001525878906
 20
2692.9997762044272
 10
1057.000223795573
 20
2693.999989827474
 10
1054.0000915527344
 20
2687.0000203450522
 10
1040.0001525878906
 20
2692.9997762044272
  0
POINT
  5
3B4
330
17
100
AcDbEntity
  8
STAKE_NODES
100
AcDbPoint
 10
1054.0000915527344
 20
2687.0000203450522
 30
0.0
  0
LWPOLYLINE
  5
3B5
330
17
100
AcDbEntity
  8
CLEARING_LIMITS
100
AcDbPolyline
 90
4
 70
0
 10
1071.0001627604167
 20
2687.999979654948
 10
1068.0000305175781
 20
2681.0000101725263
 10
1085.0001017252605
 20
2681.999969482422
 10
1071.0001627604167
 20
2687.999979654948
  0
POINT
  5
3B6
330
17
100
AcDbEntity
  8
STAKE_NODES
100
AcDbPoint
 10
1071.0001627604167
 20
2687.999979654948
 30
0.0
  0
POINT
  5
3B7
330
17
100
AcDbEntity
  8
STAKE_NODES
100
AcDbPoint
 10
1068.0000305175781
 20
2681.0000101725263
 30
0.0
  0
POINT
  5
3B8
330
17
100
AcDbEntity
  8
STAKE_NODES
100
AcDbPoint
 10
1085.0001017252605
 20
2681.999969482422
 30
0.0
  0
LWPOLYLINE
  5
3B9
330
17
100
AcDbEntity
  8
CLEARING_LIMITS
100
AcDbPolyline
 90
4
 70
0
 10
1068.0000305175781
 20
2681.0000101725263
 10
1085.0001017252605
 20
2681.999969482422
 10
1081.0000101725261
 20
2673.999786376953
 10
1068.0000305175781
 20
2681.0000101725263
  0
POINT
  5
3BA
330
17
100
AcDbEntity
  8
STAKE_NODES
100
AcDbPoint
 10
1081.0000101725261
 20
2673.999786376953
 30
0.0
  0
LWPOLYLINE
  5
3BB
330
17
100
AcDbEntity
  8
CLEARING_LIMITS
100
AcDbPolyline
 90
4
 70
0
 10
1098.0000813802085
 20
2675.999959309896
 10
1095.000203450521
 20
2667.9997762044272
 10
1155.0000508626304
 20
2650.0
 10
1098.0000813802085
 20
2675.999959309896
  0
POINT
  5
3BC
330
17
100
AcDbEntity
  8
STAKE_NODES
100
AcDbPoint
 10
1098.0000813802085
 20
2675.999959309896
 30
0.0
  0
POINT
  5
3BD
330
17
100
AcDbEntity
  8
STAKE_NODES
100
AcDbPoint
 10
1095.000203450521
 20
2667.9997762044272
 30
0.0
  0
POINT
  5
3BE
330
17
100
AcDbEntity
  8
STAKE_NODES
100
AcDbPoint
 10
1155.0000508626304
 20
2650.0
 30
0.0
  0
LWPOLYLINE
  5
3BF
330
17
100
AcDbEntity
  8
CLEARING_LIMITS
100
AcDbPolyline
 90
4
 70
0
 10
1095.000203450521
 20
2667.9997762044272
 10
1155.0000508626304
 20
2650.0
 10
1151.0002136230469
 20
2642.9997762044272
 10
1095.000203450521
 20
2667.9997762044272
  0
POINT
  5
3C0
330
17
100
AcDbEntity
  8
STAKE_NODES
100
AcDbPoint
 10
1151.0002136230469
 20
2642.9997762044272
 30
0.0
  0
LWPOLYLINE
  5
3C1
330
17
100
AcDbEntity
  8
CLEARING_LIMITS
100
AcDbPolyline
 90
4
 70
0
 10
1154.0000915527344
 20
2650.0
 10
1152.0001729329429
 20
2642.9997762044272
 10
1167.0000712076824
 20
2647.9998270670576
 10
1154.0000915527344
 20
2650.0
  0
POINT
  5
3C2
330
17
100
AcDbEntity
  8
STAKE_NODES
100
AcDbPoint
 10
1154.0000915527344
 20
2650.0
 30
0.0
  0
POINT
  5
3C3
330
17
100
AcDbEntity
  8
STAKE_NODES
100
AcDbPoint
 10
1152.0001729329429
 20
2642.9997762044272
 30
0.0
  0
POINT
  5
3C4
330
17
100
AcDbEntity
  8
STAKE_NODES
100
AcDbPoint
 10
1167.0000712076824
 20
2647.9998270670576
 30
0.0
  0
LWPOLYLINE
  5
3C5
330
17
100
AcDbEntity
  8
CLEARING_LIMITS
100
AcDbPolyline
 90
4
 70
0
 10
1152.0001729329429
 20
2642.9997762044272
 10
1167.0000712076824
 20
2647.9998270670576
 10
1165.0001525878906
 20
2639.9998982747397
 10
1152.0001729329429
 20
2642.9997762044272
  0
POINT
  5
3C6
330
17
100
AcDbEntity
  8
STAKE_NODES
100
AcDbPoint
 10
1165.0001525878906
 20
2639.9998982747397
 30
0.0
  0
LWPOLYLINE
  5
3C7
330
17
100
AcDbEntity
  8
CLEARING_LIMITS
100
AcDbPolyline
 90
4
 70
0
 10
1182.000223795573
 20
2644.99994913737
 10
1180.0000508626304
 20
2637.0000203450522
 10
1196.0001627604167
 20
2641.9998168945312
 10
1182.000223795573
 20
2644.99994913737
  0
POINT
  5
3C8
330
17
100
AcDbEntity
  8
STAKE_NODES
100
AcDbPoint
 10
1182.000223795573
 20
2644.99994913737
 30
0.0
  0
POINT
  5
3C9
330
17
100
AcDbEntity
  8
STAKE_NODES
100
AcDbPoint
 10
1180.0000508626304
 20
2637.0000203450522
 30
0.0
  0
POINT
  5
3CA
330
17
100
AcDbEntity
  8
STAKE_NODES
100
AcDbPoint
 10
1196.0001627604167
 20
2641.9998168945312
 30
0.0
  0
LWPOLYLINE
  5
3CB
330
17
100
AcDbEntity
  8
CLEARING_LIMITS
100
AcDbPolyline
 90
4
 70
0
 10
1180.0000508626304
 20
2637.0000203450522
 10
1196.0001627604167
 20
2641.9998168945312
 10
1195.000203450521
 20
2633.999888102214
 10
1180.0000508626304
 20
2637.0000203450522
  0
POINT
  5
3CC
330
17
100
AcDbEntity
  8
STAKE_NODES
100
AcDbPoint
 10
1195.000203450521
 20
2633.999888102214
 30
0.0
  0
LWPOLYLINE
  5
3CD
330
17
100
AcDbEntity
  8
CLEARING_LIMITS
100
AcDbPolyline
 90
4
 70
0
 10
1211.0000610351562
 20
2638.9999389648438
 10
1209.0001424153647
 20
2631.0000101725263
 10
1226.0002136230469
 20
2635.9998067220054
 10
1211.0000610351562
 20
2638.9999389648438
  0
POINT
  5
3CE
330
17
100
AcDbEntity
  8
STAKE_NODES
100
AcDbPoint
 10
1211.0000610351562
 20
2638.9999389648438
 30
0.0
  0
POINT
  5
3CF
330
17
100
AcDbEntity
  8
STAKE_NODES
100
AcDbPoint
 10
1209.0001424153647
 20
2631.0000101725263
 30
0.0
  0
POINT
  5
3D0
330
17
100
AcDbEntity
  8
STAKE_NODES
100
AcDbPoint
 10
1226.0002136230469
 20
2635.9998067220054
 30
0.0
  0
LWPOLYLINE
  5
3D1
330
17
100
AcDbEntity
  8
CLEARING_LIMITS
100
AcDbPolyline
 90
4
 70
0
 10
1209.0001424153647
 20
2631.0000101725263
 10
1226.0002136230469
 20
2635.9998067220054
 10
1224.0000406901042
 20
2627.9998779296875
 10
1209.0001424153647
 20
2631.0000101725263
  0
POINT
  5
3D2
330
17
100
AcDbEntity
  8
STAKE_NODES
100
AcDbPoint
 10
1224.0000406901042
 20
2627.9998779296875
 30
0.0
  0
LWPOLYLINE
  5
3D3
330
17
100
AcDbEntity
  8
CLEARING_LIMITS
100
AcDbPolyline
 90
4
 70
0
 10
1240.0001525878906
 20
2632.999928792318
 10
1239.0001932779949
 20
2625.0
 10
1314.0001932779949
 20
2618.999989827474
 10
1240.0001525878906
 20
2632.999928792318
  0
POINT
  5
3D4
330
17
100
AcDbEntity
  8
STAKE_NODES
100
AcDbPoint
 10
1240.0001525878906
 20
2632.999928792318
 30
0.0
  0
POINT
  5
3D5
330
17
100
AcDbEntity
  8
STAKE_NODES
100
AcDbPoint
 10
1239.0001932779949
 20
2625.0
 30
0.0
  0
POINT
  5
3D6
330
17
100
AcDbEntity
  8
STAKE_NODES
100
AcDbPoint
 10
1314.0001932779949
 20
2618.999989827474
 30
0.0
  0
LWPOLYLINE
  5
3D7
330
17
100
AcDbEntity
  8
CLEARING_LIMITS
100
AcDbPolyline
 90
4
 70
0
 10
1239.0001932779949
 20
2625.0
 10
1314.0001932779949
 20
2618.999989827474
 10
1312.0000203450522
 20
2610.9998067220054
 10
1239.0001932779949
 20
2625.0
  0
POINT
  5
3D8
330
17
100
AcDbEntity
  8
STAKE_NODES
100
AcDbPoint
 10
1312.0000203450522
 20
2610.9998067220054
 30
0.0
  0
LWPOLYLINE
  5
3D9
330
17
100
AcDbEntity
  8
CLEARING_LIMITS
100
AcDbPolyline
 90
4
 70
0
 10
1329.0000915527344
 20
2615.9998575846357
 10
1327.0001729329429
 20
2607.999928792318
 10
1343.0000305175781
 20
2612.999979654948
 10
1329.0000915527344
 20
2615.9998575846357
  0
POINT
  5
3DA
330
17
100
AcDbEntity
  8
STAKE_NODES
100
AcDbPoint
 10
1329.0000915527344
 20
2615.9998575846357
 30
0.0
  0
POINT
  5
3DB
330
17
100
AcDbEntity
  8
STAKE_NODES
100
AcDbPoint
 10
1327.0001729329429
 20
2607.999928792318
 30
0.0
  0
POINT
  5
3DC
330
17
100
AcDbEntity
  8
STAKE_NODES
100
AcDbPoint
 10
1343.0000305175781
 20
2612.999979654948
 30
0.0
  0
LWPOLYLINE
  5
3DD
330
17
100
AcDbEntity
  8
CLEARING_LIMITS
100
AcDbPolyline
 90
4
 70
0
 10
1327.0001729329429
 20
2607.999928792318
 10
1343.0000305175781
 20
2612.999979654948
 10
1342.0000712076824
 20
2604.9997965494795
 10
1327.0001729329429
 20
2607.999928792318
  0
POINT
  5
3DE
330
17
100
AcDbEntity
  8
STAKE_NODES
100
AcDbPoint
 10
1342.0000712076824
 20
2604.9997965494795
 30
0.0
  0
LWPOLYLINE
  5
3DF
330
17
100
AcDbEntity
  8
CLEARING_LIMITS
100
AcDbPolyline
 90
4
 70
0
 10
1358.0001831054688
 20
2609.9998474121094
 10
1357.000223795573
 20
2601.999918619792
 10
1373.0000813802085
 20
2606.999969482422
 10
1358.0001831054688
 20
2609.9998474121094
  0
POINT
  5
3E0
330
17
100
AcDbEntity
  8
STAKE_NODES
100
AcDbPoint
 10
1358.0001831054688
 20
2609.9998474121094
 30
0.0
  0
POINT
  5
3E1
330
17
100
AcDbEntity
  8
STAKE_NODES
100
AcDbPoint
 10
1357.000223795573
 20
2601.999918619792
 30
0.0
  0
POINT
  5
3E2
330
17
100
AcDbEntity
  8
STAKE_NODES
100
AcDbPoint
 10
1373.0000813802085
 20
2606.999969482422
 30
0.0
  0
LWPOLYLINE
  5
3E3
330
17
100
AcDbEntity
  8
CLEARING_LIMITS
100
AcDbPolyline
 90
4
 70
0
 10
1357.000223795573
 20
2601.999918619792
 10
1373.0000813802085
 20
2606.999969482422
 10
1371.0001627604167
 20
2598.999786376953
 10
1357.000223795573
 20
2601.999918619792
  0
POINT
  5
3E4
330
17
100
AcDbEntity
  8
STAKE_NODES
100
AcDbPoint
 10
1371.0001627604167
 20
2598.999786376953
 30
0.0
  0
LWPOLYLINE
  5
3E5
330
17
100
AcDbEntity
  8
CLEARING_LIMITS
100
AcDbPolyline
 90
4
 70
0
 10
1388.000233968099
 20
2603.9998372395835
 10
1386.0000610351562
 20
2595.9999084472656
 10
1461.0000610351562
 20
2588.9999389648438
 10
1388.000233968099
 20
2603.9998372395835
  0
POINT
  5
3E6
330
17
100
AcDbEntity
  8
STAKE_NODES
100
AcDbPoint
 10
1388.000233968099
 20
2603.9998372395835
 30
0.0
  0
POINT
  5
3E7
330
17
100
AcDbEntity
  8
STAKE_NODES
100
AcDbPoint
 10
1386.0000610351562
 20
2595.9999084472656
 30
0.0
  0
POINT
  5
3E8
330
17
100
AcDbEntity
  8
STAKE_NODES
100
AcDbPoint
 10
1461.0000610351562
 20
2588.9999389648438
 30
0.0
  0
LWPOLYLINE
  5
3E9
330
17
100
AcDbEntity
  8
CLEARING_LIMITS
100
AcDbPolyline
 90
4
 70
0
 10
1386.0000610351562
 20
2595.9999084472656
 10
1461.0000610351562
 20
2588.9999389648438
 10
1460.0001017252605
 20
2581.0000101725263
 10
1386.0000610351562
 20
2595.9999084472656
  0
POINT
  5
3EA
330
17
100
AcDbEntity
  8
STAKE_NODES
100
AcDbPoint
 10
1460.0001017252605
 20
2581.0000101725263
 30
0.0
  0
LWPOLYLINE
  5
3EB
330
17
100
AcDbEntity
  8
CLEARING_LIMITS
100
AcDbPolyline
 90
4
 70
0
 10
1476.0002136230469
 20
2585.9998067220054
 10
1474.0000406901042
 20
2578.9998372395835
 10
1491.0001118977866
 20
2582.999928792318
 10
1476.0002136230469
 20
2585.9998067220054
  0
POINT
  5
3EC
330
17
100
AcDbEntity
  8
STAKE_NODES
100
AcDbPoint
 10
1476.0002136230469
 20
2585.9998067220054
 30
0.0
  0
POINT
  5
3ED
330
17
100
AcDbEntity
  8
STAKE_NODES
100
AcDbPoint
 10
1474.0000406901042
 20
2578.9998372395835
 30
0.0
  0
POINT
  5
3EE
330
17
100
AcDbEntity
  8
STAKE_NODES
100
AcDbPoint
 10
1491.0001118977866
 20
2582.999928792318
 30
0.0
  0
LWPOLYLINE
  5
3EF
330
17
100
AcDbEntity
  8
CLEARING_LIMITS
100
AcDbPolyline
 90
4
 70
0
 10
1474.0000406901042
 20
2578.9998372395835
 10
1491.0001118977866
 20
2582.999928792318
 10
1489.0001932779949
 20
2575.999959309896
 10
1474.0000406901042
 20
2578.9998372395835
  0
POINT
  5
3F0
330
17
100
AcDbEntity
  8
STAKE_NODES
100
AcDbPoint
 10
1489.0001932779949
 20
2575.999959309896
 30
0.0
  0
LWPOLYLINE
  5
3F1
330
17
100
AcDbEntity
  8
CLEARING_LIMITS
100
AcDbPolyline
 90
4
 70
0
 10
1505.0000508626304
 20
2581.0000101725263
 10
1504.0000915527344
 20
2572.9998270670576
 10
1520.000203450521
 20
2577.9998779296875
 10
1505.0000508626304
 20
2581.0000101725263
  0
POINT
  5
3F2
330
17
100
AcDbEntity
  8
STAKE_NODES
100
AcDbPoint
 10
1505.0000508626304
 20
2581.0000101725263
 30
0.0
  0
POINT
  5
3F3
330
17
100
AcDbEntity
  8
STAKE_NODES
100
AcDbPoint
 10
1504.0000915527344
 20
2572.9998270670576
 30
0.0
  0
POINT
  5
3F4
330
17
100
AcDbEntity
  8
STAKE_NODES
100
AcDbPoint
 10
1520.000203450521
 20
2577.9998779296875
 30
0.0
  0
LWPOLYLINE
  5
3F5
330
17
100
AcDbEntity
  8
CLEARING_LIMITS
100
AcDbPolyline
 90
4
 70
0
 10
1504.0000915527344
 20
2572.9998270670576
 10
1520.000203450521
 20
2577.9998779296875
 10
1518.0000305175781
 20
2569.99994913737
 10
1504.0000915527344
 20
2572.9998270670576
  0
POINT
  5
3F6
330
17
100
AcDbEntity
  8
STAKE_NODES
100
AcDbPoint
 10
1518.0000305175781
 20
2569.99994913737
 30
0.0
  0
LWPOLYLINE
  5
3F7
330
17
100
AcDbEntity
  8
CLEARING_LIMITS
100
AcDbPolyline
 90
4
 70
0
 10
1535.0001017252605
 20
2575.0
 10
1533.0001831054688
 20
2566.9998168945312
 10
1608.000183105469
 20
2559.9998474121094
 10
1535.0001017252605
 20
2575.0
  0
POINT
  5
3F8
330
17
100
AcDbEntity
  8
STAKE_NODES
100
AcDbPoint
 10
1535.0001017252605
 20
2575.0
 30
0.0
  0
POINT
  5
3F9
330
17
100
AcDbEntity
  8
STAKE_NODES
100
AcDbPoint
 10
1533.0001831054688
 20
2566.9998168945312
 30
0.0
  0
POINT
  5
3FA
330
17
100
AcDbEntity
  8
STAKE_NODES
100
AcDbPoint
 10
1608.000183105469
 20
2559.9998474121094
 30
0.0
  0
LWPOLYLINE
  5
3FB
330
17
100
AcDbEntity
  8
CLEARING_LIMITS
100
AcDbPolyline
 90
4
 70
0
 10
1533.0001831054688
 20
2566.9998168945312
 10
1608.000183105469
 20
2559.9998474121094
 10
1607.000223795573
 20
2551.999918619792
 10
1533.0001831054688
 20
2566.9998168945312
  0
POINT
  5
3FC
330
17
100
AcDbEntity
  8
STAKE_NODES
100
AcDbPoint
 10
1607.000223795573
 20
2551.999918619792
 30
0.0
  0
LWPOLYLINE
  5
3FD
330
17
100
AcDbEntity
  8
CLEARING_LIMITS
100
AcDbPolyline
 90
4
 70
0
 10
1623.0000813802085
 20
2556.999969482422
 10
1621.0001627604167
 20
2548.999786376953
 10
1638.000233968099
 20
2553.9998372395835
 10
1623.0000813802085
 20
2556.999969482422
  0
POINT
  5
3FE
330
17
100
AcDbEntity
  8
STAKE_NODES
100
AcDbPoint
 10
1623.0000813802085
 20
2556.999969482422
 30
0.0
  0
POINT
  5
3FF
330
17
100
AcDbEntity
  8
STAKE_NODES
100
AcDbPoint
 10
1621.0001627604167
 20
2548.999786376953
 30
0.0
  0
POINT
  5
400
330
17
100
AcDbEntity
  8
STAKE_NODES
100
AcDbPoint
 10
1638.000233968099
 20
2553.9998372395835
 30
0.0
  0
LWPOLYLINE
  5
401
330
17
100
AcDbEntity
  8
CLEARING_LIMITS
100
AcDbPolyline
 90
4
 70
0
 10
1621.0001627604167
 20
2548.999786376953
 10
1638.000233968099
 20
2553.9998372395835
 10
1636.0000610351565
 20
2545.9999084472656
 10
1621.0001627604167
 20
2548.999786376953
  0
POINT
  5
402
330
17
100
AcDbEntity
  8
STAKE_NODES
100
AcDbPoint
 10
1636.0000610351565
 20
2545.9999084472656
 30
0.0
  0
LWPOLYLINE
  5
403
330
17
100
AcDbEntity
  8
CLEARING_LIMITS
100
AcDbPolyline
 90
4
 70
0
 10
1652.0001729329429
 20
2550.999959309896
 10
1651.000213623047
 20
2542.9997762044272
 10
1667.0000712076824
 20
2547.9998270670576
 10
1652.0001729329429
 20
2550.999959309896
  0
POINT
  5
404
330
17
100
AcDbEntity
  8
STAKE_NODES
100
AcDbPoint
 10
1652.0001729329429
 20
2550.999959309896
 30
0.0
  0
POINT
  5
405
330
17
100
AcDbEntity
  8
STAKE_NODES
100
AcDbPoint
 10
1651.000213623047
 20
2542.9997762044272
 30
0.0
  0
POINT
  5
406
330
17
100
AcDbEntity
  8
STAKE_NODES
100
AcDbPoint
 10
1667.0000712076824
 20
2547.9998270670576
 30
0.0
  0
LWPOLYLINE
  5
407
330
17
100
AcDbEntity
  8
CLEARING_LIMITS
100
AcDbPolyline
 90
4
 70
0
 10
1651.000213623047
 20
2542.9997762044272
 10
1667.0000712076824
 20
2547.9998270670576
 10
1666.0001118977866
 20
2540.9998575846357
 10
1651.000213623047
 20
2542.9997762044272
  0
POINT
  5
408
330
17
100
AcDbEntity
  8
STAKE_NODES
100
AcDbPoint
 10
1666.0001118977866
 20
2540.9998575846357
 30
0.0
  0
LWPOLYLINE
  5
409
330
17
100
AcDbEntity
  8
CLEARING_LIMITS
100
AcDbPolyline
 90
4
 70
0
 10
1682.000223795573
 20
2544.99994913737
 10
1680.0000508626304
 20
2537.999979654948
 10
1755.0000508626304
 20
2531.0000101725263
 10
1682.000223795573
 20
2544.99994913737
  0
POINT
  5
40A
330
17
100
AcDbEntity
  8
STAKE_NODES
100
AcDbPoint
 10
1682.000223795573
 20
2544.99994913737
 30
0.0
  0
POINT
  5
40B
330
17
100
AcDbEntity
  8
STAKE_NODES
100
AcDbPoint
 10
1680.0000508626304
 20
2537.999979654948
 30
0.0
  0
POINT
  5
40C
330
17
100
AcDbEntity
  8
STAKE_NODES
100
AcDbPoint
 10
1755.0000508626304
 20
2531.0000101725263
 30
0.0
  0
LWPOLYLINE
  5
40D
330
17
100
AcDbEntity
  8
CLEARING_LIMITS
100
AcDbPolyline
 90
4
 70
0
 10
1680.0000508626304
 20
2537.999979654948
 10
1755.0000508626304
 20
2531.0000101725263
 10
1754.0000915527346
 20
2522.9998270670576
 10
1680.0000508626304
 20
2537.999979654948
  0
POINT
  5
40E
330
17
100
AcDbEntity
  8
STAKE_NODES
100
AcDbPoint
 10
1754.0000915527346
 20
2522.9998270670576
 30
0.0
  0
LWPOLYLINE
  5
40F
330
17
100
AcDbEntity
  8
CLEARING_LIMITS
100
AcDbPolyline
 90
4
 70
0
 10
1770.000203450521
 20
2527.9998779296875
 10
1768.999989827474
 20
2519.99994913737
 10
1785.0001017252605
 20
2525.0
 10
1770.000203450521
 20
2527.9998779296875
  0
POINT
  5
410
330
17
100
AcDbEntity
  8
STAKE_NODES
100
AcDbPoint
 10
1770.000203450521
 20
2527.9998779296875
 30
0.0
  0
POINT
  5
411
330
17
100
AcDbEntity
  8
STAKE_NODES
100
AcDbPoint
 10
1768.999989827474
 20
2519.99994913737
 30
0.0
  0
POINT
  5
412
330
17
100
AcDbEntity
  8
STAKE_NODES
100
AcDbPoint
 10
1785.0001017252605
 20
2525.0
 30
0.0
  0
LWPOLYLINE
  5
413
330
17
100
AcDbEntity
  8
CLEARING_LIMITS
100
AcDbPolyline
 90
4
 70
0
 10
1768.999989827474
 20
2519.99994913737
 10
1785.0001017252605
 20
2525.0
 10
1783.000183105469
 20
2516.9998168945312
 10
1768.999989827474
 20
2519.99994913737
  0
POINT
  5
414
330
17
100
AcDbEntity
  8
STAKE_NODES
100
AcDbPoint
 10
1783.000183105469
 20
2516.9998168945312
 30
0.0
  0
LWPOLYLINE
  5
415
330
17
100
AcDbEntity
  8
CLEARING_LIMITS
100
AcDbPolyline
 90
4
 70
0
 10
1800.0000000000002
 20
2521.9998677571616
 10
1798.0000813802085
 20
2513.9999389648438
 10
1814.0001932779949
 20
2518.999989827474
 10
1800.0000000000002
 20
2521.9998677571616
  0
POINT
  5
416
330
17
100
AcDbEntity
  8
STAKE_NODES
100
AcDbPoint
 10
1800.0000000000002
 20
2521.9998677571616
 30
0.0
  0
POINT
  5
417
330
17
100
AcDbEntity
  8
STAKE_NODES
100
AcDbPoint
 10
1798.0000813802085
 20
2513.9999389648438
 30
0.0
  0
POINT
  5
418
330
17
100
AcDbEntity
  8
STAKE_NODES
100
AcDbPoint
 10
1814.0001932779949
 20
2518.999989827474
 30
0.0
  0
LWPOLYLINE
  5
419
330
17
100
AcDbEntity
  8
CLEARING_LIMITS
100
AcDbPolyline
 90
4
 70
0
 10
1798.0000813802085
 20
2513.9999389648438
 10
1814.0001932779949
 20
2518.999989827474
 10
1813.000233968099
 20
2510.9998067220054
 10
1798.0000813802085
 20
2513.9999389648438
  0
POINT
  5
41A
330
17
100
AcDbEntity
  8
STAKE_NODES
100
AcDbPoint
 10
1813.000233968099
 20
2510.9998067220054
 30
0.0
  0
LWPOLYLINE
  5
41B
330
17
100
AcDbEntity
  8
CLEARING_LIMITS
100
AcDbPolyline
 90
4
 70
0
 10
1829.0000915527346
 20
2515.9998575846357
 10
1827.0001729329429
 20
2507.999928792318
 10
1903.0001322428386
 20
2501.999918619792
 10
1829.0000915527346
 20
2515.9998575846357
  0
POINT
  5
41C
330
17
100
AcDbEntity
  8
STAKE_NODES
100
AcDbPoint
 10
1829.0000915527346
 20
2515.9998575846357
 30
0.0
  0
POINT
  5
41D
330
17
100
AcDbEntity
  8
STAKE_NODES
100
AcDbPoint
 10
1827.0001729329429
 20
2507.999928792318
 30
0.0
  0
POINT
  5
41E
330
17
100
AcDbEntity
  8
STAKE_NODES
100
AcDbPoint
 10
1903.0001322428386
 20
2501.999918619792
 30
0.0
  0
LWPOLYLINE
  5
41F
330
17
100
AcDbEntity
  8
CLEARING_LIMITS
100
AcDbPolyline
 90
4
 70
0
 10
1827.0001729329429
 20
2507.999928792318
 10
1903.0001322428386
 20
2501.999918619792
 10
1901.000213623047
 20
2493.999989827474
 10
1827.0001729329429
 20
2507.999928792318
  0
POINT
  5
420
330
17
100
AcDbEntity
  8
STAKE_NODES
100
AcDbPoint
 10
1901.000213623047
 20
2493.999989827474
 30
0.0
  0
LWPOLYLINE
  5
421
330
17
100
AcDbEntity
  8
CLEARING_LIMITS
100
AcDbPolyline
 90
4
 70
0
 10
1917.0000712076824
 20
2498.999786376953
 10
1916.0001118977866
 20
2490.9998575846357
 10
1932.000223795573
 20
2495.9999084472656
 10
1917.0000712076824
 20
2498.999786376953
  0
POINT
  5
422
330
17
100
AcDbEntity
  8
STAKE_NODES
100
AcDbPoint
 10
1917.0000712076824
 20
2498.999786376953
 30
0.0
  0
POINT
  5
423
330
17
100
AcDbEntity
  8
STAKE_NODES
100
AcDbPoint
 10
1916.0001118977866
 20
2490.9998575846357
 30
0.0
  0
POINT
  5
424
330
17
100
AcDbEntity
  8
STAKE_NODES
100
AcDbPoint
 10
1932.000223795573
 20
2495.9999084472656
 30
0.0
  0
LWPOLYLINE
  5
425
330
17
100
AcDbEntity
  8
CLEARING_LIMITS
100
AcDbPolyline
 90
4
 70
0
 10
1916.0001118977866
 20
2490.9998575846357
 10
1932.000223795573
 20
2495.9999084472656
 10
1931.0000101725261
 20
2487.999979654948
 10
1916.0001118977866
 20
2490.9998575846357
  0
POINT
  5
426
330
17
100
AcDbEntity
  8
STAKE_NODES
100
AcDbPoint
 10
1931.0000101725261
 20
2487.999979654948
 30
0.0
  0
LWPOLYLINE
  5
427
330
17
100
AcDbEntity
  8
CLEARING_LIMITS
100
AcDbPolyline
 90
4
 70
0
 10
1947.0001220703127
 20
2492.9997762044272
 10
1945.000203450521
 20
2484.9998474121094
 10
1962.0000203450522
 20
2489.9998982747397
 10
1947.0001220703127
 20
2492.9997762044272
  0
POINT
  5
428
330
17
100
AcDbEntity
  8
STAKE_NODES
100
AcDbPoint
 10
1947.0001220703127
 20
2492.9997762044272
 30
0.0
  0
POINT
  5
429
330
17
100
AcDbEntity
  8
STAKE_NODES
100
AcDbPoint
 10
1945.000203450521
 20
2484.9998474121094
 30
0.0
  0
POINT
  5
42A
330
17
100
AcDbEntity
  8
STAKE_NODES
100
AcDbPoint
 10
1962.0000203450522
 20
2489.9998982747397
 30
0.0
  0
LWPOLYLINE
  5
42B
330
17
100
AcDbEntity
  8
CLEARING_LIMITS
100
AcDbPolyline
 90
4
 70
0
 10
1945.000203450521
 20
2484.9998474121094
 10
1962.0000203450522
 20
2489.9998982747397
 10
1960.0001017252605
 20
2482.999928792318
 10
1945.000203450521
 20
2484.9998474121094
  0
POINT
  5
42C
330
17
100
AcDbEntity
  8
STAKE_NODES
100
AcDbPoint
 10
1960.0001017252605
 20
2482.999928792318
 30
0.0
  0
LWPOLYLINE
  5
42D
330
17
100
AcDbEntity
  8
CLEARING_LIMITS
100
AcDbPolyline
 90
4
 70
0
 10
1976.000213623047
 20
2487.999979654948
 10
1975.0000000000002
 20
2479.9997965494795
 10
2050.0
 20
2472.9998270670576
 10
1976.000213623047
 20
2487.999979654948
  0
POINT
  5
42E
330
17
100
AcDbEntity
  8
STAKE_NODES
100
AcDbPoint
 10
1976.000213623047
 20
2487.999979654948
 30
0.0
  0
POINT
  5
42F
330
17
100
AcDbEntity
  8
STAKE_NODES
100
AcDbPoint
 10
1975.0000000000002
 20
2479.9997965494795
 30
0.0
  0
POINT
  5
430
330
17
100
AcDbEntity
  8
STAKE_NODES
100
AcDbPoint
 10
2050.0
 20
2472.9998270670576
 30
0.0
  0
LWPOLYLINE
  5
431
330
17
100
AcDbEntity
  8
CLEARING_LIMITS
100
AcDbPolyline
 90
4
 70
0
 10
1975.0000000000002
 20
2479.9997965494795
 10
2050.0
 20
2472.9998270670576
 10
2048.0000813802085
 20
2464.9998982747397
 10
1975.0000000000002
 20
2479.9997965494795
  0
POINT
  5
432
330
17
100
AcDbEntity
  8
STAKE_NODES
100
AcDbPoint
 10
2048.0000813802085
 20
2464.9998982747397
 30
0.0
  0
LWPOLYLINE
  5
433
330
17
100
AcDbEntity
  8
CLEARING_LIMITS
100
AcDbPolyline
 90
4
 70
0
 10
2065.0001525878906
 20
2469.99994913737
 10
2063.000233968099
 20
2462.0000203450522
 10
2079.0000915527344
 20
2466.9998168945312
 10
2065.0001525878906
 20
2469.99994913737
  0
POINT
  5
434
330
17
100
AcDbEntity
  8
STAKE_NODES
100
AcDbPoint
 10
2065.0001525878906
 20
2469.99994913737
 30
0.0
  0
POINT
  5
435
330
17
100
AcDbEntity
  8
STAKE_NODES
100
AcDbPoint
 10
2063.000233968099
 20
2462.0000203450522
 30
0.0
  0
POINT
  5
436
330
17
100
AcDbEntity
  8
STAKE_NODES
100
AcDbPoint
 10
2079.0000915527344
 20
2466.9998168945312
 30
0.0
  0
LWPOLYLINE
  5
437
330
17
100
AcDbEntity
  8
CLEARING_LIMITS
100
AcDbPolyline
 90
4
 70
0
 10
2063.000233968099
 20
2462.0000203450522
 10
2079.0000915527344
 20
2466.9998168945312
 10
2078.000132242839
 20
2459.9998474121094
 10
2063.000233968099
 20
2462.0000203450522
  0
POINT
  5
438
330
17
100
AcDbEntity
  8
STAKE_NODES
100
AcDbPoint
 10
2078.000132242839
 20
2459.9998474121094
 30
0.0
  0
LWPOLYLINE
  5
439
330
17
100
AcDbEntity
  8
CLEARING_LIMITS
100
AcDbPolyline
 90
4
 70
0
 10
2093.999989827474
 20
2464.9998982747397
 10
2093.000030517578
 20
2456.999969482422
 10
2109.0001424153647
 20
2462.0000203450522
 10
2093.999989827474
 20
2464.9998982747397
  0
POINT
  5
43A
330
17
100
AcDbEntity
  8
STAKE_NODES
100
AcDbPoint
 10
2093.999989827474
 20
2464.9998982747397
 30
0.0
  0
POINT
  5
43B
330
17
100
AcDbEntity
  8
STAKE_NODES
100
AcDbPoint
 10
2093.000030517578
 20
2456.999969482422
 30
0.0
  0
POINT
  5
43C
330
17
100
AcDbEntity
  8
STAKE_NODES
100
AcDbPoint
 10
2109.0001424153647
 20
2462.0000203450522
 30
0.0
  0
LWPOLYLINE
  5
43D
330
17
100
AcDbEntity
  8
CLEARING_LIMITS
100
AcDbPolyline
 90
4
 70
0
 10
2093.000030517578
 20
2456.999969482422
 10
2109.0001424153647
 20
2462.0000203450522
 10
2107.000223795573
 20
2453.9998372395835
 10
2093.000030517578
 20
2456.999969482422
  0
POINT
  5
43E
330
17
100
AcDbEntity
  8
STAKE_NODES
100
AcDbPoint
 10
2107.000223795573
 20
2453.9998372395835
 30
0.0
  0
LWPOLYLINE
  5
43F
330
17
100
AcDbEntity
  8
CLEARING_LIMITS
100
AcDbPolyline
 90
4
 70
0
 10
2124.0000406901045
 20
2458.999888102214
 10
2122.0001220703125
 20
2450.999959309896
 10
2154.0000915527344
 20
2452.9998779296875
 10
2124.0000406901045
 20
2458.999888102214
  0
POINT
  5
440
330
17
100
AcDbEntity
  8
STAKE_NODES
100
AcDbPoint
 10
2124.0000406901045
 20
2458.999888102214
 30
0.0
  0
POINT
  5
441
330
17
100
AcDbEntity
  8
STAKE_NODES
100
AcDbPoint
 10
2122.0001220703125
 20
2450.999959309896
 30
0.0
  0
POINT
  5
442
330
17
100
AcDbEntity
  8
STAKE_NODES
100
AcDbPoint
 10
2154.0000915527344
 20
2452.9998779296875
 30
0.0
  0
LWPOLYLINE
  5
443
330
17
100
AcDbEntity
  8
CLEARING_LIMITS
100
AcDbPolyline
 90
4
 70
0
 10
2122.0001220703125
 20
2450.999959309896
 10
2154.0000915527344
 20
2452.9998779296875
 10
2153.000132242839
 20
2444.99994913737
 10
2122.0001220703125
 20
2450.999959309896
  0
POINT
  5
444
330
17
100
AcDbEntity
  8
STAKE_NODES
100
AcDbPoint
 10
2153.000132242839
 20
2444.99994913737
 30
0.0
  0
LWPOLYLINE
  5
445
330
17
100
AcDbEntity
  8
CLEARING_LIMITS
100
AcDbPolyline
 90
4
 70
0
 10
2155.0000508626304
 20
2452.9998779296875
 10
2153.000132242839
 20
2444.99994913737
 10
2197.0001220703125
 20
2442.9997762044272
 10
2155.0000508626304
 20
2452.9998779296875
  0
POINT
  5
446
330
17
100
AcDbEntity
  8
STAKE_NODES
100
AcDbPoint
 10
2155.0000508626304
 20
2452.9998779296875
 30
0.0
  0
POINT
  5
447
330
17
100
AcDbEntity
  8
STAKE_NODES
100
AcDbPoint
 10
2197.0001220703125
 20
2442.9997762044272
 30
0.0
  0
LWPOLYLINE
  5
448
330
17
100
AcDbEntity
  8
CLEARING_LIMITS
100
AcDbPolyline
 90
4
 70
0
 10
2153.000132242839
 20
2444.99994913737
 10
2197.0001220703125
 20
2442.9997762044272
 10
2195.000203450521
 20
2434.9998474121094
 10
2153.000132242839
 20
2444.99994913737
  0
POINT
  5
449
330
17
100
AcDbEntity
  8
STAKE_NODES
100
AcDbPoint
 10
2195.000203450521
 20
2434.9998474121094
 30
0.0
  0
LWPOLYLINE
  5
44A
330
17
100
AcDbEntity
  8
CLEARING_LIMITS
100
AcDbPolyline
 90
4
 70
0
 10
2212.0000203450522
 20
2439.9998982747397
 10
2210.0001017252607
 20
2431.999969482422
 10
2226.000213623047
 20
2435.9998067220054
 10
2212.0000203450522
 20
2439.9998982747397
  0
POINT
  5
44B
330
17
100
AcDbEntity
  8
STAKE_NODES
100
AcDbPoint
 10
2212.0000203450522
 20
2439.9998982747397
 30
0.0
  0
POINT
  5
44C
330
17
100
AcDbEntity
  8
STAKE_NODES
100
AcDbPoint
 10
2210.0001017252607
 20
2431.999969482422
 30
0.0
  0
POINT
  5
44D
330
17
100
AcDbEntity
  8
STAKE_NODES
100
AcDbPoint
 10
2226.000213623047
 20
2435.9998067220054
 30
0.0
  0
LWPOLYLINE
  5
44E
330
17
100
AcDbEntity
  8
CLEARING_LIMITS
100
AcDbPolyline
 90
4
 70
0
 10
2210.0001017252607
 20
2431.999969482422
 10
2226.000213623047
 20
2435.9998067220054
 10
2224.0000406901045
 20
2428.9998372395835
 10
2210.0001017252607
 20
2431.999969482422
  0
POINT
  5
44F
330
17
100
AcDbEntity
  8
STAKE_NODES
100
AcDbPoint
 10
2224.0000406901045
 20
2428.9998372395835
 30
0.0
  0
LWPOLYLINE
  5
450
330
17
100
AcDbEntity
  8
CLEARING_LIMITS
100
AcDbPolyline
 90
4
 70
0
 10
2241.0001118977866
 20
2432.999928792318
 10
2239.000193277995
 20
2425.0
 10
2255.0000508626304
 20
2429.9997965494795
 10
2241.0001118977866
 20
2432.999928792318
  0
POINT
  5
451
330
17
100
AcDbEntity
  8
STAKE_NODES
100
AcDbPoint
 10
2241.0001118977866
 20
2432.999928792318
 30
0.0
  0
POINT
  5
452
330
17
100
AcDbEntity
  8
STAKE_NODES
100
AcDbPoint
 10
2239.000193277995
 20
2425.0
 30
0.0
  0
POINT
  5
453
330
17
100
AcDbEntity
  8
STAKE_NODES
100
AcDbPoint
 10
2255.0000508626304
 20
2429.9997965494795
 30
0.0
  0
LWPOLYLINE
  5
454
330
17
100
AcDbEntity
  8
CLEARING_LIMITS
100
AcDbPolyline
 90
4
 70
0
 10
2239.000193277995
 20
2425.0
 10
2255.0000508626304
 20
2429.9997965494795
 10
2254.0000915527344
 20
2421.9998677571616
 10
2239.000193277995
 20
2425.0
  0
POINT
  5
455
330
17
100
AcDbEntity
  8
STAKE_NODES
100
AcDbPoint
 10
2254.0000915527344
 20
2421.9998677571616
 30
0.0
  0
LWPOLYLINE
  5
456
330
17
100
AcDbEntity
  8
CLEARING_LIMITS
100
AcDbPolyline
 90
4
 70
0
 10
2270.000203450521
 20
2425.999959309896
 10
2268.000030517578
 20
2418.000030517578
 10
2293.000030517578
 20
2420.9999084472656
 10
2270.000203450521
 20
2425.999959309896
  0
POINT
  5
457
330
17
100
AcDbEntity
  8
STAKE_NODES
100
AcDbPoint
 10
2270.000203450521
 20
2425.999959309896
 30
0.0
  0
POINT
  5
458
330
17
100
AcDbEntity
  8
STAKE_NODES
100
AcDbPoint
 10
2268.000030517578
 20
2418.000030517578
 30
0.0
  0
POINT
  5
459
330
17
100
AcDbEntity
  8
STAKE_NODES
100
AcDbPoint
 10
2293.000030517578
 20
2420.9999084472656
 30
0.0
  0
LWPOLYLINE
  5
45A
330
17
100
AcDbEntity
  8
CLEARING_LIMITS
100
AcDbPolyline
 90
4
 70
0
 10
2268.000030517578
 20
2418.000030517578
 10
2293.000030517578
 20
2420.9999084472656
 10
2292.0000712076826
 20
2412.999979654948
 10
2268.000030517578
 20
2418.000030517578
  0
POINT
  5
45B
330
17
100
AcDbEntity
  8
STAKE_NODES
100
AcDbPoint
 10
2292.0000712076826
 20
2412.999979654948
 30
0.0
  0
LWPOLYLINE
  5
45C
330
17
100
AcDbEntity
  8
CLEARING_LIMITS
100
AcDbPolyline
 90
4
 70
0
 10
2293.999989827474
 20
2420.9999084472656
 10
2291.0001118977866
 20
2412.999979654948
 10
2341.0001118977866
 20
2400.0
 10
2293.999989827474
 20
2420.9999084472656
  0
POINT
  5
45D
330
17
100
AcDbEntity
  8
STAKE_NODES
100
AcDbPoint
 10
2293.999989827474
 20
2420.9999084472656
 30
0.0
  0
POINT
  5
45E
330
17
100
AcDbEntity
  8
STAKE_NODES
100
AcDbPoint
 10
2291.0001118977866
 20
2412.999979654948
 30
0.0
  0
POINT
  5
45F
330
17
100
AcDbEntity
  8
STAKE_NODES
100
AcDbPoint
 10
2341.0001118977866
 20
2400.0
 30
0.0
  0
LWPOLYLINE
  5
460
330
17
100
AcDbEntity
  8
CLEARING_LIMITS
100
AcDbPolyline
 90
4
 70
0
 10
2291.0001118977866
 20
2412.999979654948
 10
2341.0001118977866
 20
2400.0
 10
2337.999979654948
 20
2391.9998168945312
 10
2291.0001118977866
 20
2412.999979654948
  0
POINT
  5
461
330
17
100
AcDbEntity
  8
STAKE_NODES
100
AcDbPoint
 10
2337.999979654948
 20
2391.9998168945312
 30
0.0
  0
LWPOLYLINE
  5
462
330
17
100
AcDbEntity
  8
CLEARING_LIMITS
100
AcDbPolyline
 90
4
 70
0
 10
2354.0000915527344
 20
2393.999989827474
 10
2351.000213623047
 20
2385.9998067220054
 10
2368.000030517578
 20
2387.0000203450522
 10
2354.0000915527344
 20
2393.999989827474
  0
POINT
  5
463
330
17
100
AcDbEntity
  8
STAKE_NODES
100
AcDbPoint
 10
2354.0000915527344
 20
2393.999989827474
 30
0.0
  0
POINT
  5
464
330
17
100
AcDbEntity
  8
STAKE_NODES
100
AcDbPoint
 10
2351.000213623047
 20
2385.9998067220054
 30
0.0
  0
POINT
  5
465
330
17
100
AcDbEntity
  8
STAKE_NODES
100
AcDbPoint
 10
2368.000030517578
 20
2387.0000203450522
 30
0.0
  0
LWPOLYLINE
  5
466
330
17
100
AcDbEntity
  8
CLEARING_LIMITS
100
AcDbPolyline
 90
4
 70
0
 10
2351.000213623047
 20
2385.9998067220054
 10
2368.000030517578
 20
2387.0000203450522
 10
2365.0001525878906
 20
2379.9997965494795
 10
2351.000213623047
 20
2385.9998067220054
  0
POINT
  5
467
330
17
100
AcDbEntity
  8
STAKE_NODES
100
AcDbPoint
 10
2365.0001525878906
 20
2379.9997965494795
 30
0.0
  0
LWPOLYLINE
  5
468
330
17
100
AcDbEntity
  8
CLEARING_LIMITS
100
AcDbPolyline
 90
4
 70
0
 10
2382.000223795573
 20
2381.0000101725263
 10
2379.0000915527344
 20
2373.999786376953
 10
2396.000162760417
 20
2375.0
 10
2382.000223795573
 20
2381.0000101725263
  0
POINT
  5
469
330
17
100
AcDbEntity
  8
STAKE_NODES
100
AcDbPoint
 10
2382.000223795573
 20
2381.0000101725263
 30
0.0
  0
POINT
  5
46A
330
17
100
AcDbEntity
  8
STAKE_NODES
100
AcDbPoint
 10
2379.0000915527344
 20
2373.999786376953
 30
0.0
  0
POINT
  5
46B
330
17
100
AcDbEntity
  8
STAKE_NODES
100
AcDbPoint
 10
2396.000162760417
 20
2375.0
 30
0.0
  0
LWPOLYLINE
  5
46C
330
17
100
AcDbEntity
  8
CLEARING_LIMITS
100
AcDbPolyline
 90
4
 70
0
 10
2379.0000915527344
 20
2373.999786376953
 10
2396.000162760417
 20
2375.0
 10
2392.0000712076826
 20
2368.000030517578
 10
2379.0000915527344
 20
2373.999786376953
  0
POINT
  5
46D
330
17
100
AcDbEntity
  8
STAKE_NODES
100
AcDbPoint
 10
2392.0000712076826
 20
2368.000030517578
 30
0.0
  0
LWPOLYLINE
  5
46E
330
17
100
AcDbEntity
  8
CLEARING_LIMITS
100
AcDbPolyline
 90
4
 70
0
 10
2409.0001424153647
 20
2368.999989827474
 10
2406.0000101725263
 20
2362.0000203450522
 10
2417.0000712076826
 20
2365.9998575846357
 10
2409.0001424153647
 20
2368.999989827474
  0
POINT
  5
46F
330
17
100
AcDbEntity
  8
STAKE_NODES
100
AcDbPoint
 10
2409.0001424153647
 20
2368.999989827474
 30
0.0
  0
POINT
  5
470
330
17
100
AcDbEntity
  8
STAKE_NODES
100
AcDbPoint
 10
2406.0000101725263
 20
2362.0000203450522
 30
0.0
  0
POINT
  5
471
330
17
100
AcDbEntity
  8
STAKE_NODES
100
AcDbPoint
 10
2417.0000712076826
 20
2365.9998575846357
 30
0.0
  0
LWPOLYLINE
  5
472
330
17
100
AcDbEntity
  8
CLEARING_LIMITS
100
AcDbPolyline
 90
4
 70
0
 10
2406.0000101725263
 20
2362.0000203450522
 10
2417.0000712076826
 20
2365.9998575846357
 10
2414.000193277995
 20
2357.999928792318
 10
2406.0000101725263
 20
2362.0000203450522
  0
POINT
  5
473
330
17
100
AcDbEntity
  8
STAKE_NODES
100
AcDbPoint
 10
2414.000193277995
 20
2357.999928792318
 30
0.0
  0
LWPOLYLINE
  5
474
330
17
100
AcDbEntity
  8
CLEARING_LIMITS
100
AcDbPolyline
 90
4
 70
0
 10
2415.0001525878906
 20
2365.9998575846357
 10
2415.0001525878906
 20
2357.999928792318
 10
2482.000223795573
 20
2363.9999389648438
 10
2415.0001525878906
 20
2365.9998575846357
  0
POINT
  5
475
330
17
100
AcDbEntity
  8
STAKE_NODES
100
AcDbPoint
 10
2415.0001525878906
 20
2365.9998575846357
 30
0.0
  0
POINT
  5
476
330
17
100
AcDbEntity
  8
STAKE_NODES
100
AcDbPoint
 10
2415.0001525878906
 20
2357.999928792318
 30
0.0
  0
POINT
  5
477
330
17
100
AcDbEntity
  8
STAKE_NODES
100
AcDbPoint
 10
2482.000223795573
 20
2363.9999389648438
 30
0.0
  0
LWPOLYLINE
  5
478
330
17
100
AcDbEntity
  8
CLEARING_LIMITS
100
AcDbPolyline
 90
4
 70
0
 10
2415.0001525878906
 20
2357.999928792318
 10
2482.000223795573
 20
2363.9999389648438
 10
2482.000223795573
 20
2356.0000101725263
 10
2415.0001525878906
 20
2357.999928792318
  0
POINT
  5
479
330
17
100
AcDbEntity
  8
STAKE_NODES
100
AcDbPoint
 10
2482.000223795573
 20
2356.0000101725263
 30
0.0
  0
LWPOLYLINE
  5
47A
330
17
100
AcDbEntity
  8
CLEARING_LIMITS
100
AcDbPolyline
 90
4
 70
0
 10
2497.0001220703125
 20
2362.999979654948
 10
2497.0001220703125
 20
2354.9997965494795
 10
2512.0000203450522
 20
2362.999979654948
 10
2497.0001220703125
 20
2362.999979654948
  0
POINT
  5
47B
330
17
100
AcDbEntity
  8
STAKE_NODES
100
AcDbPoint
 10
2497.0001220703125
 20
2362.999979654948
 30
0.0
  0
POINT
  5
47C
330
17
100
AcDbEntity
  8
STAKE_NODES
100
AcDbPoint
 10
2497.0001220703125
 20
2354.9997965494795
 30
0.0
  0
POINT
  5
47D
330
17
100
AcDbEntity
  8
STAKE_NODES
100
AcDbPoint
 10
2512.0000203450522
 20
2362.999979654948
 30
0.0
  0
LWPOLYLINE
  5
47E
330
17
100
AcDbEntity
  8
CLEARING_LIMITS
100
AcDbPolyline
 90
4
 70
0
 10
2497.0001220703125
 20
2354.9997965494795
 10
2512.0000203450522
 20
2362.999979654948
 10
2512.0000203450522
 20
2354.9997965494795
 10
2497.0001220703125
 20
2354.9997965494795
  0
POINT
  5
47F
330
17
100
AcDbEntity
  8
STAKE_NODES
100
AcDbPoint
 10
2512.0000203450522
 20
2354.9997965494795
 30
0.0
  0
LWPOLYLINE
  5
480
330
17
100
AcDbEntity
  8
CLEARING_LIMITS
100
AcDbPolyline
 90
4
 70
0
 10
2527.000172932943
 20
2362.0000203450522
 10
2527.000172932943
 20
2353.9998372395835
 10
2542.0000712076826
 20
2362.0000203450522
 10
2527.000172932943
 20
2362.0000203450522
  0
POINT
  5
481
330
17
100
AcDbEntity
  8
STAKE_NODES
100
AcDbPoint
 10
2527.000172932943
 20
2362.0000203450522
 30
0.0
  0
POINT
  5
482
330
17
100
AcDbEntity
  8
STAKE_NODES
100
AcDbPoint
 10
2527.000172932943
 20
2353.9998372395835
 30
0.0
  0
POINT
  5
483
330
17
100
AcDbEntity
  8
STAKE_NODES
100
AcDbPoint
 10
2542.0000712076826
 20
2362.0000203450522
 30
0.0
  0
LWPOLYLINE
  5
484
330
17
100
AcDbEntity
  8
CLEARING_LIMITS
100
AcDbPolyline
 90
4
 70
0
 10
2527.000172932943
 20
2353.9998372395835
 10
2542.0000712076826
 20
2362.0000203450522
 10
2542.0000712076826
 20
2353.9998372395835
 10
2527.000172932943
 20
2353.9998372395835
  0
POINT
  5
485
330
17
100
AcDbEntity
  8
STAKE_NODES
100
AcDbPoint
 10
2542.0000712076826
 20
2353.9998372395835
 30
0.0
  0
LWPOLYLINE
  5
486
330
17
100
AcDbEntity
  8
CLEARING_LIMITS
100
AcDbPolyline
 90
4
 70
0
 10
2556.999969482422
 20
2360.9998067220054
 10
2556.999969482422
 20
2352.9998779296875
 10
2631.999969482422
 20
2358.999888102214
 10
2556.999969482422
 20
2360.9998067220054
  0
POINT
  5
487
330
17
100
AcDbEntity
  8
STAKE_NODES
100
AcDbPoint
 10
2556.999969482422
 20
2360.9998067220054
 30
0.0
  0
POINT
  5
488
330
17
100
AcDbEntity
  8
STAKE_NODES
100
AcDbPoint
 10
2556.999969482422
 20
2352.9998779296875
 30
0.0
  0
POINT
  5
489
330
17
100
AcDbEntity
  8
STAKE_NODES
100
AcDbPoint
 10
2631.999969482422
 20
2358.999888102214
 30
0.0
  0
LWPOLYLINE
  5
48A
330
17
100
AcDbEntity
  8
CLEARING_LIMITS
100
AcDbPolyline
 90
4
 70
0
 10
2556.999969482422
 20
2352.9998779296875
 10
2631.999969482422
 20
2358.999888102214
 10
2631.999969482422
 20
2350.999959309896
 10
2556.999969482422
 20
2352.9998779296875
  0
POINT
  5
48B
330
17
100
AcDbEntity
  8
STAKE_NODES
100
AcDbPoint
 10
2631.999969482422
 20
2350.999959309896
 30
0.0
  0
LWPOLYLINE
  5
48C
330
17
100
AcDbEntity
  8
CLEARING_LIMITS
100
AcDbPolyline
 90
4
 70
0
 10
2647.0001220703125
 20
2357.999928792318
 10
2646.000162760417
 20
2350.0
 10
2662.0000203450522
 20
2356.0000101725263
 10
2647.0001220703125
 20
2357.999928792318
  0
POINT
  5
48D
330
17
100
AcDbEntity
  8
STAKE_NODES
100
AcDbPoint
 10
2647.0001220703125
 20
2357.999928792318
 30
0.0
  0
POINT
  5
48E
330
17
100
AcDbEntity
  8
STAKE_NODES
100
AcDbPoint
 10
2646.000162760417
 20
2350.0
 30
0.0
  0
POINT
  5
48F
330
17
100
AcDbEntity
  8
STAKE_NODES
100
AcDbPoint
 10
2662.0000203450522
 20
2356.0000101725263
 30
0.0
  0
LWPOLYLINE
  5
490
330
17
100
AcDbEntity
  8
CLEARING_LIMITS
100
AcDbPolyline
 90
4
 70
0
 10
2646.000162760417
 20
2350.0
 10
2662.0000203450522
 20
2356.0000101725263
 10
2661.0000610351562
 20
2347.9998270670576
 10
2646.000162760417
 20
2350.0
  0
POINT
  5
491
330
17
100
AcDbEntity
  8
STAKE_NODES
100
AcDbPoint
 10
2661.0000610351562
 20
2347.9998270670576
 30
0.0
  0
LWPOLYLINE
  5
492
330
17
100
AcDbEntity
  8
CLEARING_LIMITS
100
AcDbPolyline
 90
4
 70
0
 10
2677.000172932943
 20
2353.9998372395835
 10
2676.000213623047
 20
2345.9999084472656
 10
2692.0000712076826
 20
2350.999959309896
 10
2677.000172932943
 20
2353.9998372395835
  0
POINT
  5
493
330
17
100
AcDbEntity
  8
STAKE_NODES
100
AcDbPoint
 10
2677.000172932943
 20
2353.9998372395835
 30
0.0
  0
POINT
  5
494
330
17
100
AcDbEntity
  8
STAKE_NODES
100
AcDbPoint
 10
2676.000213623047
 20
2345.9999084472656
 30
0.0
  0
POINT
  5
495
330
17
100
AcDbEntity
  8
STAKE_NODES
100
AcDbPoint
 10
2692.0000712076826
 20
2350.999959309896
 30
0.0
  0
LWPOLYLINE
  5
496
330
17
100
AcDbEntity
  8
CLEARING_LIMITS
100
AcDbPolyline
 90
4
 70
0
 10
2676.000213623047
 20
2345.9999084472656
 10
2692.0000712076826
 20
2350.999959309896
 10
2691.0001118977866
 20
2343.000030517578
 10
2676.000213623047
 20
2345.9999084472656
  0
POINT
  5
497
330
17
100
AcDbEntity
  8
STAKE_NODES
100
AcDbPoint
 10
2691.0001118977866
 20
2343.000030517578
 30
0.0
  0
LWPOLYLINE
  5
498
330
17
100
AcDbEntity
  8
CLEARING_LIMITS
100
AcDbPolyline
 90
4
 70
0
 10
2706.999969482422
 20
2348.999786376953
 10
2705.0000508626304
 20
2340.9998575846357
 10
2781.0000101725263
 20
2337.999979654948
 10
2706.999969482422
 20
2348.999786376953
  0
POINT
  5
499
330
17
100
AcDbEntity
  8
STAKE_NODES
100
AcDbPoint
 10
2706.999969482422
 20
2348.999786376953
 30
0.0
  0
POINT
  5
49A
330
17
100
AcDbEntity
  8
STAKE_NODES
100
AcDbPoint
 10
2705.0000508626304
 20
2340.9998575846357
 30
0.0
  0
POINT
  5
49B
330
17
100
AcDbEntity
  8
STAKE_NODES
100
AcDbPoint
 10
2781.0000101725263
 20
2337.999979654948
 30
0.0
  0
LWPOLYLINE
  5
49C
330
17
100
AcDbEntity
  8
CLEARING_LIMITS
100
AcDbPolyline
 90
4
 70
0
 10
2705.0000508626304
 20
2340.9998575846357
 10
2781.0000101725263
 20
2337.999979654948
 10
2780.0000508626304
 20
2329.9997965494795
 10
2705.0000508626304
 20
2340.9998575846357
  0
POINT
  5
49D
330
17
100
AcDbEntity
  8
STAKE_NODES
100
AcDbPoint
 10
2780.0000508626304
 20
2329.9997965494795
 30
0.0
  0
LWPOLYLINE
  5
49E
330
17
100
AcDbEntity
  8
CLEARING_LIMITS
100
AcDbPolyline
 90
4
 70
0
 10
2796.000162760417
 20
2335.9998067220054
 10
2795.000203450521
 20
2327.9998779296875
 10
2811.0000610351562
 20
2332.999928792318
 10
2796.000162760417
 20
2335.9998067220054
  0
POINT
  5
49F
330
17
100
AcDbEntity
  8
STAKE_NODES
100
AcDbPoint
 10
2796.000162760417
 20
2335.9998067220054
 30
0.0
  0
POINT
  5
4A0
330
17
100
AcDbEntity
  8
STAKE_NODES
100
AcDbPoint
 10
2795.000203450521
 20
2327.9998779296875
 30
0.0
  0
POINT
  5
4A1
330
17
100
AcDbEntity
  8
STAKE_NODES
100
AcDbPoint
 10
2811.0000610351562
 20
2332.999928792318
 30
0.0
  0
LWPOLYLINE
  5
4A2
330
17
100
AcDbEntity
  8
CLEARING_LIMITS
100
AcDbPolyline
 90
4
 70
0
 10
2795.000203450521
 20
2327.9998779296875
 10
2811.0000610351562
 20
2332.999928792318
 10
2809.0001424153647
 20
2325.999959309896
 10
2795.000203450521
 20
2327.9998779296875
  0
POINT
  5
4A3
330
17
100
AcDbEntity
  8
STAKE_NODES
100
AcDbPoint
 10
2809.0001424153647
 20
2325.999959309896
 30
0.0
  0
LWPOLYLINE
  5
4A4
330
17
100
AcDbEntity
  8
CLEARING_LIMITS
100
AcDbPolyline
 90
4
 70
0
 10
2825.0
 20
2331.0000101725263
 10
2824.0000406901045
 20
2322.9998270670576
 10
2840.0001525878906
 20
2328.9998372395835
 10
2825.0
 20
2331.0000101725263
  0
POINT
  5
4A5
330
17
100
AcDbEntity
  8
STAKE_NODES
100
AcDbPoint
 10
2825.0
 20
2331.0000101725263
 30
0.0
  0
POINT
  5
4A6
330
17
100
AcDbEntity
  8
STAKE_NODES
100
AcDbPoint
 10
2824.0000406901045
 20
2322.9998270670576
 30
0.0
  0
POINT
  5
4A7
330
17
100
AcDbEntity
  8
STAKE_NODES
100
AcDbPoint
 10
2840.0001525878906
 20
2328.9998372395835
 30
0.0
  0
LWPOLYLINE
  5
4A8
330
17
100
AcDbEntity
  8
CLEARING_LIMITS
100
AcDbPolyline
 90
4
 70
0
 10
2824.0000406901045
 20
2322.9998270670576
 10
2840.0001525878906
 20
2328.9998372395835
 10
2839.000193277995
 20
2320.9999084472656
 10
2824.0000406901045
 20
2322.9998270670576
  0
POINT
  5
4A9
330
17
100
AcDbEntity
  8
STAKE_NODES
100
AcDbPoint
 10
2839.000193277995
 20
2320.9999084472656
 30
0.0
  0
LWPOLYLINE
  5
4AA
330
17
100
AcDbEntity
  8
CLEARING_LIMITS
100
AcDbPolyline
 90
4
 70
0
 10
2855.0000508626304
 20
2326.999918619792
 10
2854.0000915527344
 20
2318.999989827474
 10
2929.0000915527344
 20
2315.9998575846357
 10
2855.0000508626304
 20
2326.999918619792
  0
POINT
  5
4AB
330
17
100
AcDbEntity
  8
STAKE_NODES
100
AcDbPoint
 10
2855.0000508626304
 20
2326.999918619792
 30
0.0
  0
POINT
  5
4AC
330
17
100
AcDbEntity
  8
STAKE_NODES
100
AcDbPoint
 10
2854.0000915527344
 20
2318.999989827474
 30
0.0
  0
POINT
  5
4AD
330
17
100
AcDbEntity
  8
STAKE_NODES
100
AcDbPoint
 10
2929.0000915527344
 20
2315.9998575846357
 30
0.0
  0
LWPOLYLINE
  5
4AE
330
17
100
AcDbEntity
  8
CLEARING_LIMITS
100
AcDbPolyline
 90
4
 70
0
 10
2854.0000915527344
 20
2318.999989827474
 10
2929.0000915527344
 20
2315.9998575846357
 10
2928.000132242839
 20
2307.999928792318
 10
2854.0000915527344
 20
2318.999989827474
  0
POINT
  5
4AF
330
17
100
AcDbEntity
  8
STAKE_NODES
100
AcDbPoint
 10
2928.000132242839
 20
2307.999928792318
 30
0.0
  0
LWPOLYLINE
  5
4B0
330
17
100
AcDbEntity
  8
CLEARING_LIMITS
100
AcDbPolyline
 90
4
 70
0
 10
2944.000244140625
 20
2312.999979654948
 10
2943.000030517578
 20
2306.0000101725263
 10
2959.0001424153647
 20
2310.9998067220054
 10
2944.000244140625
 20
2312.999979654948
  0
POINT
  5
4B1
330
17
100
AcDbEntity
  8
STAKE_NODES
100
AcDbPoint
 10
2944.000244140625
 20
2312.999979654948
 30
0.0
  0
POINT
  5
4B2
330
17
100
AcDbEntity
  8
STAKE_NODES
100
AcDbPoint
 10
2943.000030517578
 20
2306.0000101725263
 30
0.0
  0
POINT
  5
4B3
330
17
100
AcDbEntity
  8
STAKE_NODES
100
AcDbPoint
 10
2959.0001424153647
 20
2310.9998067220054
 30
0.0
  0
LWPOLYLINE
  5
4B4
330
17
100
AcDbEntity
  8
CLEARING_LIMITS
100
AcDbPolyline
 90
4
 70
0
 10
2943.000030517578
 20
2306.0000101725263
 10
2959.0001424153647
 20
2310.9998067220054
 10
2958.0001831054688
 20
2302.9998779296875
 10
2943.000030517578
 20
2306.0000101725263
  0
POINT
  5
4B5
330
17
100
AcDbEntity
  8
STAKE_NODES
100
AcDbPoint
 10
2958.0001831054688
 20
2302.9998779296875
 30
0.0
  0
LWPOLYLINE
  5
4B6
330
17
100
AcDbEntity
  8
CLEARING_LIMITS
100
AcDbPolyline
 90
4
 70
0
 10
2974.0000406901045
 20
2308.999888102214
 10
2973.0000813802085
 20
2300.999959309896
 10
2984.0001424153647
 20
2306.999969482422
 10
2974.0000406901045
 20
2308.999888102214
  0
POINT
  5
4B7
330
17
100
AcDbEntity
  8
STAKE_NODES
100
AcDbPoint
 10
2974.0000406901045
 20
2308.999888102214
 30
0.0
  0
POINT
  5
4B8
330
17
100
AcDbEntity
  8
STAKE_NODES
100
AcDbPoint
 10
2973.0000813802085
 20
2300.999959309896
 30
0.0
  0
POINT
  5
4B9
330
17
100
AcDbEntity
  8
STAKE_NODES
100
AcDbPoint
 10
2984.0001424153647
 20
2306.999969482422
 30
0.0
  0
LWPOLYLINE
  5
4BA
330
17
100
AcDbEntity
  8
CLEARING_LIMITS
100
AcDbPolyline
 90
4
 70
0
 10
2973.0000813802085
 20
2300.999959309896
 10
2984.0001424153647
 20
2306.999969482422
 10
2982.000223795573
 20
2300.0
 10
2973.0000813802085
 20
2300.999959309896
  0
POINT
  5
4BB
330
17
100
AcDbEntity
  8
STAKE_NODES
100
AcDbPoint
 10
2982.000223795573
 20
2300.0
 30
0.0
  0
LWPOLYLINE
  5
4BC
330
17
100
AcDbEntity
  8
CLEARING_LIMITS
100
AcDbPolyline
 90
4
 70
0
 10
2984.0001424153647
 20
2306.999969482422
 10
2982.000223795573
 20
2300.0
 10
2988.9999389648438
 20
2306.999969482422
 10
2984.0001424153647
 20
2306.999969482422
  0
POINT
  5
4BD
330
17
100
AcDbEntity
  8
STAKE_NODES
100
AcDbPoint
 10
2988.9999389648438
 20
2306.999969482422
 30
0.0
  0
LWPOLYLINE
  5
4BE
330
17
100
AcDbEntity
  8
CLEARING_LIMITS
100
AcDbPolyline
 90
4
 70
0
 10
2982.000223795573
 20
2300.0
 10
2988.9999389648438
 20
2306.999969482422
 10
2987.0000203450522
 20
2298.999786376953
 10
2982.000223795573
 20
2300.0
  0
POINT
  5
4BF
330
17
100
AcDbEntity
  8
STAKE_NODES
100
AcDbPoint
 10
2987.0000203450522
 20
2298.999786376953
 30
0.0
  0
LWPOLYLINE
  5
4C0
330
17
100
AcDbEntity
  8
CLEARING_LIMITS
100
AcDbPolyline
 90
4
 70
0
 10
3003.000132242839
 20
2303.9998372395835
 10
3001.999918619792
 20
2295.9999084472656
 10
3076.999918619792
 20
2289.9998982747397
 10
3003.000132242839
 20
2303.9998372395835
  0
POINT
  5
4C1
330
17
100
AcDbEntity
  8
STAKE_NODES
100
AcDbPoint
 10
3003.000132242839
 20
2303.9998372395835
 30
0.0
  0
POINT
  5
4C2
330
17
100
AcDbEntity
  8
STAKE_NODES
100
AcDbPoint
 10
3001.999918619792
 20
2295.9999084472656
 30
0.0
  0
POINT
  5
4C3
330
17
100
AcDbEntity
  8
STAKE_NODES
100
AcDbPoint
 10
3076.999918619792
 20
2289.9998982747397
 30
0.0
  0
LWPOLYLINE
  5
4C4
330
17
100
AcDbEntity
  8
CLEARING_LIMITS
100
AcDbPolyline
 90
4
 70
0
 10
3001.999918619792
 20
2295.9999084472656
 10
3076.999918619792
 20
2289.9998982747397
 10
3075.999959309896
 20
2282.999928792318
 10
3001.999918619792
 20
2295.9999084472656
  0
POINT
  5
4C5
330
17
100
AcDbEntity
  8
STAKE_NODES
100
AcDbPoint
 10
3075.999959309896
 20
2282.999928792318
 30
0.0
  0
LWPOLYLINE
  5
4C6
330
17
100
AcDbEntity
  8
CLEARING_LIMITS
100
AcDbPolyline
 90
4
 70
0
 10
3092.0000712076826
 20
2287.999979654948
 10
3091.0001118977866
 20
2279.9997965494795
 10
3107.000223795573
 20
2284.9998474121094
 10
3092.0000712076826
 20
2287.999979654948
  0
POINT
  5
4C7
330
17
100
AcDbEntity
  8
STAKE_NODES
100
AcDbPoint
 10
3092.0000712076826
 20
2287.999979654948
 30
0.0
  0
POINT
  5
4C8
330
17
100
AcDbEntity
  8
STAKE_NODES
100
AcDbPoint
 10
3091.0001118977866
 20
2279.9997965494795
 30
0.0
  0
POINT
  5
4C9
330
17
100
AcDbEntity
  8
STAKE_NODES
100
AcDbPoint
 10
3107.000223795573
 20
2284.9998474121094
 30
0.0
  0
LWPOLYLINE
  5
4CA
330
17
100
AcDbEntity
  8
CLEARING_LIMITS
100
AcDbPolyline
 90
4
 70
0
 10
3091.0001118977866
 20
2279.9997965494795
 10
3107.000223795573
 20
2284.9998474121094
 10
3105.0000508626304
 20
2276.999918619792
 10
3091.0001118977866
 20
2279.9997965494795
  0
POINT
  5
4CB
330
17
100
AcDbEntity
  8
STAKE_NODES
100
AcDbPoint
 10
3105.0000508626304
 20
2276.999918619792
 30
0.0
  0
LWPOLYLINE
  5
4CC
330
17
100
AcDbEntity
  8
CLEARING_LIMITS
100
AcDbPolyline
 90
4
 70
0
 10
3122.0001220703125
 20
2281.999969482422
 10
3120.000203450521
 20
2275.0
 10
3136.0000610351562
 20
2279.9997965494795
 10
3122.0001220703125
 20
2281.999969482422
  0
POINT
  5
4CD
330
17
100
AcDbEntity
  8
STAKE_NODES
100
AcDbPoint
 10
3122.0001220703125
 20
2281.999969482422
 30
0.0
  0
POINT
  5
4CE
330
17
100
AcDbEntity
  8
STAKE_NODES
100
AcDbPoint
 10
3120.000203450521
 20
2275.0
 30
0.0
  0
POINT
  5
4CF
330
17
100
AcDbEntity
  8
STAKE_NODES
100
AcDbPoint
 10
3136.0000610351562
 20
2279.9997965494795
 30
0.0
  0
LWPOLYLINE
  5
4D0
330
17
100
AcDbEntity
  8
CLEARING_LIMITS
100
AcDbPolyline
 90
4
 70
0
 10
3120.000203450521
 20
2275.0
 10
3136.0000610351562
 20
2279.9997965494795
 10
3135.0001017252607
 20
2271.9998677571616
 10
3120.000203450521
 20
2275.0
  0
POINT
  5
4D1
330
17
100
AcDbEntity
  8
STAKE_NODES
100
AcDbPoint
 10
3135.0001017252607
 20
2271.9998677571616
 30
0.0
  0
LWPOLYLINE
  5
4D2
330
17
100
AcDbEntity
  8
CLEARING_LIMITS
100
AcDbPolyline
 90
4
 70
0
 10
3150.999959309896
 20
2276.999918619792
 10
3150.0
 20
2268.999989827474
 10
3222.000122070313
 20
2263.9999389648438
 10
3150.999959309896
 20
2276.999918619792
  0
POINT
  5
4D3
330
17
100
AcDbEntity
  8
STAKE_NODES
100
AcDbPoint
 10
3150.999959309896
 20
2276.999918619792
 30
0.0
  0
POINT
  5
4D4
330
17
100
AcDbEntity
  8
STAKE_NODES
100
AcDbPoint
 10
3150.0
 20
2268.999989827474
 30
0.0
  0
POINT
  5
4D5
330
17
100
AcDbEntity
  8
STAKE_NODES
100
AcDbPoint
 10
3222.000122070313
 20
2263.9999389648438
 30
0.0
  0
LWPOLYLINE
  5
4D6
330
17
100
AcDbEntity
  8
CLEARING_LIMITS
100
AcDbPolyline
 90
4
 70
0
 10
3150.0
 20
2268.999989827474
 10
3222.000122070313
 20
2263.9999389648438
 10
3220.000203450521
 20
2256.0000101725263
 10
3150.0
 20
2268.999989827474
  0
POINT
  5
4D7
330
17
100
AcDbEntity
  8
STAKE_NODES
100
AcDbPoint
 10
3220.000203450521
 20
2256.0000101725263
 30
0.0
  0
LWPOLYLINE
  5
4D8
330
17
100
AcDbEntity
  8
CLEARING_LIMITS
100
AcDbPolyline
 90
4
 70
0
 10
3222.000122070313
 20
2263.9999389648438
 10
3220.000203450521
 20
2256.0000101725263
 10
3225.0000000000005
 20
2262.999979654948
 10
3222.000122070313
 20
2263.9999389648438
  0
POINT
  5
4D9
330
17
100
AcDbEntity
  8
STAKE_NODES
100
AcDbPoint
 10
3225.0000000000005
 20
2262.999979654948
 30
0.0
  0
LWPOLYLINE
  5
4DA
330
17
100
AcDbEntity
  8
CLEARING_LIMITS
100
AcDbPolyline
 90
4
 70
0
 10
3220.000203450521
 20
2256.0000101725263
 10
3225.0000000000005
 20
2262.999979654948
 10
3223.0000813802085
 20
2256.0000101725263
 10
3220.000203450521
 20
2256.0000101725263
  0
POINT
  5
4DB
330
17
100
AcDbEntity
  8
STAKE_NODES
100
AcDbPoint
 10
3223.0000813802085
 20
2256.0000101725263
 30
0.0
  0
LWPOLYLINE
  5
4DC
330
17
100
AcDbEntity
  8
CLEARING_LIMITS
100
AcDbPolyline
 90
4
 70
0
 10
3239.9998982747397
 20
2258.999888102214
 10
3237.999979654948
 20
2251.999918619792
 10
3254.000091552735
 20
2256.0000101725263
 10
3239.9998982747397
 20
2258.999888102214
  0
POINT
  5
4DD
330
17
100
AcDbEntity
  8
STAKE_NODES
100
AcDbPoint
 10
3239.9998982747397
 20
2258.999888102214
 30
0.0
  0
POINT
  5
4DE
330
17
100
AcDbEntity
  8
STAKE_NODES
100
AcDbPoint
 10
3237.999979654948
 20
2251.999918619792
 30
0.0
  0
POINT
  5
4DF
330
17
100
AcDbEntity
  8
STAKE_NODES
100
AcDbPoint
 10
3254.000091552735
 20
2256.0000101725263
 30
0.0
  0
LWPOLYLINE
  5
4E0
330
17
100
AcDbEntity
  8
CLEARING_LIMITS
100
AcDbPolyline
 90
4
 70
0
 10
3237.999979654948
 20
2251.999918619792
 10
3254.000091552735
 20
2256.0000101725263
 10
3251.999918619792
 20
2247.9998270670576
 10
3237.999979654948
 20
2251.999918619792
  0
POINT
  5
4E1
330
17
100
AcDbEntity
  8
STAKE_NODES
100
AcDbPoint
 10
3251.999918619792
 20
2247.9998270670576
 30
0.0
  0
LWPOLYLINE
  5
4E2
330
17
100
AcDbEntity
  8
CLEARING_LIMITS
100
AcDbPolyline
 90
4
 70
0
 10
3269.0002441406255
 20
2251.999918619792
 10
3267.0000712076826
 20
2243.999989827474
 10
3283.000183105469
 20
2247.9998270670576
 10
3269.0002441406255
 20
2251.999918619792
  0
POINT
  5
4E3
330
17
100
AcDbEntity
  8
STAKE_NODES
100
AcDbPoint
 10
3269.0002441406255
 20
2251.999918619792
 30
0.0
  0
POINT
  5
4E4
330
17
100
AcDbEntity
  8
STAKE_NODES
100
AcDbPoint
 10
3267.0000712076826
 20
2243.999989827474
 30
0.0
  0
POINT
  5
4E5
330
17
100
AcDbEntity
  8
STAKE_NODES
100
AcDbPoint
 10
3283.000183105469
 20
2247.9998270670576
 30
0.0
  0
LWPOLYLINE
  5
4E6
330
17
100
AcDbEntity
  8
CLEARING_LIMITS
100
AcDbPolyline
 90
4
 70
0
 10
3267.0000712076826
 20
2243.999989827474
 10
3283.000183105469
 20
2247.9998270670576
 10
3281.0002644856772
 20
2239.9998982747397
 10
3267.0000712076826
 20
2243.999989827474
  0
POINT
  5
4E7
330
17
100
AcDbEntity
  8
STAKE_NODES
100
AcDbPoint
 10
3281.0002644856772
 20
2239.9998982747397
 30
0.0
  0
LWPOLYLINE
  5
4E8
330
17
100
AcDbEntity
  8
CLEARING_LIMITS
100
AcDbPolyline
 90
4
 70
0
 10
3298.0000813802085
 20
2243.999989827474
 10
3296.000162760417
 20
2235.9998067220054
 10
3370.000203450521
 20
2225.0
 10
3298.0000813802085
 20
2243.999989827474
  0
POINT
  5
4E9
330
17
100
AcDbEntity
  8
STAKE_NODES
100
AcDbPoint
 10
3298.0000813802085
 20
2243.999989827474
 30
0.0
  0
POINT
  5
4EA
330
17
100
AcDbEntity
  8
STAKE_NODES
100
AcDbPoint
 10
3296.000162760417
 20
2235.9998067220054
 30
0.0
  0
POINT
  5
4EB
330
17
100
AcDbEntity
  8
STAKE_NODES
100
AcDbPoint
 10
3370.000203450521
 20
2225.0
 30
0.0
  0
LWPOLYLINE
  5
4EC
330
17
100
AcDbEntity
  8
CLEARING_LIMITS
100
AcDbPolyline
 90
4
 70
0
 10
3296.000162760417
 20
2235.9998067220054
 10
3370.000203450521
 20
2225.0
 10
3368.0000305175786
 20
2216.9998168945312
 10
3296.000162760417
 20
2235.9998067220054
  0
POINT
  5
4ED
330
17
100
AcDbEntity
  8
STAKE_NODES
100
AcDbPoint
 10
3368.0000305175786
 20
2216.9998168945312
 30
0.0
  0
LWPOLYLINE
  5
4EE
330
17
100
AcDbEntity
  8
CLEARING_LIMITS
100
AcDbPolyline
 90
4
 70
0
 10
3385.0001017252607
 20
2220.9999084472656
 10
3383.000183105469
 20
2212.999979654948
 10
3399.0000406901045
 20
2216.9998168945312
 10
3385.0001017252607
 20
2220.9999084472656
  0
POINT
  5
4EF
330
17
100
AcDbEntity
  8
STAKE_NODES
100
AcDbPoint
 10
3385.0001017252607
 20
2220.9999084472656
 30
0.0
  0
POINT
  5
4F0
330
17
100
AcDbEntity
  8
STAKE_NODES
100
AcDbPoint
 10
3383.000183105469
 20
2212.999979654948
 30
0.0
  0
POINT
  5
4F1
330
17
100
AcDbEntity
  8
STAKE_NODES
100
AcDbPoint
 10
3399.0000406901045
 20
2216.9998168945312
 30
0.0
  0
LWPOLYLINE
  5
4F2
330
17
100
AcDbEntity
  8
CLEARING_LIMITS
100
AcDbPolyline
 90
4
 70
0
 10
3383.000183105469
 20
2212.999979654948
 10
3399.0000406901045
 20
2216.9998168945312
 10
3397.000122070313
 20
2208.999888102214
 10
3383.000183105469
 20
2212.999979654948
  0
POINT
  5
4F3
330
17
100
AcDbEntity
  8
STAKE_NODES
100
AcDbPoint
 10
3397.000122070313
 20
2208.999888102214
 30
0.0
  0
LWPOLYLINE
  5
4F4
330
17
100
AcDbEntity
  8
CLEARING_LIMITS
100
AcDbPolyline
 90
4
 70
0
 10
3413.999938964844
 20
2212.999979654948
 10
3412.0000203450522
 20
2206.0000101725263
 10
3428.000132242839
 20
2208.999888102214
 10
3413.999938964844
 20
2212.999979654948
  0
POINT
  5
4F5
330
17
100
AcDbEntity
  8
STAKE_NODES
100
AcDbPoint
 10
3413.999938964844
 20
2212.999979654948
 30
0.0
  0
POINT
  5
4F6
330
17
100
AcDbEntity
  8
STAKE_NODES
100
AcDbPoint
 10
3412.0000203450522
 20
2206.0000101725263
 30
0.0
  0
POINT
  5
4F7
330
17
100
AcDbEntity
  8
STAKE_NODES
100
AcDbPoint
 10
3428.000132242839
 20
2208.999888102214
 30
0.0
  0
LWPOLYLINE
  5
4F8
330
17
100
AcDbEntity
  8
CLEARING_LIMITS
100
AcDbPolyline
 90
4
 70
0
 10
3412.0000203450522
 20
2206.0000101725263
 10
3428.000132242839
 20
2208.999888102214
 10
3425.999959309896
 20
2201.999918619792
 10
3412.0000203450522
 20
2206.0000101725263
  0
POINT
  5
4F9
330
17
100
AcDbEntity
  8
STAKE_NODES
100
AcDbPoint
 10
3425.999959309896
 20
2201.999918619792
 30
0.0
  0
LWPOLYLINE
  5
4FA
330
17
100
AcDbEntity
  8
CLEARING_LIMITS
100
AcDbPolyline
 90
4
 70
0
 10
3443.0000305175786
 20
2206.0000101725263
 10
3441.0001118977866
 20
2197.9998270670576
 10
3480.0000508626304
 20
2195.9999084472656
 10
3443.0000305175786
 20
2206.0000101725263
  0
POINT
  5
4FB
330
17
100
AcDbEntity
  8
STAKE_NODES
100
AcDbPoint
 10
3443.0000305175786
 20
2206.0000101725263
 30
0.0
  0
POINT
  5
4FC
330
17
100
AcDbEntity
  8
STAKE_NODES
100
AcDbPoint
 10
3441.0001118977866
 20
2197.9998270670576
 30
0.0
  0
POINT
  5
4FD
330
17
100
AcDbEntity
  8
STAKE_NODES
100
AcDbPoint
 10
3480.0000508626304
 20
2195.9999084472656
 30
0.0
  0
LWPOLYLINE
  5
4FE
330
17
100
AcDbEntity
  8
CLEARING_LIMITS
100
AcDbPolyline
 90
4
 70
0
 10
3441.0001118977866
 20
2197.9998270670576
 10
3480.0000508626304
 20
2195.9999084472656
 10
3478.000132242839
 20
2187.999979654948
 10
3441.0001118977866
 20
2197.9998270670576
  0
POINT
  5
4FF
330
17
100
AcDbEntity
  8
STAKE_NODES
100
AcDbPoint
 10
3478.000132242839
 20
2187.999979654948
 30
0.0
  0
LINE
  5
500
330
17
100
AcDbEntity
  8
CLEARING_LIMITS
100
AcDbLine
 10
3480.0000508626304
 20
2195.9999084472656
 30
0.0
 11
3478.000132242839
 21
2187.999979654948
 31
0.0
  0
LWPOLYLINE
  5
501
330
17
100
AcDbEntity
  8
SANITARY_CLEAR_ZONE
100
AcDbPolyline
 90
4
 70
0
 10
3621.000162760417
 20
999.0000406901042
 10
3623.0000813802085
 20
997.0001220703126
 10
3647.000122070313
 20
1027.9998779296875
 10
3621.000162760417
 20
999.0000406901042
  0
POINT
  5
502
330
17
100
AcDbEntity
  8
STAKE_NODES
100
AcDbPoint
 10
3621.000162760417
 20
999.0000406901042
 30
0.0
  0
POINT
  5
503
330
17
100
AcDbEntity
  8
STAKE_NODES
100
AcDbPoint
 10
3623.0000813802085
 20
997.0001220703126
 30
0.0
  0
POINT
  5
504
330
17
100
AcDbEntity
  8
STAKE_NODES
100
AcDbPoint
 10
3647.000122070313
 20
1027.9998779296875
 30
0.0
  0
LWPOLYLINE
  5
505
330
17
100
AcDbEntity
  8
SANITARY_CLEAR_ZONE
100
AcDbPolyline
 90
4
 70
0
 10
3623.0000813802085
 20
997.0001220703126
 10
3647.000122070313
 20
1027.9998779296875
 10
3649.0000406901045
 20
1025.999959309896
 10
3623.0000813802085
 20
997.0001220703126
  0
POINT
  5
506
330
17
100
AcDbEntity
  8
STAKE_NODES
100
AcDbPoint
 10
3649.0000406901045
 20
1025.999959309896
 30
0.0
  0
LWPOLYLINE
  5
507
330
17
100
AcDbEntity
  8
SANITARY_CLEAR_ZONE
100
AcDbPolyline
 90
5
 70
0
 10
3667.0000712076826
 20
1032.9999287923179
 10
3666.0001118977866
 20
1031.9999694824219
 10
3642.0000712076826
 20
1037.0000203450522
 10
3643.0000305175786
 20
1037.0000203450522
 10
3667.0000712076826
 20
1032.9999287923179
  0
POINT
  5
508
330
17
100
AcDbEntity
  8
STAKE_NODES
100
AcDbPoint
 10
3667.0000712076826
 20
1032.9999287923179
 30
0.0
  0
POINT
  5
509
330
17
100
AcDbEntity
  8
STAKE_NODES
100
AcDbPoint
 10
3666.0001118977866
 20
1031.9999694824219
 30
0.0
  0
POINT
  5
50A
330
17
100
AcDbEntity
  8
STAKE_NODES
100
AcDbPoint
 10
3642.0000712076826
 20
1037.0000203450522
 30
0.0
  0
POINT
  5
50B
330
17
100
AcDbEntity
  8
STAKE_NODES
100
AcDbPoint
 10
3643.0000305175786
 20
1037.0000203450522
 30
0.0
  0
LWPOLYLINE
  5
50C
330
17
100
AcDbEntity
  8
SANITARY_CLEAR_ZONE
100
AcDbPolyline
 90
4
 70
0
 10
3651.999918619792
 20
1047.0001220703125
 10
3650.999959309896
 20
1045.9999084472656
 10
3658.000183105469
 20
1023.0000813802084
 10
3651.999918619792
 20
1047.0001220703125
  0
POINT
  5
50D
330
17
100
AcDbEntity
  8
STAKE_NODES
100
AcDbPoint
 10
3651.999918619792
 20
1047.0001220703125
 30
0.0
  0
POINT
  5
50E
330
17
100
AcDbEntity
  8
STAKE_NODES
100
AcDbPoint
 10
3650.999959309896
 20
1045.9999084472656
 30
0.0
  0
POINT
  5
50F
330
17
100
AcDbEntity
  8
STAKE_NODES
100
AcDbPoint
 10
3658.000183105469
 20
1023.0000813802084
 30
0.0
  0
LWPOLYLINE
  5
510
330
17
100
AcDbEntity
  8
SANITARY_CLEAR_ZONE
100
AcDbPolyline
 90
4
 70
0
 10
3659.0001424153647
 20
1041.9998168945312
 10
3661.0000610351567
 20
1039.9998982747397
 10
3664.9998982747397
 20
1048.0000813802085
 10
3659.0001424153647
 20
1041.9998168945312
  0
POINT
  5
511
330
17
100
AcDbEntity
  8
STAKE_NODES
100
AcDbPoint
 10
3659.0001424153647
 20
1041.9998168945312
 30
0.0
  0
POINT
  5
512
330
17
100
AcDbEntity
  8
STAKE_NODES
100
AcDbPoint
 10
3661.0000610351567
 20
1039.9998982747397
 30
0.0
  0
POINT
  5
513
330
17
100
AcDbEntity
  8
STAKE_NODES
100
AcDbPoint
 10
3664.9998982747397
 20
1048.0000813802085
 30
0.0
  0
LWPOLYLINE
  5
514
330
17
100
AcDbEntity
  8
SANITARY_CLEAR_ZONE
100
AcDbPolyline
 90
4
 70
0
 10
3661.0000610351567
 20
1039.9998982747397
 10
3664.9998982747397
 20
1048.0000813802085
 10
3667.0000712076826
 20
1045.9999084472656
 10
3661.0000610351567
 20
1039.9998982747397
  0
POINT
  5
515
330
17
100
AcDbEntity
  8
STAKE_NODES
100
AcDbPoint
 10
3667.0000712076826
 20
1045.9999084472656
 30
0.0
  0
LWPOLYLINE
  5
516
330
17
100
AcDbEntity
  8
SANITARY_CLEAR_ZONE
100
AcDbPolyline
 90
4
 70
0
 10
3664.9998982747397
 20
1049.0000406901042
 10
3667.0000712076826
 20
1045.9999084472656
 10
3712.999979654948
 20
1074.0000406901042
 10
3664.9998982747397
 20
1049.0000406901042
  0
POINT
  5
517
330
17
100
AcDbEntity
  8
STAKE_NODES
100
AcDbPoint
 10
3664.9998982747397
 20
1049.0000406901042
 30
0.0
  0
POINT
  5
518
330
17
100
AcDbEntity
  8
STAKE_NODES
100
AcDbPoint
 10
3712.999979654948
 20
1074.0000406901042
 30
0.0
  0
LWPOLYLINE
  5
519
330
17
100
AcDbEntity
  8
SANITARY_CLEAR_ZONE
100
AcDbPolyline
 90
4
 70
0
 10
3667.0000712076826
 20
1045.9999084472656
 10
3712.999979654948
 20
1074.0000406901042
 10
3714.9998982747397
 20
1070.9999084472656
 10
3667.0000712076826
 20
1045.9999084472656
  0
POINT
  5
51A
330
17
100
AcDbEntity
  8
STAKE_NODES
100
AcDbPoint
 10
3714.9998982747397
 20
1070.9999084472656
 30
0.0
  0
LINE
  5
51B
330
17
100
AcDbEntity
  8
SANITARY_CLEAR_ZONE
100
AcDbLine
 10
3712.999979654948
 20
1074.0000406901042
 30
0.0
 11
3714.9998982747397
 21
1070.9999084472656
 31
0.0
  0
LWPOLYLINE
  5
51C
330
17
100
AcDbEntity
  8
SANITARY_CLEAR_ZONE
100
AcDbPolyline
 90
5
 70
0
 10
3734.0001424153647
 20
1070.9999084472656
 10
3733.000183105469
 20
1070.9999084472656
 10
3712.0000203450522
 20
1082.9999287923179
 10
3712.999979654948
 20
1083.9998881022136
 10
3734.0001424153647
 20
1070.9999084472656
  0
POINT
  5
51D
330
17
100
AcDbEntity
  8
STAKE_NODES
100
AcDbPoint
 10
3734.0001424153647
 20
1070.9999084472656
 30
0.0
  0
POINT
  5
51E
330
17
100
AcDbEntity
  8
STAKE_NODES
100
AcDbPoint
 10
3733.000183105469
 20
1070.9999084472656
 30
0.0
  0
POINT
  5
51F
330
17
100
AcDbEntity
  8
STAKE_NODES
100
AcDbPoint
 10
3712.0000203450522
 20
1082.9999287923179
 30
0.0
  0
POINT
  5
520
330
17
100
AcDbEntity
  8
STAKE_NODES
100
AcDbPoint
 10
3712.999979654948
 20
1083.9998881022136
 30
0.0
  0
LWPOLYLINE
  5
521
330
17
100
AcDbEntity
  8
SANITARY_CLEAR_ZONE
100
AcDbPolyline
 90
5
 70
0
 10
3721.000162760417
 20
1063.9999389648438
 10
3723.0000813802085
 20
1088.9999389648438
 10
3724.0000406901045
 20
1089.9998982747397
 10
3722.000122070313
 20
1064.9998982747397
 10
3721.000162760417
 20
1063.9999389648438
  0
POINT
  5
522
330
17
100
AcDbEntity
  8
STAKE_NODES
100
AcDbPoint
 10
3721.000162760417
 20
1063.9999389648438
 30
0.0
  0
POINT
  5
523
330
17
100
AcDbEntity
  8
STAKE_NODES
100
AcDbPoint
 10
3723.0000813802085
 20
1088.9999389648438
 30
0.0
  0
POINT
  5
524
330
17
100
AcDbEntity
  8
STAKE_NODES
100
AcDbPoint
 10
3724.0000406901045
 20
1089.9998982747397
 30
0.0
  0
POINT
  5
525
330
17
100
AcDbEntity
  8
STAKE_NODES
100
AcDbPoint
 10
3722.000122070313
 20
1064.9998982747397
 30
0.0
  0
LWPOLYLINE
  5
526
330
17
100
AcDbEntity
  8
SANITARY_CLEAR_ZONE
100
AcDbPolyline
 90
4
 70
0
 10
3729.000091552735
 20
1081.9999694824219
 10
3731.0000101725263
 20
1078.9998372395835
 10
3735.0001017252607
 20
1085.0001017252605
 10
3729.000091552735
 20
1081.9999694824219
  0
POINT
  5
527
330
17
100
AcDbEntity
  8
STAKE_NODES
100
AcDbPoint
 10
3729.000091552735
 20
1081.9999694824219
 30
0.0
  0
POINT
  5
528
330
17
100
AcDbEntity
  8
STAKE_NODES
100
AcDbPoint
 10
3731.0000101725263
 20
1078.9998372395835
 30
0.0
  0
POINT
  5
529
330
17
100
AcDbEntity
  8
STAKE_NODES
100
AcDbPoint
 10
3735.0001017252607
 20
1085.0001017252605
 30
0.0
  0
LWPOLYLINE
  5
52A
330
17
100
AcDbEntity
  8
SANITARY_CLEAR_ZONE
100
AcDbPolyline
 90
4
 70
0
 10
3731.0000101725263
 20
1078.9998372395835
 10
3735.0001017252607
 20
1085.0001017252605
 10
3737.0000203450522
 20
1081.9999694824219
 10
3731.0000101725263
 20
1078.9998372395835
  0
POINT
  5
52B
330
17
100
AcDbEntity
  8
STAKE_NODES
100
AcDbPoint
 10
3737.0000203450522
 20
1081.9999694824219
 30
0.0
  0
LWPOLYLINE
  5
52C
330
17
100
AcDbEntity
  8
SANITARY_CLEAR_ZONE
100
AcDbPolyline
 90
4
 70
0
 10
3736.0000610351567
 20
1085.0001017252605
 10
3736.0000610351567
 20
1081.9999694824219
 10
3791.0001118977866
 20
1095.9999084472656
 10
3736.0000610351567
 20
1085.0001017252605
  0
POINT
  5
52D
330
17
100
AcDbEntity
  8
STAKE_NODES
100
AcDbPoint
 10
3736.0000610351567
 20
1085.0001017252605
 30
0.0
  0
POINT
  5
52E
330
17
100
AcDbEntity
  8
STAKE_NODES
100
AcDbPoint
 10
3736.0000610351567
 20
1081.9999694824219
 30
0.0
  0
POINT
  5
52F
330
17
100
AcDbEntity
  8
STAKE_NODES
100
AcDbPoint
 10
3791.0001118977866
 20
1095.9999084472656
 30
0.0
  0
LWPOLYLINE
  5
530
330
17
100
AcDbEntity
  8
SANITARY_CLEAR_ZONE
100
AcDbPolyline
 90
4
 70
0
 10
3736.0000610351567
 20
1081.9999694824219
 10
3791.0001118977866
 20
1095.9999084472656
 10
3791.0001118977866
 20
1093.999989827474
 10
3736.0000610351567
 20
1081.9999694824219
  0
POINT
  5
531
330
17
100
AcDbEntity
  8
STAKE_NODES
100
AcDbPoint
 10
3791.0001118977866
 20
1093.999989827474
 30
0.0
  0
LWPOLYLINE
  5
532
330
17
100
AcDbEntity
  8
SANITARY_CLEAR_ZONE
100
AcDbPolyline
 90
5
 70
0
 10
3810.0001017252607
 20
1087.999979654948
 10
3809.0001424153647
 20
1087.999979654948
 10
3792.0000712076826
 20
1105.9998830159507
 10
3793.0000305175786
 20
1105.9998830159507
 10
3810.0001017252607
 20
1087.999979654948
  0
POINT
  5
533
330
17
100
AcDbEntity
  8
STAKE_NODES
100
AcDbPoint
 10
3810.0001017252607
 20
1087.999979654948
 30
0.0
  0
POINT
  5
534
330
17
100
AcDbEntity
  8
STAKE_NODES
100
AcDbPoint
 10
3809.0001424153647
 20
1087.999979654948
 30
0.0
  0
POINT
  5
535
330
17
100
AcDbEntity
  8
STAKE_NODES
100
AcDbPoint
 10
3792.0000712076826
 20
1105.9998830159507
 30
0.0
  0
POINT
  5
536
330
17
100
AcDbEntity
  8
STAKE_NODES
100
AcDbPoint
 10
3793.0000305175786
 20
1105.9998830159507
 30
0.0
  0
LWPOLYLINE
  5
537
330
17
100
AcDbEntity
  8
SANITARY_CLEAR_ZONE
100
AcDbPolyline
 90
5
 70
0
 10
3796.000162760417
 20
1085.0001017252605
 10
3805.0000508626304
 20
1107.9999287923179
 10
3806.0000101725263
 20
1108.9998881022136
 10
3797.000122070313
 20
1085.0001017252605
 10
3796.000162760417
 20
1085.0001017252605
  0
POINT
  5
538
330
17
100
AcDbEntity
  8
STAKE_NODES
100
AcDbPoint
 10
3796.000162760417
 20
1085.0001017252605
 30
0.0
  0
POINT
  5
539
330
17
100
AcDbEntity
  8
STAKE_NODES
100
AcDbPoint
 10
3805.0000508626304
 20
1107.9999287923179
 30
0.0
  0
POINT
  5
53A
330
17
100
AcDbEntity
  8
STAKE_NODES
100
AcDbPoint
 10
3806.0000101725263
 20
1108.9998881022136
 30
0.0
  0
POINT
  5
53B
330
17
100
AcDbEntity
  8
STAKE_NODES
100
AcDbPoint
 10
3797.000122070313
 20
1085.0001017252605
 30
0.0
  0
LWPOLYLINE
  5
53C
330
17
100
AcDbEntity
  8
SANITARY_CLEAR_ZONE
100
AcDbPolyline
 90
4
 70
0
 10
3808.000183105469
 20
1099.9998728434246
 10
3809.0001424153647
 20
1096.999994913737
 10
3870.000203450521
 20
1111.9998931884766
 10
3808.000183105469
 20
1099.9998728434246
  0
POINT
  5
53D
330
17
100
AcDbEntity
  8
STAKE_NODES
100
AcDbPoint
 10
3808.000183105469
 20
1099.9998728434246
 30
0.0
  0
POINT
  5
53E
330
17
100
AcDbEntity
  8
STAKE_NODES
100
AcDbPoint
 10
3809.0001424153647
 20
1096.999994913737
 30
0.0
  0
POINT
  5
53F
330
17
100
AcDbEntity
  8
STAKE_NODES
100
AcDbPoint
 10
3870.000203450521
 20
1111.9998931884766
 30
0.0
  0
LWPOLYLINE
  5
540
330
17
100
AcDbEntity
  8
SANITARY_CLEAR_ZONE
100
AcDbPolyline
 90
3
 70
0
 10
3871.000162760417
 20
1109.999974568685
 10
3809.0001424153647
 20
1096.999994913737
 10
3870.000203450521
 20
1111.9998931884766
  0
POINT
  5
541
330
17
100
AcDbEntity
  8
STAKE_NODES
100
AcDbPoint
 10
3871.000162760417
 20
1109.999974568685
 30
0.0
  0
LWPOLYLINE
  5
542
330
17
100
AcDbEntity
  8
SANITARY_CLEAR_ZONE
100
AcDbPolyline
 90
4
 70
0
 10
3359.0001424153647
 20
1352.9998779296875
 10
3362.0000203450522
 20
1352.9998779296875
 10
3362.999979654948
 20
1406.9999694824219
 10
3359.0001424153647
 20
1352.9998779296875
  0
POINT
  5
543
330
17
100
AcDbEntity
  8
STAKE_NODES
100
AcDbPoint
 10
3359.0001424153647
 20
1352.9998779296875
 30
0.0
  0
POINT
  5
544
330
17
100
AcDbEntity
  8
STAKE_NODES
100
AcDbPoint
 10
3362.0000203450522
 20
1352.9998779296875
 30
0.0
  0
POINT
  5
545
330
17
100
AcDbEntity
  8
STAKE_NODES
100
AcDbPoint
 10
3362.999979654948
 20
1406.9999694824219
 30
0.0
  0
LWPOLYLINE
  5
546
330
17
100
AcDbEntity
  8
SANITARY_CLEAR_ZONE
100
AcDbPolyline
 90
4
 70
0
 10
3362.0000203450522
 20
1352.9998779296875
 10
3362.999979654948
 20
1406.9999694824219
 10
3366.0001118977866
 20
1405.9998830159507
 10
3362.0000203450522
 20
1352.9998779296875
  0
POINT
  5
547
330
17
100
AcDbEntity
  8
STAKE_NODES
100
AcDbPoint
 10
3366.0001118977866
 20
1405.9998830159507
 30
0.0
  0
LWPOLYLINE
  5
548
330
17
100
AcDbEntity
  8
SANITARY_CLEAR_ZONE
100
AcDbPolyline
 90
5
 70
0
 10
3376.999918619792
 20
1422.9999542236328
 10
3376.999918619792
 20
1421.9998677571616
 10
3355.0000508626304
 20
1409.999974568685
 10
3355.0000508626304
 20
1410.9999338785808
 10
3376.999918619792
 20
1422.9999542236328
  0
POINT
  5
549
330
17
100
AcDbEntity
  8
STAKE_NODES
100
AcDbPoint
 10
3376.999918619792
 20
1422.9999542236328
 30
0.0
  0
POINT
  5
54A
330
17
100
AcDbEntity
  8
STAKE_NODES
100
AcDbPoint
 10
3376.999918619792
 20
1421.9998677571616
 30
0.0
  0
POINT
  5
54B
330
17
100
AcDbEntity
  8
STAKE_NODES
100
AcDbPoint
 10
3355.0000508626304
 20
1409.999974568685
 30
0.0
  0
POINT
  5
54C
330
17
100
AcDbEntity
  8
STAKE_NODES
100
AcDbPoint
 10
3355.0000508626304
 20
1410.9999338785808
 30
0.0
  0
LWPOLYLINE
  5
54D
330
17
100
AcDbEntity
  8
SANITARY_CLEAR_ZONE
100
AcDbPolyline
 90
5
 70
0
 10
3375.999959309896
 20
1408.9998881022136
 10
3356.0002644856772
 20
1422.9999542236328
 10
3356.0002644856772
 20
1423.9999135335288
 10
3375.999959309896
 20
1409.999974568685
 10
3375.999959309896
 20
1408.9998881022136
  0
POINT
  5
54E
330
17
100
AcDbEntity
  8
STAKE_NODES
100
AcDbPoint
 10
3375.999959309896
 20
1408.9998881022136
 30
0.0
  0
POINT
  5
54F
330
17
100
AcDbEntity
  8
STAKE_NODES
100
AcDbPoint
 10
3356.0002644856772
 20
1422.9999542236328
 30
0.0
  0
POINT
  5
550
330
17
100
AcDbEntity
  8
STAKE_NODES
100
AcDbPoint
 10
3356.0002644856772
 20
1423.9999135335288
 30
0.0
  0
POINT
  5
551
330
17
100
AcDbEntity
  8
STAKE_NODES
100
AcDbPoint
 10
3375.999959309896
 20
1409.999974568685
 30
0.0
  0
LWPOLYLINE
  5
552
330
17
100
AcDbEntity
  8
SANITARY_CLEAR_ZONE
100
AcDbPolyline
 90
4
 70
0
 10
3364.9998982747397
 20
1424.9998728434246
 10
3368.0000305175786
 20
1423.9999135335288
 10
3375.999959309896
 20
1486.9998931884766
 10
3364.9998982747397
 20
1424.9998728434246
  0
POINT
  5
553
330
17
100
AcDbEntity
  8
STAKE_NODES
100
AcDbPoint
 10
3364.9998982747397
 20
1424.9998728434246
 30
0.0
  0
POINT
  5
554
330
17
100
AcDbEntity
  8
STAKE_NODES
100
AcDbPoint
 10
3368.0000305175786
 20
1423.9999135335288
 30
0.0
  0
POINT
  5
555
330
17
100
AcDbEntity
  8
STAKE_NODES
100
AcDbPoint
 10
3375.999959309896
 20
1486.9998931884766
 30
0.0
  0
LWPOLYLINE
  5
556
330
17
100
AcDbEntity
  8
SANITARY_CLEAR_ZONE
100
AcDbPolyline
 90
4
 70
0
 10
3368.0000305175786
 20
1423.9999135335288
 10
3375.999959309896
 20
1486.9998931884766
 10
3379.000091552735
 20
1485.9999338785808
 10
3368.0000305175786
 20
1423.9999135335288
  0
POINT
  5
557
330
17
100
AcDbEntity
  8
STAKE_NODES
100
AcDbPoint
 10
3379.000091552735
 20
1485.9999338785808
 30
0.0
  0
LWPOLYLINE
  5
558
330
17
100
AcDbEntity
  8
SANITARY_CLEAR_ZONE
100
AcDbPolyline
 90
5
 70
0
 10
3389.9998982747397
 20
1501.9999186197917
 10
3389.9998982747397
 20
1500.999959309896
 10
3367.0000712076826
 20
1490.999984741211
 10
3368.0000305175786
 20
1491.999944051107
 10
3389.9998982747397
 20
1501.9999186197917
  0
POINT
  5
559
330
17
100
AcDbEntity
  8
STAKE_NODES
100
AcDbPoint
 10
3389.9998982747397
 20
1501.9999186197917
 30
0.0
  0
POINT
  5
55A
330
17
100
AcDbEntity
  8
STAKE_NODES
100
AcDbPoint
 10
3389.9998982747397
 20
1500.999959309896
 30
0.0
  0
POINT
  5
55B
330
17
100
AcDbEntity
  8
STAKE_NODES
100
AcDbPoint
 10
3367.0000712076826
 20
1490.999984741211
 30
0.0
  0
POINT
  5
55C
330
17
100
AcDbEntity
  8
STAKE_NODES
100
AcDbPoint
 10
3368.0000305175786
 20
1491.999944051107
 30
0.0
  0
LWPOLYLINE
  5
55D
330
17
100
AcDbEntity
  8
SANITARY_CLEAR_ZONE
100
AcDbPolyline
 90
5
 70
0
 10
3387.999979654948
 20
1487.999979654948
 10
3370.000203450521
 20
1503.999964396159
 10
3370.000203450521
 20
1504.9999237060547
 10
3387.999979654948
 20
1488.9999389648438
 10
3387.999979654948
 20
1487.999979654948
  0
POINT
  5
55E
330
17
100
AcDbEntity
  8
STAKE_NODES
100
AcDbPoint
 10
3387.999979654948
 20
1487.999979654948
 30
0.0
  0
POINT
  5
55F
330
17
100
AcDbEntity
  8
STAKE_NODES
100
AcDbPoint
 10
3370.000203450521
 20
1503.999964396159
 30
0.0
  0
POINT
  5
560
330
17
100
AcDbEntity
  8
STAKE_NODES
100
AcDbPoint
 10
3370.000203450521
 20
1504.9999237060547
 30
0.0
  0
POINT
  5
561
330
17
100
AcDbEntity
  8
STAKE_NODES
100
AcDbPoint
 10
3387.999979654948
 20
1488.9999389648438
 30
0.0
  0
LWPOLYLINE
  5
562
330
17
100
AcDbEntity
  8
SANITARY_CLEAR_ZONE
100
AcDbPolyline
 90
4
 70
0
 10
3379.000091552735
 20
1504.9999237060547
 10
3382.000223795573
 20
1502.9998779296875
 10
3411.0000610351567
 20
1558.9998881022136
 10
3379.000091552735
 20
1504.9999237060547
  0
POINT
  5
563
330
17
100
AcDbEntity
  8
STAKE_NODES
100
AcDbPoint
 10
3379.000091552735
 20
1504.9999237060547
 30
0.0
  0
POINT
  5
564
330
17
100
AcDbEntity
  8
STAKE_NODES
100
AcDbPoint
 10
3382.000223795573
 20
1502.9998779296875
 30
0.0
  0
POINT
  5
565
330
17
100
AcDbEntity
  8
STAKE_NODES
100
AcDbPoint
 10
3411.0000610351567
 20
1558.9998881022136
 30
0.0
  0
LWPOLYLINE
  5
566
330
17
100
AcDbEntity
  8
SANITARY_CLEAR_ZONE
100
AcDbPolyline
 90
4
 70
0
 10
3382.000223795573
 20
1502.9998779296875
 10
3411.0000610351567
 20
1558.9998881022136
 10
3413.999938964844
 20
1557.9999287923179
 10
3382.000223795573
 20
1502.9998779296875
  0
POINT
  5
567
330
17
100
AcDbEntity
  8
STAKE_NODES
100
AcDbPoint
 10
3413.999938964844
 20
1557.9999287923179
 30
0.0
  0
LWPOLYLINE
  5
568
330
17
100
AcDbEntity
  8
SANITARY_CLEAR_ZONE
100
AcDbPolyline
 90
5
 70
0
 10
3430.0000508626304
 20
1567.9999033610027
 10
3430.0000508626304
 20
1566.999944051107
 10
3405.0000508626304
 20
1565.999984741211
 10
3405.0000508626304
 20
1566.999944051107
 10
3430.0000508626304
 20
1567.9999033610027
  0
POINT
  5
569
330
17
100
AcDbEntity
  8
STAKE_NODES
100
AcDbPoint
 10
3430.0000508626304
 20
1567.9999033610027
 30
0.0
  0
POINT
  5
56A
330
17
100
AcDbEntity
  8
STAKE_NODES
100
AcDbPoint
 10
3430.0000508626304
 20
1566.999944051107
 30
0.0
  0
POINT
  5
56B
330
17
100
AcDbEntity
  8
STAKE_NODES
100
AcDbPoint
 10
3405.0000508626304
 20
1565.999984741211
 30
0.0
  0
POINT
  5
56C
330
17
100
AcDbEntity
  8
STAKE_NODES
100
AcDbPoint
 10
3405.0000508626304
 20
1566.999944051107
 30
0.0
  0
LWPOLYLINE
  5
56D
330
17
100
AcDbEntity
  8
SANITARY_CLEAR_ZONE
100
AcDbPolyline
 90
5
 70
0
 10
3423.0000813802085
 20
1555.9998830159507
 10
3411.0000610351567
 20
1577.9998779296875
 10
3412.0000203450522
 20
1578.999964396159
 10
3423.0000813802085
 20
1556.9999694824219
 10
3423.0000813802085
 20
1555.9998830159507
  0
POINT
  5
56E
330
17
100
AcDbEntity
  8
STAKE_NODES
100
AcDbPoint
 10
3423.0000813802085
 20
1555.9998830159507
 30
0.0
  0
POINT
  5
56F
330
17
100
AcDbEntity
  8
STAKE_NODES
100
AcDbPoint
 10
3411.0000610351567
 20
1577.9998779296875
 30
0.0
  0
POINT
  5
570
330
17
100
AcDbEntity
  8
STAKE_NODES
100
AcDbPoint
 10
3412.0000203450522
 20
1578.999964396159
 30
0.0
  0
POINT
  5
571
330
17
100
AcDbEntity
  8
STAKE_NODES
100
AcDbPoint
 10
3423.0000813802085
 20
1556.9999694824219
 30
0.0
  0
LWPOLYLINE
  5
572
330
17
100
AcDbEntity
  8
SANITARY_CLEAR_ZONE
100
AcDbPolyline
 90
4
 70
0
 10
3420.000203450521
 20
1574.9998728434246
 10
3423.0000813802085
 20
1572.9999542236328
 10
3459.0001424153647
 20
1624.9998728434246
 10
3420.000203450521
 20
1574.9998728434246
  0
POINT
  5
573
330
17
100
AcDbEntity
  8
STAKE_NODES
100
AcDbPoint
 10
3420.000203450521
 20
1574.9998728434246
 30
0.0
  0
POINT
  5
574
330
17
100
AcDbEntity
  8
STAKE_NODES
100
AcDbPoint
 10
3423.0000813802085
 20
1572.9999542236328
 30
0.0
  0
POINT
  5
575
330
17
100
AcDbEntity
  8
STAKE_NODES
100
AcDbPoint
 10
3459.0001424153647
 20
1624.9998728434246
 30
0.0
  0
LWPOLYLINE
  5
576
330
17
100
AcDbEntity
  8
SANITARY_CLEAR_ZONE
100
AcDbPolyline
 90
4
 70
0
 10
3423.0000813802085
 20
1572.9999542236328
 10
3459.0001424153647
 20
1624.9998728434246
 10
3462.0000203450522
 20
1622.999954223633
 10
3423.0000813802085
 20
1572.9999542236328
  0
POINT
  5
577
330
17
100
AcDbEntity
  8
STAKE_NODES
100
AcDbPoint
 10
3462.0000203450522
 20
1622.999954223633
 30
0.0
  0
LWPOLYLINE
  5
578
330
17
100
AcDbEntity
  8
SANITARY_CLEAR_ZONE
100
AcDbPolyline
 90
5
 70
0
 10
3479.000091552735
 20
1630.9998830159507
 10
3479.000091552735
 20
1629.999923706055
 10
3454.000091552735
 20
1631.999969482422
 10
3455.0000508626304
 20
1632.9999287923179
 10
3479.000091552735
 20
1630.9998830159507
  0
POINT
  5
579
330
17
100
AcDbEntity
  8
STAKE_NODES
100
AcDbPoint
 10
3479.000091552735
 20
1630.9998830159507
 30
0.0
  0
POINT
  5
57A
330
17
100
AcDbEntity
  8
STAKE_NODES
100
AcDbPoint
 10
3479.000091552735
 20
1629.999923706055
 30
0.0
  0
POINT
  5
57B
330
17
100
AcDbEntity
  8
STAKE_NODES
100
AcDbPoint
 10
3454.000091552735
 20
1631.999969482422
 30
0.0
  0
POINT
  5
57C
330
17
100
AcDbEntity
  8
STAKE_NODES
100
AcDbPoint
 10
3455.0000508626304
 20
1632.9999287923179
 30
0.0
  0
LWPOLYLINE
  5
57D
330
17
100
AcDbEntity
  8
SANITARY_CLEAR_ZONE
100
AcDbPolyline
 90
4
 70
0
 10
3462.999979654948
 20
1643.9998626708987
 10
3462.0000203450522
 20
1642.9999033610027
 10
3471.000162760417
 20
1619.9999491373699
 10
3462.999979654948
 20
1643.9998626708987
  0
POINT
  5
57E
330
17
100
AcDbEntity
  8
STAKE_NODES
100
AcDbPoint
 10
3462.999979654948
 20
1643.9998626708987
 30
0.0
  0
POINT
  5
57F
330
17
100
AcDbEntity
  8
STAKE_NODES
100
AcDbPoint
 10
3462.0000203450522
 20
1642.9999033610027
 30
0.0
  0
POINT
  5
580
330
17
100
AcDbEntity
  8
STAKE_NODES
100
AcDbPoint
 10
3471.000162760417
 20
1619.9999491373699
 30
0.0
  0
LWPOLYLINE
  5
581
330
17
100
AcDbEntity
  8
SANITARY_CLEAR_ZONE
100
AcDbPolyline
 90
4
 70
0
 10
3470.000203450521
 20
1638.999938964844
 10
3473.0000813802085
 20
1636.9998931884768
 10
3480.0000508626304
 20
1650.999959309896
 10
3470.000203450521
 20
1638.999938964844
  0
POINT
  5
582
330
17
100
AcDbEntity
  8
STAKE_NODES
100
AcDbPoint
 10
3470.000203450521
 20
1638.999938964844
 30
0.0
  0
POINT
  5
583
330
17
100
AcDbEntity
  8
STAKE_NODES
100
AcDbPoint
 10
3473.0000813802085
 20
1636.9998931884768
 30
0.0
  0
POINT
  5
584
330
17
100
AcDbEntity
  8
STAKE_NODES
100
AcDbPoint
 10
3480.0000508626304
 20
1650.999959309896
 30
0.0
  0
LWPOLYLINE
  5
585
330
17
100
AcDbEntity
  8
SANITARY_CLEAR_ZONE
100
AcDbPolyline
 90
4
 70
0
 10
3473.0000813802085
 20
1636.9998931884768
 10
3480.0000508626304
 20
1650.999959309896
 10
3483.000183105469
 20
1648.9999135335288
 10
3473.0000813802085
 20
1636.9998931884768
  0
POINT
  5
586
330
17
100
AcDbEntity
  8
STAKE_NODES
100
AcDbPoint
 10
3483.000183105469
 20
1648.9999135335288
 30
0.0
  0
LWPOLYLINE
  5
587
330
17
100
AcDbEntity
  8
SANITARY_CLEAR_ZONE
100
AcDbPolyline
 90
4
 70
0
 10
3480.0000508626304
 20
1650.999959309896
 10
3483.000183105469
 20
1649.9998728434246
 10
3487.0000203450522
 20
1688.999938964844
 10
3480.0000508626304
 20
1650.999959309896
  0
POINT
  5
588
330
17
100
AcDbEntity
  8
STAKE_NODES
100
AcDbPoint
 10
3483.000183105469
 20
1649.9998728434246
 30
0.0
  0
POINT
  5
589
330
17
100
AcDbEntity
  8
STAKE_NODES
100
AcDbPoint
 10
3487.0000203450522
 20
1688.999938964844
 30
0.0
  0
LWPOLYLINE
  5
58A
330
17
100
AcDbEntity
  8
SANITARY_CLEAR_ZONE
100
AcDbPolyline
 90
4
 70
0
 10
3483.000183105469
 20
1649.9998728434246
 10
3487.0000203450522
 20
1688.999938964844
 10
3489.9998982747397
 20
1687.999979654948
 10
3483.000183105469
 20
1649.9998728434246
  0
POINT
  5
58B
330
17
100
AcDbEntity
  8
STAKE_NODES
100
AcDbPoint
 10
3489.9998982747397
 20
1687.999979654948
 30
0.0
  0
LWPOLYLINE
  5
58C
330
17
100
AcDbEntity
  8
SANITARY_CLEAR_ZONE
100
AcDbPolyline
 90
4
 70
0
 10
3488.999938964844
 20
1689.9998982747397
 10
3488.999938964844
 20
1686.9998931884768
 10
3497.000122070313
 20
1690.9998575846355
 10
3488.999938964844
 20
1689.9998982747397
  0
POINT
  5
58D
330
17
100
AcDbEntity
  8
STAKE_NODES
100
AcDbPoint
 10
3488.999938964844
 20
1689.9998982747397
 30
0.0
  0
POINT
  5
58E
330
17
100
AcDbEntity
  8
STAKE_NODES
100
AcDbPoint
 10
3488.999938964844
 20
1686.9998931884768
 30
0.0
  0
POINT
  5
58F
330
17
100
AcDbEntity
  8
STAKE_NODES
100
AcDbPoint
 10
3497.000122070313
 20
1690.9998575846355
 30
0.0
  0
LWPOLYLINE
  5
590
330
17
100
AcDbEntity
  8
SANITARY_CLEAR_ZONE
100
AcDbPolyline
 90
4
 70
0
 10
3488.999938964844
 20
1686.9998931884768
 10
3497.000122070313
 20
1690.9998575846355
 10
3497.000122070313
 20
1687.999979654948
 10
3488.999938964844
 20
1686.9998931884768
  0
POINT
  5
591
330
17
100
AcDbEntity
  8
STAKE_NODES
100
AcDbPoint
 10
3497.000122070313
 20
1687.999979654948
 30
0.0
  0
LWPOLYLINE
  5
592
330
17
100
AcDbEntity
  8
SANITARY_CLEAR_ZONE
100
AcDbPolyline
 90
5
 70
0
 10
3514.9998982747397
 20
1681.999969482422
 10
3513.999938964844
 20
1680.9998830159507
 10
3499.0000406901045
 20
1699.9998728434246
 10
3500.0000000000005
 20
1700.999959309896
 10
3514.9998982747397
 20
1681.999969482422
  0
POINT
  5
593
330
17
100
AcDbEntity
  8
STAKE_NODES
100
AcDbPoint
 10
3514.9998982747397
 20
1681.999969482422
 30
0.0
  0
POINT
  5
594
330
17
100
AcDbEntity
  8
STAKE_NODES
100
AcDbPoint
 10
3513.999938964844
 20
1680.9998830159507
 30
0.0
  0
POINT
  5
595
330
17
100
AcDbEntity
  8
STAKE_NODES
100
AcDbPoint
 10
3499.0000406901045
 20
1699.9998728434246
 30
0.0
  0
POINT
  5
596
330
17
100
AcDbEntity
  8
STAKE_NODES
100
AcDbPoint
 10
3500.0000000000005
 20
1700.999959309896
 30
0.0
  0
LWPOLYLINE
  5
597
330
17
100
AcDbEntity
  8
SANITARY_CLEAR_ZONE
100
AcDbPolyline
 90
4
 70
0
 10
3501.999918619792
 20
1679.999923706055
 10
3503.000132242839
 20
1679.999923706055
 10
3512.0000203450522
 20
1701.9999186197917
 10
3501.999918619792
 20
1679.999923706055
  0
POINT
  5
598
330
17
100
AcDbEntity
  8
STAKE_NODES
100
AcDbPoint
 10
3501.999918619792
 20
1679.999923706055
 30
0.0
  0
POINT
  5
599
330
17
100
AcDbEntity
  8
STAKE_NODES
100
AcDbPoint
 10
3503.000132242839
 20
1679.999923706055
 30
0.0
  0
POINT
  5
59A
330
17
100
AcDbEntity
  8
STAKE_NODES
100
AcDbPoint
 10
3512.0000203450522
 20
1701.9999186197917
 30
0.0
  0
LWPOLYLINE
  5
59B
330
17
100
AcDbEntity
  8
SANITARY_CLEAR_ZONE
100
AcDbPolyline
 90
4
 70
0
 10
3512.999979654948
 20
1686.9998931884768
 10
3510.0001017252607
 20
1684.999974568685
 10
3523.0000813802085
 20
1667.9999033610027
 10
3512.999979654948
 20
1686.9998931884768
  0
POINT
  5
59C
330
17
100
AcDbEntity
  8
STAKE_NODES
100
AcDbPoint
 10
3512.999979654948
 20
1686.9998931884768
 30
0.0
  0
POINT
  5
59D
330
17
100
AcDbEntity
  8
STAKE_NODES
100
AcDbPoint
 10
3510.0001017252607
 20
1684.999974568685
 30
0.0
  0
POINT
  5
59E
330
17
100
AcDbEntity
  8
STAKE_NODES
100
AcDbPoint
 10
3523.0000813802085
 20
1667.9999033610027
 30
0.0
  0
LWPOLYLINE
  5
59F
330
17
100
AcDbEntity
  8
SANITARY_CLEAR_ZONE
100
AcDbPolyline
 90
4
 70
0
 10
3510.0001017252607
 20
1684.999974568685
 10
3523.0000813802085
 20
1667.9999033610027
 10
3520.000203450521
 20
1666.999944051107
 10
3510.0001017252607
 20
1684.999974568685
  0
POINT
  5
5A0
330
17
100
AcDbEntity
  8
STAKE_NODES
100
AcDbPoint
 10
3520.000203450521
 20
1666.999944051107
 30
0.0
  0
LWPOLYLINE
  5
5A1
330
17
100
AcDbEntity
  8
SANITARY_CLEAR_ZONE
100
AcDbPolyline
 90
4
 70
0
 10
3522.000122070313
 20
1668.9998626708987
 10
3521.000162760417
 20
1665.9998575846355
 10
3551.999918619792
 20
1657.9999287923179
 10
3522.000122070313
 20
1668.9998626708987
  0
POINT
  5
5A2
330
17
100
AcDbEntity
  8
STAKE_NODES
100
AcDbPoint
 10
3522.000122070313
 20
1668.9998626708987
 30
0.0
  0
POINT
  5
5A3
330
17
100
AcDbEntity
  8
STAKE_NODES
100
AcDbPoint
 10
3521.000162760417
 20
1665.9998575846355
 30
0.0
  0
POINT
  5
5A4
330
17
100
AcDbEntity
  8
STAKE_NODES
100
AcDbPoint
 10
3551.999918619792
 20
1657.9999287923179
 30
0.0
  0
LWPOLYLINE
  5
5A5
330
17
100
AcDbEntity
  8
SANITARY_CLEAR_ZONE
100
AcDbPolyline
 90
4
 70
0
 10
3521.000162760417
 20
1665.9998575846355
 10
3551.999918619792
 20
1657.9999287923179
 10
3550.999959309896
 20
1654.999923706055
 10
3521.000162760417
 20
1665.9998575846355
  0
POINT
  5
5A6
330
17
100
AcDbEntity
  8
STAKE_NODES
100
AcDbPoint
 10
3550.999959309896
 20
1654.999923706055
 30
0.0
  0
LWPOLYLINE
  5
5A7
330
17
100
AcDbEntity
  8
SANITARY_CLEAR_ZONE
100
AcDbPolyline
 90
4
 70
0
 10
3550.999959309896
 20
1657.9999287923179
 10
3551.999918619792
 20
1654.999923706055
 10
3561.0000610351567
 20
1659.999974568685
 10
3550.999959309896
 20
1657.9999287923179
  0
POINT
  5
5A8
330
17
100
AcDbEntity
  8
STAKE_NODES
100
AcDbPoint
 10
3550.999959309896
 20
1657.9999287923179
 30
0.0
  0
POINT
  5
5A9
330
17
100
AcDbEntity
  8
STAKE_NODES
100
AcDbPoint
 10
3551.999918619792
 20
1654.999923706055
 30
0.0
  0
POINT
  5
5AA
330
17
100
AcDbEntity
  8
STAKE_NODES
100
AcDbPoint
 10
3561.0000610351567
 20
1659.999974568685
 30
0.0
  0
LWPOLYLINE
  5
5AB
330
17
100
AcDbEntity
  8
SANITARY_CLEAR_ZONE
100
AcDbPolyline
 90
4
 70
0
 10
3551.999918619792
 20
1654.999923706055
 10
3561.0000610351567
 20
1659.999974568685
 10
3561.0000610351567
 20
1656.999969482422
 10
3551.999918619792
 20
1654.999923706055
  0
POINT
  5
5AC
330
17
100
AcDbEntity
  8
STAKE_NODES
100
AcDbPoint
 10
3561.0000610351567
 20
1656.999969482422
 30
0.0
  0
LWPOLYLINE
  5
5AD
330
17
100
AcDbEntity
  8
SANITARY_CLEAR_ZONE
100
AcDbPolyline
 90
5
 70
0
 10
3580.0000508626304
 20
1651.9999186197917
 10
3579.000091552735
 20
1651.9999186197917
 10
3562.0000203450522
 20
1668.9998626708987
 10
3562.999979654948
 20
1669.9999491373699
 10
3580.0000508626304
 20
1651.9999186197917
  0
POINT
  5
5AE
330
17
100
AcDbEntity
  8
STAKE_NODES
100
AcDbPoint
 10
3580.0000508626304
 20
1651.9999186197917
 30
0.0
  0
POINT
  5
5AF
330
17
100
AcDbEntity
  8
STAKE_NODES
100
AcDbPoint
 10
3579.000091552735
 20
1651.9999186197917
 30
0.0
  0
POINT
  5
5B0
330
17
100
AcDbEntity
  8
STAKE_NODES
100
AcDbPoint
 10
3562.0000203450522
 20
1668.9998626708987
 30
0.0
  0
POINT
  5
5B1
330
17
100
AcDbEntity
  8
STAKE_NODES
100
AcDbPoint
 10
3562.999979654948
 20
1669.9999491373699
 30
0.0
  0
LWPOLYLINE
  5
5B2
330
17
100
AcDbEntity
  8
SANITARY_CLEAR_ZONE
100
AcDbPolyline
 90
5
 70
0
 10
3566.0001118977866
 20
1648.9999135335288
 10
3574.0000406901045
 20
1671.9998677571616
 10
3575.0000000000005
 20
1672.999954223633
 10
3567.0000712076826
 20
1648.9999135335288
 10
3566.0001118977866
 20
1648.9999135335288
  0
POINT
  5
5B3
330
17
100
AcDbEntity
  8
STAKE_NODES
100
AcDbPoint
 10
3566.0001118977866
 20
1648.9999135335288
 30
0.0
  0
POINT
  5
5B4
330
17
100
AcDbEntity
  8
STAKE_NODES
100
AcDbPoint
 10
3574.0000406901045
 20
1671.9998677571616
 30
0.0
  0
POINT
  5
5B5
330
17
100
AcDbEntity
  8
STAKE_NODES
100
AcDbPoint
 10
3575.0000000000005
 20
1672.999954223633
 30
0.0
  0
POINT
  5
5B6
330
17
100
AcDbEntity
  8
STAKE_NODES
100
AcDbPoint
 10
3567.0000712076826
 20
1648.9999135335288
 30
0.0
  0
LWPOLYLINE
  5
5B7
330
17
100
AcDbEntity
  8
SANITARY_CLEAR_ZONE
100
AcDbPolyline
 90
4
 70
0
 10
3578.000132242839
 20
1663.999938964844
 10
3579.000091552735
 20
1660.9999338785808
 10
3599.0000406901045
 20
1668.9998626708987
 10
3578.000132242839
 20
1663.999938964844
  0
POINT
  5
5B8
330
17
100
AcDbEntity
  8
STAKE_NODES
100
AcDbPoint
 10
3578.000132242839
 20
1663.999938964844
 30
0.0
  0
POINT
  5
5B9
330
17
100
AcDbEntity
  8
STAKE_NODES
100
AcDbPoint
 10
3579.000091552735
 20
1660.9999338785808
 30
0.0
  0
POINT
  5
5BA
330
17
100
AcDbEntity
  8
STAKE_NODES
100
AcDbPoint
 10
3599.0000406901045
 20
1668.9998626708987
 30
0.0
  0
LWPOLYLINE
  5
5BB
330
17
100
AcDbEntity
  8
SANITARY_CLEAR_ZONE
100
AcDbPolyline
 90
4
 70
0
 10
3579.000091552735
 20
1660.9999338785808
 10
3599.0000406901045
 20
1668.9998626708987
 10
3600.0000000000005
 20
1665.9998575846355
 10
3579.000091552735
 20
1660.9999338785808
  0
POINT
  5
5BC
330
17
100
AcDbEntity
  8
STAKE_NODES
100
AcDbPoint
 10
3600.0000000000005
 20
1665.9998575846355
 30
0.0
  0
LWPOLYLINE
  5
5BD
330
17
100
AcDbEntity
  8
SANITARY_CLEAR_ZONE
100
AcDbPolyline
 90
4
 70
0
 10
3598.0000813802085
 20
1667.9999033610027
 10
3600.999959309896
 20
1665.9998575846355
 10
3625.999959309896
 20
1698.9999135335288
 10
3598.0000813802085
 20
1667.9999033610027
  0
POINT
  5
5BE
330
17
100
AcDbEntity
  8
STAKE_NODES
100
AcDbPoint
 10
3598.0000813802085
 20
1667.9999033610027
 30
0.0
  0
POINT
  5
5BF
330
17
100
AcDbEntity
  8
STAKE_NODES
100
AcDbPoint
 10
3600.999959309896
 20
1665.9998575846355
 30
0.0
  0
POINT
  5
5C0
330
17
100
AcDbEntity
  8
STAKE_NODES
100
AcDbPoint
 10
3625.999959309896
 20
1698.9999135335288
 30
0.0
  0
LWPOLYLINE
  5
5C1
330
17
100
AcDbEntity
  8
SANITARY_CLEAR_ZONE
100
AcDbPolyline
 90
4
 70
0
 10
3600.999959309896
 20
1665.9998575846355
 10
3625.999959309896
 20
1698.9999135335288
 10
3628.000132242839
 20
1696.9998677571616
 10
3600.999959309896
 20
1665.9998575846355
  0
POINT
  5
5C2
330
17
100
AcDbEntity
  8
STAKE_NODES
100
AcDbPoint
 10
3628.000132242839
 20
1696.9998677571616
 30
0.0
  0
LWPOLYLINE
  5
5C3
330
17
100
AcDbEntity
  8
SANITARY_CLEAR_ZONE
100
AcDbPolyline
 90
5
 70
0
 10
3646.000162760417
 20
1703.999964396159
 10
3646.000162760417
 20
1702.9998779296877
 10
3621.000162760417
 20
1707.9999287923179
 10
3622.000122070313
 20
1707.9999287923179
 10
3646.000162760417
 20
1703.999964396159
  0
POINT
  5
5C4
330
17
100
AcDbEntity
  8
STAKE_NODES
100
AcDbPoint
 10
3646.000162760417
 20
1703.999964396159
 30
0.0
  0
POINT
  5
5C5
330
17
100
AcDbEntity
  8
STAKE_NODES
100
AcDbPoint
 10
3646.000162760417
 20
1702.9998779296877
 30
0.0
  0
POINT
  5
5C6
330
17
100
AcDbEntity
  8
STAKE_NODES
100
AcDbPoint
 10
3621.000162760417
 20
1707.9999287923179
 30
0.0
  0
POINT
  5
5C7
330
17
100
AcDbEntity
  8
STAKE_NODES
100
AcDbPoint
 10
3622.000122070313
 20
1707.9999287923179
 30
0.0
  0
LWPOLYLINE
  5
5C8
330
17
100
AcDbEntity
  8
SANITARY_CLEAR_ZONE
100
AcDbPolyline
 90
5
 70
0
 10
3637.0000203450522
 20
1693.9998626708987
 10
3630.0000508626304
 20
1716.999944051107
 10
3630.0000508626304
 20
1717.9999033610027
 10
3637.999979654948
 20
1693.9998626708987
 10
3637.0000203450522
 20
1693.9998626708987
  0
POINT
  5
5C9
330
17
100
AcDbEntity
  8
STAKE_NODES
100
AcDbPoint
 10
3637.0000203450522
 20
1693.9998626708987
 30
0.0
  0
POINT
  5
5CA
330
17
100
AcDbEntity
  8
STAKE_NODES
100
AcDbPoint
 10
3630.0000508626304
 20
1716.999944051107
 30
0.0
  0
POINT
  5
5CB
330
17
100
AcDbEntity
  8
STAKE_NODES
100
AcDbPoint
 10
3630.0000508626304
 20
1717.9999033610027
 30
0.0
  0
POINT
  5
5CC
330
17
100
AcDbEntity
  8
STAKE_NODES
100
AcDbPoint
 10
3637.999979654948
 20
1693.9998626708987
 30
0.0
  0
LWPOLYLINE
  5
5CD
330
17
100
AcDbEntity
  8
SANITARY_CLEAR_ZONE
100
AcDbPolyline
 90
4
 70
0
 10
3637.999979654948
 20
1689.9998982747397
 10
3635.0001017252607
 20
1688.999938964844
 10
3641.0001118977866
 20
1683.9998881022136
 10
3637.999979654948
 20
1689.9998982747397
  0
POINT
  5
5CE
330
17
100
AcDbEntity
  8
STAKE_NODES
100
AcDbPoint
 10
3637.999979654948
 20
1689.9998982747397
 30
0.0
  0
POINT
  5
5CF
330
17
100
AcDbEntity
  8
STAKE_NODES
100
AcDbPoint
 10
3635.0001017252607
 20
1688.999938964844
 30
0.0
  0
POINT
  5
5D0
330
17
100
AcDbEntity
  8
STAKE_NODES
100
AcDbPoint
 10
3641.0001118977866
 20
1683.9998881022136
 30
0.0
  0
LWPOLYLINE
  5
5D1
330
17
100
AcDbEntity
  8
SANITARY_CLEAR_ZONE
100
AcDbPolyline
 90
4
 70
0
 10
3635.0001017252607
 20
1688.999938964844
 10
3641.0001118977866
 20
1683.9998881022136
 10
3638.999938964844
 20
1681.999969482422
 10
3635.0001017252607
 20
1688.999938964844
  0
POINT
  5
5D2
330
17
100
AcDbEntity
  8
STAKE_NODES
100
AcDbPoint
 10
3638.999938964844
 20
1681.999969482422
 30
0.0
  0
LWPOLYLINE
  5
5D3
330
17
100
AcDbEntity
  8
SANITARY_CLEAR_ZONE
100
AcDbPolyline
 90
4
 70
0
 10
3642.0000712076826
 20
1682.9999287923179
 10
3638.999938964844
 20
1682.9999287923179
 10
3634.0001424153647
 20
1627.9998779296877
 10
3642.0000712076826
 20
1682.9999287923179
  0
POINT
  5
5D4
330
17
100
AcDbEntity
  8
STAKE_NODES
100
AcDbPoint
 10
3642.0000712076826
 20
1682.9999287923179
 30
0.0
  0
POINT
  5
5D5
330
17
100
AcDbEntity
  8
STAKE_NODES
100
AcDbPoint
 10
3638.999938964844
 20
1682.9999287923179
 30
0.0
  0
POINT
  5
5D6
330
17
100
AcDbEntity
  8
STAKE_NODES
100
AcDbPoint
 10
3634.0001424153647
 20
1627.9998779296877
 30
0.0
  0
LWPOLYLINE
  5
5D7
330
17
100
AcDbEntity
  8
SANITARY_CLEAR_ZONE
100
AcDbPolyline
 90
4
 70
0
 10
3638.999938964844
 20
1682.9999287923179
 10
3634.0001424153647
 20
1627.9998779296877
 10
3631.0000101725263
 20
1627.9998779296877
 10
3638.999938964844
 20
1682.9999287923179
  0
POINT
  5
5D8
330
17
100
AcDbEntity
  8
STAKE_NODES
100
AcDbPoint
 10
3631.0000101725263
 20
1627.9998779296877
 30
0.0
  0
LWPOLYLINE
  5
5D9
330
17
100
AcDbEntity
  8
SANITARY_CLEAR_ZONE
100
AcDbPolyline
 90
5
 70
0
 10
3620.000203450521
 20
1611.9998931884768
 10
3620.000203450521
 20
1612.999979654948
 10
3643.0000305175786
 20
1622.999954223633
 10
3642.0000712076826
 20
1621.9998677571616
 10
3620.000203450521
 20
1611.9998931884768
  0
POINT
  5
5DA
330
17
100
AcDbEntity
  8
STAKE_NODES
100
AcDbPoint
 10
3620.000203450521
 20
1611.9998931884768
 30
0.0
  0
POINT
  5
5DB
330
17
100
AcDbEntity
  8
STAKE_NODES
100
AcDbPoint
 10
3620.000203450521
 20
1612.999979654948
 30
0.0
  0
POINT
  5
5DC
330
17
100
AcDbEntity
  8
STAKE_NODES
100
AcDbPoint
 10
3643.0000305175786
 20
1622.999954223633
 30
0.0
  0
POINT
  5
5DD
330
17
100
AcDbEntity
  8
STAKE_NODES
100
AcDbPoint
 10
3642.0000712076826
 20
1621.9998677571616
 30
0.0
  0
LWPOLYLINE
  5
5DE
330
17
100
AcDbEntity
  8
SANITARY_CLEAR_ZONE
100
AcDbPolyline
 90
5
 70
0
 10
3622.000122070313
 20
1625.999959309896
 10
3641.0001118977866
 20
1610.9999338785808
 10
3641.0001118977866
 20
1609.999974568685
 10
3622.000122070313
 20
1624.9998728434246
 10
3622.000122070313
 20
1625.999959309896
  0
POINT
  5
5DF
330
17
100
AcDbEntity
  8
STAKE_NODES
100
AcDbPoint
 10
3622.000122070313
 20
1625.999959309896
 30
0.0
  0
POINT
  5
5E0
330
17
100
AcDbEntity
  8
STAKE_NODES
100
AcDbPoint
 10
3641.0001118977866
 20
1610.9999338785808
 30
0.0
  0
POINT
  5
5E1
330
17
100
AcDbEntity
  8
STAKE_NODES
100
AcDbPoint
 10
3641.0001118977866
 20
1609.999974568685
 30
0.0
  0
POINT
  5
5E2
330
17
100
AcDbEntity
  8
STAKE_NODES
100
AcDbPoint
 10
3622.000122070313
 20
1624.9998728434246
 30
0.0
  0
LWPOLYLINE
  5
5E3
330
17
100
AcDbEntity
  8
SANITARY_CLEAR_ZONE
100
AcDbPolyline
 90
4
 70
0
 10
3632.000223795573
 20
1609.999974568685
 10
3629.000091552735
 20
1609.999974568685
 10
3625.0000000000005
 20
1562.999979654948
 10
3632.000223795573
 20
1609.999974568685
  0
POINT
  5
5E4
330
17
100
AcDbEntity
  8
STAKE_NODES
100
AcDbPoint
 10
3632.000223795573
 20
1609.999974568685
 30
0.0
  0
POINT
  5
5E5
330
17
100
AcDbEntity
  8
STAKE_NODES
100
AcDbPoint
 10
3629.000091552735
 20
1609.999974568685
 30
0.0
  0
POINT
  5
5E6
330
17
100
AcDbEntity
  8
STAKE_NODES
100
AcDbPoint
 10
3625.0000000000005
 20
1562.999979654948
 30
0.0
  0
LWPOLYLINE
  5
5E7
330
17
100
AcDbEntity
  8
SANITARY_CLEAR_ZONE
100
AcDbPolyline
 90
4
 70
0
 10
3629.000091552735
 20
1609.999974568685
 10
3625.0000000000005
 20
1562.999979654948
 10
3622.000122070313
 20
1562.999979654948
 10
3629.000091552735
 20
1609.999974568685
  0
POINT
  5
5E8
330
17
100
AcDbEntity
  8
STAKE_NODES
100
AcDbPoint
 10
3622.000122070313
 20
1562.999979654948
 30
0.0
  0
LWPOLYLINE
  5
5E9
330
17
100
AcDbEntity
  8
SANITARY_CLEAR_ZONE
100
AcDbPolyline
 90
4
 70
0
 10
3625.0000000000005
 20
1561.9998931884766
 10
3623.0000813802085
 20
1563.9999389648438
 10
3616.0001118977866
 20
1548.9999135335288
 10
3625.0000000000005
 20
1561.9998931884766
  0
POINT
  5
5EA
330
17
100
AcDbEntity
  8
STAKE_NODES
100
AcDbPoint
 10
3625.0000000000005
 20
1561.9998931884766
 30
0.0
  0
POINT
  5
5EB
330
17
100
AcDbEntity
  8
STAKE_NODES
100
AcDbPoint
 10
3623.0000813802085
 20
1563.9999389648438
 30
0.0
  0
POINT
  5
5EC
330
17
100
AcDbEntity
  8
STAKE_NODES
100
AcDbPoint
 10
3616.0001118977866
 20
1548.9999135335288
 30
0.0
  0
LWPOLYLINE
  5
5ED
330
17
100
AcDbEntity
  8
SANITARY_CLEAR_ZONE
100
AcDbPolyline
 90
4
 70
0
 10
3623.0000813802085
 20
1563.9999389648438
 10
3616.0001118977866
 20
1548.9999135335288
 10
3613.999938964844
 20
1550.999959309896
 10
3623.0000813802085
 20
1563.9999389648438
  0
POINT
  5
5EE
330
17
100
AcDbEntity
  8
STAKE_NODES
100
AcDbPoint
 10
3613.999938964844
 20
1550.999959309896
 30
0.0
  0
LWPOLYLINE
  5
5EF
330
17
100
AcDbEntity
  8
SANITARY_CLEAR_ZONE
100
AcDbPolyline
 90
5
 70
0
 10
3597.000122070313
 20
1541.999944051107
 10
3597.000122070313
 20
1542.9999033610027
 10
3622.000122070313
 20
1541.999944051107
 10
3621.000162760417
 20
1540.999984741211
 10
3597.000122070313
 20
1541.999944051107
  0
POINT
  5
5F0
330
17
100
AcDbEntity
  8
STAKE_NODES
100
AcDbPoint
 10
3597.000122070313
 20
1541.999944051107
 30
0.0
  0
POINT
  5
5F1
330
17
100
AcDbEntity
  8
STAKE_NODES
100
AcDbPoint
 10
3597.000122070313
 20
1542.9999033610027
 30
0.0
  0
POINT
  5
5F2
330
17
100
AcDbEntity
  8
STAKE_NODES
100
AcDbPoint
 10
3622.000122070313
 20
1541.999944051107
 30
0.0
  0
POINT
  5
5F3
330
17
100
AcDbEntity
  8
STAKE_NODES
100
AcDbPoint
 10
3621.000162760417
 20
1540.999984741211
 30
0.0
  0
LWPOLYLINE
  5
5F4
330
17
100
AcDbEntity
  8
SANITARY_CLEAR_ZONE
100
AcDbPolyline
 90
5
 70
0
 10
3605.0000508626304
 20
1553.999964396159
 10
3614.9998982747397
 20
1530.9998830159507
 10
3613.999938964844
 20
1529.9999237060547
 10
3604.000091552735
 20
1552.9998779296875
 10
3605.0000508626304
 20
1553.999964396159
  0
POINT
  5
5F5
330
17
100
AcDbEntity
  8
STAKE_NODES
100
AcDbPoint
 10
3605.0000508626304
 20
1553.999964396159
 30
0.0
  0
POINT
  5
5F6
330
17
100
AcDbEntity
  8
STAKE_NODES
100
AcDbPoint
 10
3614.9998982747397
 20
1530.9998830159507
 30
0.0
  0
POINT
  5
5F7
330
17
100
AcDbEntity
  8
STAKE_NODES
100
AcDbPoint
 10
3613.999938964844
 20
1529.9999237060547
 30
0.0
  0
POINT
  5
5F8
330
17
100
AcDbEntity
  8
STAKE_NODES
100
AcDbPoint
 10
3604.000091552735
 20
1552.9998779296875
 30
0.0
  0
LWPOLYLINE
  5
5F9
330
17
100
AcDbEntity
  8
SANITARY_CLEAR_ZONE
100
AcDbPolyline
 90
4
 70
0
 10
3606.0000101725263
 20
1533.9998881022136
 10
3604.000091552735
 20
1535.9999338785808
 10
3570.000203450521
 20
1482.9999287923179
 10
3606.0000101725263
 20
1533.9998881022136
  0
POINT
  5
5FA
330
17
100
AcDbEntity
  8
STAKE_NODES
100
AcDbPoint
 10
3606.0000101725263
 20
1533.9998881022136
 30
0.0
  0
POINT
  5
5FB
330
17
100
AcDbEntity
  8
STAKE_NODES
100
AcDbPoint
 10
3604.000091552735
 20
1535.9999338785808
 30
0.0
  0
POINT
  5
5FC
330
17
100
AcDbEntity
  8
STAKE_NODES
100
AcDbPoint
 10
3570.000203450521
 20
1482.9999287923179
 30
0.0
  0
LWPOLYLINE
  5
5FD
330
17
100
AcDbEntity
  8
SANITARY_CLEAR_ZONE
100
AcDbPolyline
 90
4
 70
0
 10
3604.000091552735
 20
1535.9999338785808
 10
3570.000203450521
 20
1482.9999287923179
 10
3568.0000305175786
 20
1483.9998881022136
 10
3604.000091552735
 20
1535.9999338785808
  0
POINT
  5
5FE
330
17
100
AcDbEntity
  8
STAKE_NODES
100
AcDbPoint
 10
3568.0000305175786
 20
1483.9998881022136
 30
0.0
  0
LWPOLYLINE
  5
5FF
330
17
100
AcDbEntity
  8
SANITARY_CLEAR_ZONE
100
AcDbPolyline
 90
5
 70
0
 10
3550.999959309896
 20
1474.9998728434246
 10
3550.999959309896
 20
1475.999959309896
 10
3575.999959309896
 20
1474.9998728434246
 10
3575.0000000000005
 20
1473.9999135335288
 10
3550.999959309896
 20
1474.9998728434246
  0
POINT
  5
600
330
17
100
AcDbEntity
  8
STAKE_NODES
100
AcDbPoint
 10
3550.999959309896
 20
1474.9998728434246
 30
0.0
  0
POINT
  5
601
330
17
100
AcDbEntity
  8
STAKE_NODES
100
AcDbPoint
 10
3550.999959309896
 20
1475.999959309896
 30
0.0
  0
POINT
  5
602
330
17
100
AcDbEntity
  8
STAKE_NODES
100
AcDbPoint
 10
3575.999959309896
 20
1474.9998728434246
 30
0.0
  0
POINT
  5
603
330
17
100
AcDbEntity
  8
STAKE_NODES
100
AcDbPoint
 10
3575.0000000000005
 20
1473.9999135335288
 30
0.0
  0
LWPOLYLINE
  5
604
330
17
100
AcDbEntity
  8
SANITARY_CLEAR_ZONE
100
AcDbPolyline
 90
5
 70
0
 10
3559.0001424153647
 20
1486.9998931884766
 10
3568.0000305175786
 20
1463.9999389648438
 10
3568.0000305175786
 20
1462.999979654948
 10
3558.000183105469
 20
1485.9999338785808
 10
3559.0001424153647
 20
1486.9998931884766
  0
POINT
  5
605
330
17
100
AcDbEntity
  8
STAKE_NODES
100
AcDbPoint
 10
3559.0001424153647
 20
1486.9998931884766
 30
0.0
  0
POINT
  5
606
330
17
100
AcDbEntity
  8
STAKE_NODES
100
AcDbPoint
 10
3568.0000305175786
 20
1463.9999389648438
 30
0.0
  0
POINT
  5
607
330
17
100
AcDbEntity
  8
STAKE_NODES
100
AcDbPoint
 10
3568.0000305175786
 20
1462.999979654948
 30
0.0
  0
POINT
  5
608
330
17
100
AcDbEntity
  8
STAKE_NODES
100
AcDbPoint
 10
3558.000183105469
 20
1485.9999338785808
 30
0.0
  0
LWPOLYLINE
  5
609
330
17
100
AcDbEntity
  8
SANITARY_CLEAR_ZONE
100
AcDbPolyline
 90
4
 70
0
 10
3560.0001017252607
 20
1467.9999033610027
 10
3557.000223795573
 20
1468.9998626708984
 10
3550.0000000000005
 20
1452.9998779296875
 10
3560.0001017252607
 20
1467.9999033610027
  0
POINT
  5
60A
330
17
100
AcDbEntity
  8
STAKE_NODES
100
AcDbPoint
 10
3560.0001017252607
 20
1467.9999033610027
 30
0.0
  0
POINT
  5
60B
330
17
100
AcDbEntity
  8
STAKE_NODES
100
AcDbPoint
 10
3557.000223795573
 20
1468.9998626708984
 30
0.0
  0
POINT
  5
60C
330
17
100
AcDbEntity
  8
STAKE_NODES
100
AcDbPoint
 10
3550.0000000000005
 20
1452.9998779296875
 30
0.0
  0
LWPOLYLINE
  5
60D
330
17
100
AcDbEntity
  8
SANITARY_CLEAR_ZONE
100
AcDbPolyline
 90
4
 70
0
 10
3557.000223795573
 20
1468.9998626708984
 10
3550.0000000000005
 20
1452.9998779296875
 10
3547.000122070313
 20
1454.9999237060547
 10
3557.000223795573
 20
1468.9998626708984
  0
POINT
  5
60E
330
17
100
AcDbEntity
  8
STAKE_NODES
100
AcDbPoint
 10
3547.000122070313
 20
1454.9999237060547
 30
0.0
  0
LWPOLYLINE
  5
60F
330
17
100
AcDbEntity
  8
SANITARY_CLEAR_ZONE
100
AcDbPolyline
 90
4
 70
0
 10
3550.0000000000005
 20
1453.999964396159
 10
3547.000122070313
 20
1454.9999237060547
 10
3531.0002644856772
 20
1411.9998931884766
 10
3550.0000000000005
 20
1453.999964396159
  0
POINT
  5
610
330
17
100
AcDbEntity
  8
STAKE_NODES
100
AcDbPoint
 10
3550.0000000000005
 20
1453.999964396159
 30
0.0
  0
POINT
  5
611
330
17
100
AcDbEntity
  8
STAKE_NODES
100
AcDbPoint
 10
3531.0002644856772
 20
1411.9998931884766
 30
0.0
  0
LWPOLYLINE
  5
612
330
17
100
AcDbEntity
  8
SANITARY_CLEAR_ZONE
100
AcDbPolyline
 90
4
 70
0
 10
3547.000122070313
 20
1454.9999237060547
 10
3531.0002644856772
 20
1411.9998931884766
 10
3528.000132242839
 20
1413.9999389648438
 10
3547.000122070313
 20
1454.9999237060547
  0
POINT
  5
613
330
17
100
AcDbEntity
  8
STAKE_NODES
100
AcDbPoint
 10
3528.000132242839
 20
1413.9999389648438
 30
0.0
  0
LINE
  5
614
330
17
100
AcDbEntity
  8
SANITARY_CLEAR_ZONE
100
AcDbLine
 10
3531.0002644856772
 20
1411.9998931884766
 30
0.0
 11
3528.000132242839
 21
1413.9999389648438
 31
0.0
  0
LWPOLYLINE
  5
615
330
17
100
AcDbEntity
  8
SANITARY_CLEAR_ZONE
100
AcDbPolyline
 90
5
 70
0
 10
3512.0000203450522
 20
1401.9999186197917
 10
3512.999979654948
 20
1402.9998779296875
 10
3537.0000203450522
 20
1405.9998830159507
 10
3537.0000203450522
 20
1404.9999237060547
 10
3512.0000203450522
 20
1401.9999186197917
  0
POINT
  5
616
330
17
100
AcDbEntity
  8
STAKE_NODES
100
AcDbPoint
 10
3512.0000203450522
 20
1401.9999186197917
 30
0.0
  0
POINT
  5
617
330
17
100
AcDbEntity
  8
STAKE_NODES
100
AcDbPoint
 10
3512.999979654948
 20
1402.9998779296875
 30
0.0
  0
POINT
  5
618
330
17
100
AcDbEntity
  8
STAKE_NODES
100
AcDbPoint
 10
3537.0000203450522
 20
1405.9998830159507
 30
0.0
  0
POINT
  5
619
330
17
100
AcDbEntity
  8
STAKE_NODES
100
AcDbPoint
 10
3537.0000203450522
 20
1404.9999237060547
 30
0.0
  0
LWPOLYLINE
  5
61A
330
17
100
AcDbEntity
  8
SANITARY_CLEAR_ZONE
100
AcDbPolyline
 90
5
 70
0
 10
3518.0000305175786
 20
1414.9998982747397
 10
3532.000223795573
 20
1393.999989827474
 10
3531.0002644856772
 20
1392.9999033610027
 10
3518.0000305175786
 20
1413.9999389648438
 10
3518.0000305175786
 20
1414.9998982747397
  0
POINT
  5
61B
330
17
100
AcDbEntity
  8
STAKE_NODES
100
AcDbPoint
 10
3518.0000305175786
 20
1414.9998982747397
 30
0.0
  0
POINT
  5
61C
330
17
100
AcDbEntity
  8
STAKE_NODES
100
AcDbPoint
 10
3532.000223795573
 20
1393.999989827474
 30
0.0
  0
POINT
  5
61D
330
17
100
AcDbEntity
  8
STAKE_NODES
100
AcDbPoint
 10
3531.0002644856772
 20
1392.9999033610027
 30
0.0
  0
POINT
  5
61E
330
17
100
AcDbEntity
  8
STAKE_NODES
100
AcDbPoint
 10
3518.0000305175786
 20
1413.9999389648438
 30
0.0
  0
LWPOLYLINE
  5
61F
330
17
100
AcDbEntity
  8
SANITARY_CLEAR_ZONE
100
AcDbPolyline
 90
4
 70
0
 10
3523.0000813802085
 20
1395.9999084472656
 10
3520.000203450521
 20
1397.9999542236328
 10
3496.000162760417
 20
1338.9999389648438
 10
3523.0000813802085
 20
1395.9999084472656
  0
POINT
  5
620
330
17
100
AcDbEntity
  8
STAKE_NODES
100
AcDbPoint
 10
3523.0000813802085
 20
1395.9999084472656
 30
0.0
  0
POINT
  5
621
330
17
100
AcDbEntity
  8
STAKE_NODES
100
AcDbPoint
 10
3520.000203450521
 20
1397.9999542236328
 30
0.0
  0
POINT
  5
622
330
17
100
AcDbEntity
  8
STAKE_NODES
100
AcDbPoint
 10
3496.000162760417
 20
1338.9999389648438
 30
0.0
  0
LWPOLYLINE
  5
623
330
17
100
AcDbEntity
  8
SANITARY_CLEAR_ZONE
100
AcDbPolyline
 90
4
 70
0
 10
3520.000203450521
 20
1397.9999542236328
 10
3496.000162760417
 20
1338.9999389648438
 10
3493.0000305175786
 20
1340.999984741211
 10
3520.000203450521
 20
1397.9999542236328
  0
POINT
  5
624
330
17
100
AcDbEntity
  8
STAKE_NODES
100
AcDbPoint
 10
3493.0000305175786
 20
1340.999984741211
 30
0.0
  0
LWPOLYLINE
  5
625
330
17
100
AcDbEntity
  8
SANITARY_CLEAR_ZONE
100
AcDbPolyline
 90
5
 70
0
 10
3478.000132242839
 20
1328.999964396159
 10
3478.000132242839
 20
1329.9999237060547
 10
3503.000132242839
 20
1332.9999287923179
 10
3501.999918619792
 20
1331.9999694824219
 10
3478.000132242839
 20
1328.999964396159
  0
POINT
  5
626
330
17
100
AcDbEntity
  8
STAKE_NODES
100
AcDbPoint
 10
3478.000132242839
 20
1328.999964396159
 30
0.0
  0
POINT
  5
627
330
17
100
AcDbEntity
  8
STAKE_NODES
100
AcDbPoint
 10
3478.000132242839
 20
1329.9999237060547
 30
0.0
  0
POINT
  5
628
330
17
100
AcDbEntity
  8
STAKE_NODES
100
AcDbPoint
 10
3503.000132242839
 20
1332.9999287923179
 30
0.0
  0
POINT
  5
629
330
17
100
AcDbEntity
  8
STAKE_NODES
100
AcDbPoint
 10
3501.999918619792
 20
1331.9999694824219
 30
0.0
  0
LWPOLYLINE
  5
62A
330
17
100
AcDbEntity
  8
SANITARY_CLEAR_ZONE
100
AcDbPolyline
 90
5
 70
0
 10
3484.0001424153647
 20
1341.999944051107
 10
3497.000122070313
 20
1320.9999084472656
 10
3497.000122070313
 20
1319.9999491373699
 10
3483.000183105469
 20
1340.999984741211
 10
3484.0001424153647
 20
1341.999944051107
  0
POINT
  5
62B
330
17
100
AcDbEntity
  8
STAKE_NODES
100
AcDbPoint
 10
3484.0001424153647
 20
1341.999944051107
 30
0.0
  0
POINT
  5
62C
330
17
100
AcDbEntity
  8
STAKE_NODES
100
AcDbPoint
 10
3497.000122070313
 20
1320.9999084472656
 30
0.0
  0
POINT
  5
62D
330
17
100
AcDbEntity
  8
STAKE_NODES
100
AcDbPoint
 10
3497.000122070313
 20
1319.9999491373699
 30
0.0
  0
POINT
  5
62E
330
17
100
AcDbEntity
  8
STAKE_NODES
100
AcDbPoint
 10
3483.000183105469
 20
1340.999984741211
 30
0.0
  0
LWPOLYLINE
  5
62F
330
17
100
AcDbEntity
  8
SANITARY_CLEAR_ZONE
100
AcDbPolyline
 90
4
 70
0
 10
3484.0001424153647
 20
1326.9999186197917
 10
3484.0001424153647
 20
1329.9999237060547
 10
3421.000162760417
 20
1326.9999186197917
 10
3484.0001424153647
 20
1326.9999186197917
  0
POINT
  5
630
330
17
100
AcDbEntity
  8
STAKE_NODES
100
AcDbPoint
 10
3484.0001424153647
 20
1326.9999186197917
 30
0.0
  0
POINT
  5
631
330
17
100
AcDbEntity
  8
STAKE_NODES
100
AcDbPoint
 10
3484.0001424153647
 20
1329.9999237060547
 30
0.0
  0
POINT
  5
632
330
17
100
AcDbEntity
  8
STAKE_NODES
100
AcDbPoint
 10
3421.000162760417
 20
1326.9999186197917
 30
0.0
  0
LWPOLYLINE
  5
633
330
17
100
AcDbEntity
  8
SANITARY_CLEAR_ZONE
100
AcDbPolyline
 90
4
 70
0
 10
3484.0001424153647
 20
1329.9999237060547
 10
3421.000162760417
 20
1326.9999186197917
 10
3421.000162760417
 20
1329.9999237060547
 10
3484.0001424153647
 20
1329.9999237060547
  0
POINT
  5
634
330
17
100
AcDbEntity
  8
STAKE_NODES
100
AcDbPoint
 10
3421.000162760417
 20
1329.9999237060547
 30
0.0
  0
LWPOLYLINE
  5
635
330
17
100
AcDbEntity
  8
SANITARY_CLEAR_ZONE
100
AcDbPolyline
 90
5
 70
0
 10
3404.000091552735
 20
1338.9999389648438
 10
3405.0000508626304
 20
1338.9999389648438
 10
3418.0000305175786
 20
1317.9999033610027
 10
3417.0000712076826
 20
1317.9999033610027
 10
3404.000091552735
 20
1338.9999389648438
  0
POINT
  5
636
330
17
100
AcDbEntity
  8
STAKE_NODES
100
AcDbPoint
 10
3404.000091552735
 20
1338.9999389648438
 30
0.0
  0
POINT
  5
637
330
17
100
AcDbEntity
  8
STAKE_NODES
100
AcDbPoint
 10
3405.0000508626304
 20
1338.9999389648438
 30
0.0
  0
POINT
  5
638
330
17
100
AcDbEntity
  8
STAKE_NODES
100
AcDbPoint
 10
3418.0000305175786
 20
1317.9999033610027
 30
0.0
  0
POINT
  5
639
330
17
100
AcDbEntity
  8
STAKE_NODES
100
AcDbPoint
 10
3417.0000712076826
 20
1317.9999033610027
 30
0.0
  0
LWPOLYLINE
  5
63A
330
17
100
AcDbEntity
  8
SANITARY_CLEAR_ZONE
100
AcDbPolyline
 90
5
 70
0
 10
3418.0000305175786
 20
1338.9999389648438
 10
3405.0000508626304
 20
1317.9999033610027
 10
3404.000091552735
 20
1317.9999033610027
 10
3417.0000712076826
 20
1338.9999389648438
 10
3418.0000305175786
 20
1338.9999389648438
  0
POINT
  5
63B
330
17
100
AcDbEntity
  8
STAKE_NODES
100
AcDbPoint
 10
3418.0000305175786
 20
1338.9999389648438
 30
0.0
  0
POINT
  5
63C
330
17
100
AcDbEntity
  8
STAKE_NODES
100
AcDbPoint
 10
3405.0000508626304
 20
1317.9999033610027
 30
0.0
  0
POINT
  5
63D
330
17
100
AcDbEntity
  8
STAKE_NODES
100
AcDbPoint
 10
3404.000091552735
 20
1317.9999033610027
 30
0.0
  0
POINT
  5
63E
330
17
100
AcDbEntity
  8
STAKE_NODES
100
AcDbPoint
 10
3417.0000712076826
 20
1338.9999389648438
 30
0.0
  0
LWPOLYLINE
  5
63F
330
17
100
AcDbEntity
  8
SANITARY_CLEAR_ZONE
100
AcDbPolyline
 90
4
 70
0
 10
3403.000132242839
 20
1326.9999186197917
 10
3403.000132242839
 20
1329.9999237060547
 10
3380.0000508626304
 20
1326.9999186197917
 10
3403.000132242839
 20
1326.9999186197917
  0
POINT
  5
640
330
17
100
AcDbEntity
  8
STAKE_NODES
100
AcDbPoint
 10
3403.000132242839
 20
1326.9999186197917
 30
0.0
  0
POINT
  5
641
330
17
100
AcDbEntity
  8
STAKE_NODES
100
AcDbPoint
 10
3403.000132242839
 20
1329.9999237060547
 30
0.0
  0
POINT
  5
642
330
17
100
AcDbEntity
  8
STAKE_NODES
100
AcDbPoint
 10
3380.0000508626304
 20
1326.9999186197917
 30
0.0
  0
LWPOLYLINE
  5
643
330
17
100
AcDbEntity
  8
SANITARY_CLEAR_ZONE
100
AcDbPolyline
 90
4
 70
0
 10
3403.000132242839
 20
1329.9999237060547
 10
3380.0000508626304
 20
1326.9999186197917
 10
3380.0000508626304
 20
1329.9999237060547
 10
3403.000132242839
 20
1329.9999237060547
  0
POINT
  5
644
330
17
100
AcDbEntity
  8
STAKE_NODES
100
AcDbPoint
 10
3380.0000508626304
 20
1329.9999237060547
 30
0.0
  0
LWPOLYLINE
  5
645
330
17
100
AcDbEntity
  8
SANITARY_CLEAR_ZONE
100
AcDbPolyline
 90
4
 70
0
 10
3379.000091552735
 20
1326.9999186197917
 10
3381.0002644856772
 20
1328.999964396159
 10
3360.0001017252607
 20
1351.9999186197917
 10
3379.000091552735
 20
1326.9999186197917
  0
POINT
  5
646
330
17
100
AcDbEntity
  8
STAKE_NODES
100
AcDbPoint
 10
3379.000091552735
 20
1326.9999186197917
 30
0.0
  0
POINT
  5
647
330
17
100
AcDbEntity
  8
STAKE_NODES
100
AcDbPoint
 10
3381.0002644856772
 20
1328.999964396159
 30
0.0
  0
POINT
  5
648
330
17
100
AcDbEntity
  8
STAKE_NODES
100
AcDbPoint
 10
3360.0001017252607
 20
1351.9999186197917
 30
0.0
  0
LWPOLYLINE
  5
649
330
17
100
AcDbEntity
  8
SANITARY_CLEAR_ZONE
100
AcDbPolyline
 90
4
 70
0
 10
3381.0002644856772
 20
1328.999964396159
 10
3360.0001017252607
 20
1351.9999186197917
 10
3362.0000203450522
 20
1353.999964396159
 10
3381.0002644856772
 20
1328.999964396159
  0
POINT
  5
64A
330
17
100
AcDbEntity
  8
STAKE_NODES
100
AcDbPoint
 10
3362.0000203450522
 20
1353.999964396159
 30
0.0
  0
LWPOLYLINE
  5
64B
330
17
100
AcDbEntity
  8
SANITARY_CLEAR_ZONE
100
AcDbPolyline
 90
4
 70
0
 10
2893.000030517578
 20
1801.9999186197917
 10
2896.000162760417
 20
1800.999959309896
 10
2910.0001017252607
 20
1845.9999084472659
 10
2893.000030517578
 20
1801.9999186197917
  0
POINT
  5
64C
330
17
100
AcDbEntity
  8
STAKE_NODES
100
AcDbPoint
 10
2893.000030517578
 20
1801.9999186197917
 30
0.0
  0
POINT
  5
64D
330
17
100
AcDbEntity
  8
STAKE_NODES
100
AcDbPoint
 10
2896.000162760417
 20
1800.999959309896
 30
0.0
  0
POINT
  5
64E
330
17
100
AcDbEntity
  8
STAKE_NODES
100
AcDbPoint
 10
2910.0001017252607
 20
1845.9999084472659
 30
0.0
  0
LWPOLYLINE
  5
64F
330
17
100
AcDbEntity
  8
SANITARY_CLEAR_ZONE
100
AcDbPolyline
 90
4
 70
0
 10
2896.000162760417
 20
1800.999959309896
 10
2910.0001017252607
 20
1845.9999084472659
 10
2912.999979654948
 20
1844.9999491373699
 10
2896.000162760417
 20
1800.999959309896
  0
POINT
  5
650
330
17
100
AcDbEntity
  8
STAKE_NODES
100
AcDbPoint
 10
2912.999979654948
 20
1844.9999491373699
 30
0.0
  0
LWPOLYLINE
  5
651
330
17
100
AcDbEntity
  8
SANITARY_CLEAR_ZONE
100
AcDbPolyline
 90
5
 70
0
 10
2928.000132242839
 20
1857.9999287923179
 10
2928.000132242839
 20
1856.999969482422
 10
2903.000132242839
 20
1851.9999186197917
 10
2904.0000915527344
 20
1852.9998779296877
 10
2928.000132242839
 20
1857.9999287923179
  0
POINT
  5
652
330
17
100
AcDbEntity
  8
STAKE_NODES
100
AcDbPoint
 10
2928.000132242839
 20
1857.9999287923179
 30
0.0
  0
POINT
  5
653
330
17
100
AcDbEntity
  8
STAKE_NODES
100
AcDbPoint
 10
2928.000132242839
 20
1856.999969482422
 30
0.0
  0
POINT
  5
654
330
17
100
AcDbEntity
  8
STAKE_NODES
100
AcDbPoint
 10
2903.000132242839
 20
1851.9999186197917
 30
0.0
  0
POINT
  5
655
330
17
100
AcDbEntity
  8
STAKE_NODES
100
AcDbPoint
 10
2904.0000915527344
 20
1852.9998779296877
 30
0.0
  0
LWPOLYLINE
  5
656
330
17
100
AcDbEntity
  8
SANITARY_CLEAR_ZONE
100
AcDbPolyline
 90
4
 70
0
 10
2923.0000813802085
 20
1844.9999491373699
 10
2923.0000813802085
 20
1845.9999084472659
 10
2908.0001831054688
 20
1864.9998982747397
 10
2923.0000813802085
 20
1844.9999491373699
  0
POINT
  5
657
330
17
100
AcDbEntity
  8
STAKE_NODES
100
AcDbPoint
 10
2923.0000813802085
 20
1844.9999491373699
 30
0.0
  0
POINT
  5
658
330
17
100
AcDbEntity
  8
STAKE_NODES
100
AcDbPoint
 10
2923.0000813802085
 20
1845.9999084472659
 30
0.0
  0
POINT
  5
659
330
17
100
AcDbEntity
  8
STAKE_NODES
100
AcDbPoint
 10
2908.0001831054688
 20
1864.9998982747397
 30
0.0
  0
LWPOLYLINE
  5
65A
330
17
100
AcDbEntity
  8
SANITARY_CLEAR_ZONE
100
AcDbPolyline
 90
4
 70
0
 10
2917.0000712076826
 20
1862.9998524983725
 10
2920.000203450521
 20
1861.9998931884768
 10
2925.999959309896
 20
1886.9998931884768
 10
2917.0000712076826
 20
1862.9998524983725
  0
POINT
  5
65B
330
17
100
AcDbEntity
  8
STAKE_NODES
100
AcDbPoint
 10
2917.0000712076826
 20
1862.9998524983725
 30
0.0
  0
POINT
  5
65C
330
17
100
AcDbEntity
  8
STAKE_NODES
100
AcDbPoint
 10
2920.000203450521
 20
1861.9998931884768
 30
0.0
  0
POINT
  5
65D
330
17
100
AcDbEntity
  8
STAKE_NODES
100
AcDbPoint
 10
2925.999959309896
 20
1886.9998931884768
 30
0.0
  0
LWPOLYLINE
  5
65E
330
17
100
AcDbEntity
  8
SANITARY_CLEAR_ZONE
100
AcDbPolyline
 90
4
 70
0
 10
2920.000203450521
 20
1861.9998931884768
 10
2925.999959309896
 20
1886.9998931884768
 10
2929.0000915527344
 20
1885.9999338785808
 10
2920.000203450521
 20
1861.9998931884768
  0
POINT
  5
65F
330
17
100
AcDbEntity
  8
STAKE_NODES
100
AcDbPoint
 10
2929.0000915527344
 20
1885.9999338785808
 30
0.0
  0
LWPOLYLINE
  5
660
330
17
100
AcDbEntity
  8
SANITARY_CLEAR_ZONE
100
AcDbPolyline
 90
4
 70
0
 10
2928.000132242839
 20
1887.9998524983725
 10
2926.999918619792
 20
1884.999974568685
 10
2964.9998982747397
 20
1877.9998779296877
 10
2928.000132242839
 20
1887.9998524983725
  0
POINT
  5
661
330
17
100
AcDbEntity
  8
STAKE_NODES
100
AcDbPoint
 10
2928.000132242839
 20
1887.9998524983725
 30
0.0
  0
POINT
  5
662
330
17
100
AcDbEntity
  8
STAKE_NODES
100
AcDbPoint
 10
2926.999918619792
 20
1884.999974568685
 30
0.0
  0
POINT
  5
663
330
17
100
AcDbEntity
  8
STAKE_NODES
100
AcDbPoint
 10
2964.9998982747397
 20
1877.9998779296877
 30
0.0
  0
LWPOLYLINE
  5
664
330
17
100
AcDbEntity
  8
SANITARY_CLEAR_ZONE
100
AcDbPolyline
 90
4
 70
0
 10
2926.999918619792
 20
1884.999974568685
 10
2964.9998982747397
 20
1877.9998779296877
 10
2963.9999389648438
 20
1875.999959309896
 10
2926.999918619792
 20
1884.999974568685
  0
POINT
  5
665
330
17
100
AcDbEntity
  8
STAKE_NODES
100
AcDbPoint
 10
2963.9999389648438
 20
1875.999959309896
 30
0.0
  0
LWPOLYLINE
  5
666
330
17
100
AcDbEntity
  8
SANITARY_CLEAR_ZONE
100
AcDbPolyline
 90
5
 70
0
 10
2978.000132242839
 20
1862.9998524983725
 10
2976.999918619792
 20
1862.9998524983725
 10
2970.000203450521
 20
1885.9999338785808
 10
2971.000162760417
 20
1885.9999338785808
 10
2978.000132242839
 20
1862.9998524983725
  0
POINT
  5
667
330
17
100
AcDbEntity
  8
STAKE_NODES
100
AcDbPoint
 10
2978.000132242839
 20
1862.9998524983725
 30
0.0
  0
POINT
  5
668
330
17
100
AcDbEntity
  8
STAKE_NODES
100
AcDbPoint
 10
2976.999918619792
 20
1862.9998524983725
 30
0.0
  0
POINT
  5
669
330
17
100
AcDbEntity
  8
STAKE_NODES
100
AcDbPoint
 10
2970.000203450521
 20
1885.9999338785808
 30
0.0
  0
POINT
  5
66A
330
17
100
AcDbEntity
  8
STAKE_NODES
100
AcDbPoint
 10
2971.000162760417
 20
1885.9999338785808
 30
0.0
  0
LWPOLYLINE
  5
66B
330
17
100
AcDbEntity
  8
SANITARY_CLEAR_ZONE
100
AcDbPolyline
 90
5
 70
0
 10
2964.9998982747397
 20
1865.9998575846355
 10
2982.000223795573
 20
1882.9999287923179
 10
2983.0001831054688
 20
1882.9999287923179
 10
2966.0001118977866
 20
1865.9998575846355
 10
2964.9998982747397
 20
1865.9998575846355
  0
POINT
  5
66C
330
17
100
AcDbEntity
  8
STAKE_NODES
100
AcDbPoint
 10
2964.9998982747397
 20
1865.9998575846355
 30
0.0
  0
POINT
  5
66D
330
17
100
AcDbEntity
  8
STAKE_NODES
100
AcDbPoint
 10
2982.000223795573
 20
1882.9999287923179
 30
0.0
  0
POINT
  5
66E
330
17
100
AcDbEntity
  8
STAKE_NODES
100
AcDbPoint
 10
2983.0001831054688
 20
1882.9999287923179
 30
0.0
  0
POINT
  5
66F
330
17
100
AcDbEntity
  8
STAKE_NODES
100
AcDbPoint
 10
2966.0001118977866
 20
1865.9998575846355
 30
0.0
  0
LWPOLYLINE
  5
670
330
17
100
AcDbEntity
  8
SANITARY_CLEAR_ZONE
100
AcDbPolyline
 90
4
 70
0
 10
2982.000223795573
 20
1873.9999135335288
 10
2981.0002644856772
 20
1870.9999084472659
 10
3003.000132242839
 20
1868.9998626708987
 10
2982.000223795573
 20
1873.9999135335288
  0
POINT
  5
671
330
17
100
AcDbEntity
  8
STAKE_NODES
100
AcDbPoint
 10
2982.000223795573
 20
1873.9999135335288
 30
0.0
  0
POINT
  5
672
330
17
100
AcDbEntity
  8
STAKE_NODES
100
AcDbPoint
 10
2981.0002644856772
 20
1870.9999084472659
 30
0.0
  0
POINT
  5
673
330
17
100
AcDbEntity
  8
STAKE_NODES
100
AcDbPoint
 10
3003.000132242839
 20
1868.9998626708987
 30
0.0
  0
LWPOLYLINE
  5
674
330
17
100
AcDbEntity
  8
SANITARY_CLEAR_ZONE
100
AcDbPolyline
 90
4
 70
0
 10
2981.0002644856772
 20
1870.9999084472659
 10
3003.000132242839
 20
1868.9998626708987
 10
3001.999918619792
 20
1865.9998575846355
 10
2981.0002644856772
 20
1870.9999084472659
  0
POINT
  5
675
330
17
100
AcDbEntity
  8
STAKE_NODES
100
AcDbPoint
 10
3001.999918619792
 20
1865.9998575846355
 30
0.0
  0
LWPOLYLINE
  5
676
330
17
100
AcDbEntity
  8
SANITARY_CLEAR_ZONE
100
AcDbPolyline
 90
4
 70
0
 10
3003.000132242839
 20
1867.9999033610027
 10
3001.999918619792
 20
1865.9998575846355
 10
3035.0001017252607
 20
1840.9998575846355
 10
3003.000132242839
 20
1867.9999033610027
  0
POINT
  5
677
330
17
100
AcDbEntity
  8
STAKE_NODES
100
AcDbPoint
 10
3003.000132242839
 20
1867.9999033610027
 30
0.0
  0
POINT
  5
678
330
17
100
AcDbEntity
  8
STAKE_NODES
100
AcDbPoint
 10
3035.0001017252607
 20
1840.9998575846355
 30
0.0
  0
LWPOLYLINE
  5
679
330
17
100
AcDbEntity
  8
SANITARY_CLEAR_ZONE
100
AcDbPolyline
 90
4
 70
0
 10
3001.999918619792
 20
1865.9998575846355
 10
3035.0001017252607
 20
1840.9998575846355
 10
3033.0001831054688
 20
1838.999938964844
 10
3001.999918619792
 20
1865.9998575846355
  0
POINT
  5
67A
330
17
100
AcDbEntity
  8
STAKE_NODES
100
AcDbPoint
 10
3033.0001831054688
 20
1838.999938964844
 30
0.0
  0
LWPOLYLINE
  5
67B
330
17
100
AcDbEntity
  8
SANITARY_CLEAR_ZONE
100
AcDbPolyline
 90
5
 70
0
 10
3039.9998982747397
 20
1820.9999084472659
 10
3039.9998982747397
 20
1821.9998677571616
 10
3043.000030517578
 20
1845.9999084472659
 10
3044.000244140625
 20
1845.9999084472659
 10
3039.9998982747397
 20
1820.9999084472659
  0
POINT
  5
67C
330
17
100
AcDbEntity
  8
STAKE_NODES
100
AcDbPoint
 10
3039.9998982747397
 20
1820.9999084472659
 30
0.0
  0
POINT
  5
67D
330
17
100
AcDbEntity
  8
STAKE_NODES
100
AcDbPoint
 10
3039.9998982747397
 20
1821.9998677571616
 30
0.0
  0
POINT
  5
67E
330
17
100
AcDbEntity
  8
STAKE_NODES
100
AcDbPoint
 10
3043.000030517578
 20
1845.9999084472659
 30
0.0
  0
POINT
  5
67F
330
17
100
AcDbEntity
  8
STAKE_NODES
100
AcDbPoint
 10
3044.000244140625
 20
1845.9999084472659
 30
0.0
  0
LWPOLYLINE
  5
680
330
17
100
AcDbEntity
  8
SANITARY_CLEAR_ZONE
100
AcDbPolyline
 90
4
 70
0
 10
3054.0000915527344
 20
1836.9998931884768
 10
3053.000132242839
 20
1837.999979654948
 10
3030.0000508626304
 20
1829.999923706055
 10
3054.0000915527344
 20
1836.9998931884768
  0
POINT
  5
681
330
17
100
AcDbEntity
  8
STAKE_NODES
100
AcDbPoint
 10
3054.0000915527344
 20
1836.9998931884768
 30
0.0
  0
POINT
  5
682
330
17
100
AcDbEntity
  8
STAKE_NODES
100
AcDbPoint
 10
3053.000132242839
 20
1837.999979654948
 30
0.0
  0
POINT
  5
683
330
17
100
AcDbEntity
  8
STAKE_NODES
100
AcDbPoint
 10
3030.0000508626304
 20
1829.999923706055
 30
0.0
  0
LWPOLYLINE
  5
684
330
17
100
AcDbEntity
  8
SANITARY_CLEAR_ZONE
100
AcDbPolyline
 90
4
 70
0
 10
3049.0000406901045
 20
1829.999923706055
 10
3047.0001220703125
 20
1827.9998779296877
 10
3097.0001220703125
 20
1788.999938964844
 10
3049.0000406901045
 20
1829.999923706055
  0
POINT
  5
685
330
17
100
AcDbEntity
  8
STAKE_NODES
100
AcDbPoint
 10
3049.0000406901045
 20
1829.999923706055
 30
0.0
  0
POINT
  5
686
330
17
100
AcDbEntity
  8
STAKE_NODES
100
AcDbPoint
 10
3047.0001220703125
 20
1827.9998779296877
 30
0.0
  0
POINT
  5
687
330
17
100
AcDbEntity
  8
STAKE_NODES
100
AcDbPoint
 10
3097.0001220703125
 20
1788.999938964844
 30
0.0
  0
LWPOLYLINE
  5
688
330
17
100
AcDbEntity
  8
SANITARY_CLEAR_ZONE
100
AcDbPolyline
 90
4
 70
0
 10
3047.0001220703125
 20
1827.9998779296877
 10
3097.0001220703125
 20
1788.999938964844
 10
3095.000203450521
 20
1786.9998931884768
 10
3047.0001220703125
 20
1827.9998779296877
  0
POINT
  5
689
330
17
100
AcDbEntity
  8
STAKE_NODES
100
AcDbPoint
 10
3095.000203450521
 20
1786.9998931884768
 30
0.0
  0
LWPOLYLINE
  5
68A
330
17
100
AcDbEntity
  8
SANITARY_CLEAR_ZONE
100
AcDbPolyline
 90
5
 70
0
 10
3101.999918619792
 20
1768.9998626708987
 10
3100.999959309896
 20
1768.9998626708987
 10
3105.0000508626304
 20
1793.9998626708987
 10
3106.0002644856772
 20
1792.9999033610027
 10
3101.999918619792
 20
1768.9998626708987
  0
POINT
  5
68B
330
17
100
AcDbEntity
  8
STAKE_NODES
100
AcDbPoint
 10
3101.999918619792
 20
1768.9998626708987
 30
0.0
  0
POINT
  5
68C
330
17
100
AcDbEntity
  8
STAKE_NODES
100
AcDbPoint
 10
3100.999959309896
 20
1768.9998626708987
 30
0.0
  0
POINT
  5
68D
330
17
100
AcDbEntity
  8
STAKE_NODES
100
AcDbPoint
 10
3105.0000508626304
 20
1793.9998626708987
 30
0.0
  0
POINT
  5
68E
330
17
100
AcDbEntity
  8
STAKE_NODES
100
AcDbPoint
 10
3106.0002644856772
 20
1792.9999033610027
 30
0.0
  0
LWPOLYLINE
  5
68F
330
17
100
AcDbEntity
  8
SANITARY_CLEAR_ZONE
100
AcDbPolyline
 90
5
 70
0
 10
3091.0001118977866
 20
1777.9998779296877
 10
3114.9998982747397
 20
1784.999974568685
 10
3116.0001118977866
 20
1784.999974568685
 10
3092.0000712076826
 20
1776.9999186197917
 10
3091.0001118977866
 20
1777.9998779296877
  0
POINT
  5
690
330
17
100
AcDbEntity
  8
STAKE_NODES
100
AcDbPoint
 10
3091.0001118977866
 20
1777.9998779296877
 30
0.0
  0
POINT
  5
691
330
17
100
AcDbEntity
  8
STAKE_NODES
100
AcDbPoint
 10
3114.9998982747397
 20
1784.999974568685
 30
0.0
  0
POINT
  5
692
330
17
100
AcDbEntity
  8
STAKE_NODES
100
AcDbPoint
 10
3116.0001118977866
 20
1784.999974568685
 30
0.0
  0
POINT
  5
693
330
17
100
AcDbEntity
  8
STAKE_NODES
100
AcDbPoint
 10
3092.0000712076826
 20
1776.9999186197917
 30
0.0
  0
LWPOLYLINE
  5
694
330
17
100
AcDbEntity
  8
SANITARY_CLEAR_ZONE
100
AcDbPolyline
 90
4
 70
0
 10
3111.0000610351562
 20
1776.9999186197917
 10
3109.0001424153647
 20
1774.9998728434246
 10
3113.9999389648438
 20
1774.9998728434246
 10
3111.0000610351562
 20
1776.9999186197917
  0
POINT
  5
695
330
17
100
AcDbEntity
  8
STAKE_NODES
100
AcDbPoint
 10
3111.0000610351562
 20
1776.9999186197917
 30
0.0
  0
POINT
  5
696
330
17
100
AcDbEntity
  8
STAKE_NODES
100
AcDbPoint
 10
3109.0001424153647
 20
1774.9998728434246
 30
0.0
  0
POINT
  5
697
330
17
100
AcDbEntity
  8
STAKE_NODES
100
AcDbPoint
 10
3113.9999389648438
 20
1774.9998728434246
 30
0.0
  0
LWPOLYLINE
  5
698
330
17
100
AcDbEntity
  8
SANITARY_CLEAR_ZONE
100
AcDbPolyline
 90
4
 70
0
 10
3109.0001424153647
 20
1774.9998728434246
 10
3113.9999389648438
 20
1774.9998728434246
 10
3112.0000203450522
 20
1771.9998677571616
 10
3109.0001424153647
 20
1774.9998728434246
  0
POINT
  5
699
330
17
100
AcDbEntity
  8
STAKE_NODES
100
AcDbPoint
 10
3112.0000203450522
 20
1771.9998677571616
 30
0.0
  0
LWPOLYLINE
  5
69A
330
17
100
AcDbEntity
  8
SANITARY_CLEAR_ZONE
100
AcDbPolyline
 90
4
 70
0
 10
3113.9999389648438
 20
1773.9999135335288
 10
3111.0000610351562
 20
1772.999954223633
 10
3128.000132242839
 20
1731.999969482422
 10
3113.9999389648438
 20
1773.9999135335288
  0
POINT
  5
69B
330
17
100
AcDbEntity
  8
STAKE_NODES
100
AcDbPoint
 10
3113.9999389648438
 20
1773.9999135335288
 30
0.0
  0
POINT
  5
69C
330
17
100
AcDbEntity
  8
STAKE_NODES
100
AcDbPoint
 10
3111.0000610351562
 20
1772.999954223633
 30
0.0
  0
POINT
  5
69D
330
17
100
AcDbEntity
  8
STAKE_NODES
100
AcDbPoint
 10
3128.000132242839
 20
1731.999969482422
 30
0.0
  0
LWPOLYLINE
  5
69E
330
17
100
AcDbEntity
  8
SANITARY_CLEAR_ZONE
100
AcDbPolyline
 90
4
 70
0
 10
3111.0000610351562
 20
1772.999954223633
 10
3128.000132242839
 20
1731.999969482422
 10
3125.0
 20
1730.9998830159507
 10
3111.0000610351562
 20
1772.999954223633
  0
POINT
  5
69F
330
17
100
AcDbEntity
  8
STAKE_NODES
100
AcDbPoint
 10
3125.0
 20
1730.9998830159507
 30
0.0
  0
LWPOLYLINE
  5
6A0
330
17
100
AcDbEntity
  8
SANITARY_CLEAR_ZONE
100
AcDbPolyline
 90
4
 70
0
 10
3128.000132242839
 20
1731.999969482422
 10
3125.0
 20
1731.999969482422
 10
3125.999959309896
 20
1716.999944051107
 10
3128.000132242839
 20
1731.999969482422
  0
POINT
  5
6A1
330
17
100
AcDbEntity
  8
STAKE_NODES
100
AcDbPoint
 10
3125.0
 20
1731.999969482422
 30
0.0
  0
POINT
  5
6A2
330
17
100
AcDbEntity
  8
STAKE_NODES
100
AcDbPoint
 10
3125.999959309896
 20
1716.999944051107
 30
0.0
  0
LWPOLYLINE
  5
6A3
330
17
100
AcDbEntity
  8
SANITARY_CLEAR_ZONE
100
AcDbPolyline
 90
4
 70
0
 10
3125.0
 20
1731.999969482422
 10
3125.999959309896
 20
1716.999944051107
 10
3123.0000813802085
 20
1716.999944051107
 10
3125.0
 20
1731.999969482422
  0
POINT
  5
6A4
330
17
100
AcDbEntity
  8
STAKE_NODES
100
AcDbPoint
 10
3123.0000813802085
 20
1716.999944051107
 30
0.0
  0
LWPOLYLINE
  5
6A5
330
17
100
AcDbEntity
  8
SANITARY_CLEAR_ZONE
100
AcDbPolyline
 90
5
 70
0
 10
3112.999979654948
 20
1700.999959309896
 10
3112.999979654948
 20
1701.9999186197917
 10
3135.0001017252607
 20
1712.999979654948
 10
3135.0001017252607
 20
1711.9998931884768
 10
3112.999979654948
 20
1700.999959309896
  0
POINT
  5
6A6
330
17
100
AcDbEntity
  8
STAKE_NODES
100
AcDbPoint
 10
3112.999979654948
 20
1700.999959309896
 30
0.0
  0
POINT
  5
6A7
330
17
100
AcDbEntity
  8
STAKE_NODES
100
AcDbPoint
 10
3112.999979654948
 20
1701.9999186197917
 30
0.0
  0
POINT
  5
6A8
330
17
100
AcDbEntity
  8
STAKE_NODES
100
AcDbPoint
 10
3135.0001017252607
 20
1712.999979654948
 30
0.0
  0
POINT
  5
6A9
330
17
100
AcDbEntity
  8
STAKE_NODES
100
AcDbPoint
 10
3135.0001017252607
 20
1711.9998931884768
 30
0.0
  0
LWPOLYLINE
  5
6AA
330
17
100
AcDbEntity
  8
SANITARY_CLEAR_ZONE
100
AcDbPolyline
 90
5
 70
0
 10
3113.9999389648438
 20
1714.9998982747397
 10
3134.0001424153647
 20
1699.9998728434246
 10
3134.0001424153647
 20
1698.9999135335288
 10
3113.9999389648438
 20
1713.999938964844
 10
3113.9999389648438
 20
1714.9998982747397
  0
POINT
  5
6AB
330
17
100
AcDbEntity
  8
STAKE_NODES
100
AcDbPoint
 10
3113.9999389648438
 20
1714.9998982747397
 30
0.0
  0
POINT
  5
6AC
330
17
100
AcDbEntity
  8
STAKE_NODES
100
AcDbPoint
 10
3134.0001424153647
 20
1699.9998728434246
 30
0.0
  0
POINT
  5
6AD
330
17
100
AcDbEntity
  8
STAKE_NODES
100
AcDbPoint
 10
3134.0001424153647
 20
1698.9999135335288
 30
0.0
  0
POINT
  5
6AE
330
17
100
AcDbEntity
  8
STAKE_NODES
100
AcDbPoint
 10
3113.9999389648438
 20
1713.999938964844
 30
0.0
  0
LWPOLYLINE
  5
6AF
330
17
100
AcDbEntity
  8
SANITARY_CLEAR_ZONE
100
AcDbPolyline
 90
4
 70
0
 10
3125.0
 20
1698.9999135335288
 10
3122.0001220703125
 20
1698.9999135335288
 10
3122.0001220703125
 20
1675.999959309896
 10
3125.0
 20
1698.9999135335288
  0
POINT
  5
6B0
330
17
100
AcDbEntity
  8
STAKE_NODES
100
AcDbPoint
 10
3125.0
 20
1698.9999135335288
 30
0.0
  0
POINT
  5
6B1
330
17
100
AcDbEntity
  8
STAKE_NODES
100
AcDbPoint
 10
3122.0001220703125
 20
1698.9999135335288
 30
0.0
  0
POINT
  5
6B2
330
17
100
AcDbEntity
  8
STAKE_NODES
100
AcDbPoint
 10
3122.0001220703125
 20
1675.999959309896
 30
0.0
  0
LWPOLYLINE
  5
6B3
330
17
100
AcDbEntity
  8
SANITARY_CLEAR_ZONE
100
AcDbPolyline
 90
4
 70
0
 10
3122.0001220703125
 20
1698.9999135335288
 10
3122.0001220703125
 20
1675.999959309896
 10
3119.000244140625
 20
1675.999959309896
 10
3122.0001220703125
 20
1698.9999135335288
  0
POINT
  5
6B4
330
17
100
AcDbEntity
  8
STAKE_NODES
100
AcDbPoint
 10
3119.000244140625
 20
1675.999959309896
 30
0.0
  0
LWPOLYLINE
  5
6B5
330
17
100
AcDbEntity
  8
SANITARY_CLEAR_ZONE
100
AcDbPolyline
 90
4
 70
0
 10
3122.0001220703125
 20
1674.9998728434246
 10
3119.000244140625
 20
1676.9999186197917
 10
3101.999918619792
 20
1640.9998575846355
 10
3122.0001220703125
 20
1674.9998728434246
  0
POINT
  5
6B6
330
17
100
AcDbEntity
  8
STAKE_NODES
100
AcDbPoint
 10
3122.0001220703125
 20
1674.9998728434246
 30
0.0
  0
POINT
  5
6B7
330
17
100
AcDbEntity
  8
STAKE_NODES
100
AcDbPoint
 10
3119.000244140625
 20
1676.9999186197917
 30
0.0
  0
POINT
  5
6B8
330
17
100
AcDbEntity
  8
STAKE_NODES
100
AcDbPoint
 10
3101.999918619792
 20
1640.9998575846355
 30
0.0
  0
LWPOLYLINE
  5
6B9
330
17
100
AcDbEntity
  8
SANITARY_CLEAR_ZONE
100
AcDbPolyline
 90
4
 70
0
 10
3119.000244140625
 20
1676.9999186197917
 10
3101.999918619792
 20
1640.9998575846355
 10
3099.0000406901045
 20
1641.999944051107
 10
3119.000244140625
 20
1676.9999186197917
  0
POINT
  5
6BA
330
17
100
AcDbEntity
  8
STAKE_NODES
100
AcDbPoint
 10
3099.0000406901045
 20
1641.999944051107
 30
0.0
  0
LWPOLYLINE
  5
6BB
330
17
100
AcDbEntity
  8
SANITARY_CLEAR_ZONE
100
AcDbPolyline
 90
5
 70
0
 10
3083.0001831054688
 20
1631.999969482422
 10
3084.0001424153647
 20
1632.9999287923179
 10
3108.0001831054688
 20
1633.9998881022136
 10
3108.0001831054688
 20
1632.9999287923179
 10
3083.0001831054688
 20
1631.999969482422
  0
POINT
  5
6BC
330
17
100
AcDbEntity
  8
STAKE_NODES
100
AcDbPoint
 10
3083.0001831054688
 20
1631.999969482422
 30
0.0
  0
POINT
  5
6BD
330
17
100
AcDbEntity
  8
STAKE_NODES
100
AcDbPoint
 10
3084.0001424153647
 20
1632.9999287923179
 30
0.0
  0
POINT
  5
6BE
330
17
100
AcDbEntity
  8
STAKE_NODES
100
AcDbPoint
 10
3108.0001831054688
 20
1633.9998881022136
 30
0.0
  0
POINT
  5
6BF
330
17
100
AcDbEntity
  8
STAKE_NODES
100
AcDbPoint
 10
3108.0001831054688
 20
1632.9999287923179
 30
0.0
  0
LWPOLYLINE
  5
6C0
330
17
100
AcDbEntity
  8
SANITARY_CLEAR_ZONE
100
AcDbPolyline
 90
5
 70
0
 10
3089.9998982747397
 20
1643.9998626708987
 10
3101.999918619792
 20
1621.9998677571616
 10
3100.999959309896
 20
1620.9999084472659
 10
3089.9998982747397
 20
1642.9999033610027
 10
3089.9998982747397
 20
1643.9998626708987
  0
POINT
  5
6C1
330
17
100
AcDbEntity
  8
STAKE_NODES
100
AcDbPoint
 10
3089.9998982747397
 20
1643.9998626708987
 30
0.0
  0
POINT
  5
6C2
330
17
100
AcDbEntity
  8
STAKE_NODES
100
AcDbPoint
 10
3101.999918619792
 20
1621.9998677571616
 30
0.0
  0
POINT
  5
6C3
330
17
100
AcDbEntity
  8
STAKE_NODES
100
AcDbPoint
 10
3100.999959309896
 20
1620.9999084472659
 30
0.0
  0
POINT
  5
6C4
330
17
100
AcDbEntity
  8
STAKE_NODES
100
AcDbPoint
 10
3089.9998982747397
 20
1642.9999033610027
 30
0.0
  0
LWPOLYLINE
  5
6C5
330
17
100
AcDbEntity
  8
SANITARY_CLEAR_ZONE
100
AcDbPolyline
 90
4
 70
0
 10
3086.0000610351562
 20
1631.999969482422
 10
3085.0001017252607
 20
1633.9998881022136
 10
3074.0000406901045
 20
1626.9999186197917
 10
3086.0000610351562
 20
1631.999969482422
  0
POINT
  5
6C6
330
17
100
AcDbEntity
  8
STAKE_NODES
100
AcDbPoint
 10
3086.0000610351562
 20
1631.999969482422
 30
0.0
  0
POINT
  5
6C7
330
17
100
AcDbEntity
  8
STAKE_NODES
100
AcDbPoint
 10
3085.0001017252607
 20
1633.9998881022136
 30
0.0
  0
POINT
  5
6C8
330
17
100
AcDbEntity
  8
STAKE_NODES
100
AcDbPoint
 10
3074.0000406901045
 20
1626.9999186197917
 30
0.0
  0
LWPOLYLINE
  5
6C9
330
17
100
AcDbEntity
  8
SANITARY_CLEAR_ZONE
100
AcDbPolyline
 90
4
 70
0
 10
3085.0001017252607
 20
1633.9998881022136
 10
3074.0000406901045
 20
1626.9999186197917
 10
3073.0000813802085
 20
1629.999923706055
 10
3085.0001017252607
 20
1633.9998881022136
  0
POINT
  5
6CA
330
17
100
AcDbEntity
  8
STAKE_NODES
100
AcDbPoint
 10
3073.0000813802085
 20
1629.999923706055
 30
0.0
  0
LWPOLYLINE
  5
6CB
330
17
100
AcDbEntity
  8
SANITARY_CLEAR_ZONE
100
AcDbPolyline
 90
4
 70
0
 10
3074.0000406901045
 20
1626.9999186197917
 10
3074.0000406901045
 20
1629.999923706055
 10
3039.9998982747397
 20
1626.9999186197917
 10
3074.0000406901045
 20
1626.9999186197917
  0
POINT
  5
6CC
330
17
100
AcDbEntity
  8
STAKE_NODES
100
AcDbPoint
 10
3074.0000406901045
 20
1629.999923706055
 30
0.0
  0
POINT
  5
6CD
330
17
100
AcDbEntity
  8
STAKE_NODES
100
AcDbPoint
 10
3039.9998982747397
 20
1626.9999186197917
 30
0.0
  0
LWPOLYLINE
  5
6CE
330
17
100
AcDbEntity
  8
SANITARY_CLEAR_ZONE
100
AcDbPolyline
 90
4
 70
0
 10
3074.0000406901045
 20
1629.999923706055
 10
3039.9998982747397
 20
1626.9999186197917
 10
3039.9998982747397
 20
1629.999923706055
 10
3074.0000406901045
 20
1629.999923706055
  0
POINT
  5
6CF
330
17
100
AcDbEntity
  8
STAKE_NODES
100
AcDbPoint
 10
3039.9998982747397
 20
1629.999923706055
 30
0.0
  0
LWPOLYLINE
  5
6D0
330
17
100
AcDbEntity
  8
SANITARY_CLEAR_ZONE
100
AcDbPolyline
 90
4
 70
0
 10
3039.9998982747397
 20
1626.9999186197917
 10
3039.9998982747397
 20
1629.999923706055
 10
3023.0000813802085
 20
1630.9998830159507
 10
3039.9998982747397
 20
1626.9999186197917
  0
POINT
  5
6D1
330
17
100
AcDbEntity
  8
STAKE_NODES
100
AcDbPoint
 10
3023.0000813802085
 20
1630.9998830159507
 30
0.0
  0
LWPOLYLINE
  5
6D2
330
17
100
AcDbEntity
  8
SANITARY_CLEAR_ZONE
100
AcDbPolyline
 90
4
 70
0
 10
3039.9998982747397
 20
1629.999923706055
 10
3023.0000813802085
 20
1630.9998830159507
 10
3024.0000406901045
 20
1633.9998881022136
 10
3039.9998982747397
 20
1629.999923706055
  0
POINT
  5
6D3
330
17
100
AcDbEntity
  8
STAKE_NODES
100
AcDbPoint
 10
3024.0000406901045
 20
1633.9998881022136
 30
0.0
  0
LWPOLYLINE
  5
6D4
330
17
100
AcDbEntity
  8
SANITARY_CLEAR_ZONE
100
AcDbPolyline
 90
5
 70
0
 10
3010.0001017252607
 20
1646.9998677571616
 10
3011.0000610351562
 20
1646.9998677571616
 10
3018.000030517578
 20
1622.999954223633
 10
3017.0000712076826
 20
1622.999954223633
 10
3010.0001017252607
 20
1646.9998677571616
  0
POINT
  5
6D5
330
17
100
AcDbEntity
  8
STAKE_NODES
100
AcDbPoint
 10
3010.0001017252607
 20
1646.9998677571616
 30
0.0
  0
POINT
  5
6D6
330
17
100
AcDbEntity
  8
STAKE_NODES
100
AcDbPoint
 10
3011.0000610351562
 20
1646.9998677571616
 30
0.0
  0
POINT
  5
6D7
330
17
100
AcDbEntity
  8
STAKE_NODES
100
AcDbPoint
 10
3018.000030517578
 20
1622.999954223633
 30
0.0
  0
POINT
  5
6D8
330
17
100
AcDbEntity
  8
STAKE_NODES
100
AcDbPoint
 10
3017.0000712076826
 20
1622.999954223633
 30
0.0
  0
LWPOLYLINE
  5
6D9
330
17
100
AcDbEntity
  8
SANITARY_CLEAR_ZONE
100
AcDbPolyline
 90
5
 70
0
 10
3023.0000813802085
 20
1643.9998626708987
 10
3006.0002644856772
 20
1625.999959309896
 10
3005.0000508626304
 20
1625.999959309896
 10
3022.0001220703125
 20
1643.9998626708987
 10
3023.0000813802085
 20
1643.9998626708987
  0
POINT
  5
6DA
330
17
100
AcDbEntity
  8
STAKE_NODES
100
AcDbPoint
 10
3023.0000813802085
 20
1643.9998626708987
 30
0.0
  0
POINT
  5
6DB
330
17
100
AcDbEntity
  8
STAKE_NODES
100
AcDbPoint
 10
3006.0002644856772
 20
1625.999959309896
 30
0.0
  0
POINT
  5
6DC
330
17
100
AcDbEntity
  8
STAKE_NODES
100
AcDbPoint
 10
3005.0000508626304
 20
1625.999959309896
 30
0.0
  0
POINT
  5
6DD
330
17
100
AcDbEntity
  8
STAKE_NODES
100
AcDbPoint
 10
3022.0001220703125
 20
1643.9998626708987
 30
0.0
  0
LWPOLYLINE
  5
6DE
330
17
100
AcDbEntity
  8
SANITARY_CLEAR_ZONE
100
AcDbPolyline
 90
4
 70
0
 10
3006.0002644856772
 20
1634.999974568685
 10
3007.000223795573
 20
1637.999979654948
 10
2986.0000610351562
 20
1639.9998982747397
 10
3006.0002644856772
 20
1634.999974568685
  0
POINT
  5
6DF
330
17
100
AcDbEntity
  8
STAKE_NODES
100
AcDbPoint
 10
3006.0002644856772
 20
1634.999974568685
 30
0.0
  0
POINT
  5
6E0
330
17
100
AcDbEntity
  8
STAKE_NODES
100
AcDbPoint
 10
3007.000223795573
 20
1637.999979654948
 30
0.0
  0
POINT
  5
6E1
330
17
100
AcDbEntity
  8
STAKE_NODES
100
AcDbPoint
 10
2986.0000610351562
 20
1639.9998982747397
 30
0.0
  0
LWPOLYLINE
  5
6E2
330
17
100
AcDbEntity
  8
SANITARY_CLEAR_ZONE
100
AcDbPolyline
 90
4
 70
0
 10
3007.000223795573
 20
1637.999979654948
 10
2986.0000610351562
 20
1639.9998982747397
 10
2986.0000610351562
 20
1642.9999033610027
 10
3007.000223795573
 20
1637.999979654948
  0
POINT
  5
6E3
330
17
100
AcDbEntity
  8
STAKE_NODES
100
AcDbPoint
 10
2986.0000610351562
 20
1642.9999033610027
 30
0.0
  0
LWPOLYLINE
  5
6E4
330
17
100
AcDbEntity
  8
SANITARY_CLEAR_ZONE
100
AcDbPolyline
 90
4
 70
0
 10
2985.0001017252607
 20
1640.9998575846355
 10
2987.0000203450522
 20
1642.9999033610027
 10
2955.0000508626304
 20
1669.9999491373699
 10
2985.0001017252607
 20
1640.9998575846355
  0
POINT
  5
6E5
330
17
100
AcDbEntity
  8
STAKE_NODES
100
AcDbPoint
 10
2985.0001017252607
 20
1640.9998575846355
 30
0.0
  0
POINT
  5
6E6
330
17
100
AcDbEntity
  8
STAKE_NODES
100
AcDbPoint
 10
2987.0000203450522
 20
1642.9999033610027
 30
0.0
  0
POINT
  5
6E7
330
17
100
AcDbEntity
  8
STAKE_NODES
100
AcDbPoint
 10
2955.0000508626304
 20
1669.9999491373699
 30
0.0
  0
LWPOLYLINE
  5
6E8
330
17
100
AcDbEntity
  8
SANITARY_CLEAR_ZONE
100
AcDbPolyline
 90
4
 70
0
 10
2987.0000203450522
 20
1642.9999033610027
 10
2955.0000508626304
 20
1669.9999491373699
 10
2957.000223795573
 20
1671.9998677571616
 10
2987.0000203450522
 20
1642.9999033610027
  0
POINT
  5
6E9
330
17
100
AcDbEntity
  8
STAKE_NODES
100
AcDbPoint
 10
2957.000223795573
 20
1671.9998677571616
 30
0.0
  0
LWPOLYLINE
  5
6EA
330
17
100
AcDbEntity
  8
SANITARY_CLEAR_ZONE
100
AcDbPolyline
 90
4
 70
0
 10
2950.999959309896
 20
1689.9998982747397
 10
2945.000203450521
 20
1665.9998575846355
 10
2946.000162760417
 20
1665.9998575846355
 10
2950.999959309896
 20
1689.9998982747397
  0
POINT
  5
6EB
330
17
100
AcDbEntity
  8
STAKE_NODES
100
AcDbPoint
 10
2950.999959309896
 20
1689.9998982747397
 30
0.0
  0
POINT
  5
6EC
330
17
100
AcDbEntity
  8
STAKE_NODES
100
AcDbPoint
 10
2945.000203450521
 20
1665.9998575846355
 30
0.0
  0
POINT
  5
6ED
330
17
100
AcDbEntity
  8
STAKE_NODES
100
AcDbPoint
 10
2946.000162760417
 20
1665.9998575846355
 30
0.0
  0
LWPOLYLINE
  5
6EE
330
17
100
AcDbEntity
  8
SANITARY_CLEAR_ZONE
100
AcDbPolyline
 90
5
 70
0
 10
2961.0000610351562
 20
1680.9998830159507
 10
2937.0000203450522
 20
1674.9998728434246
 10
2936.0000610351562
 20
1674.9998728434246
 10
2960.0001017252607
 20
1680.9998830159507
 10
2961.0000610351562
 20
1680.9998830159507
  0
POINT
  5
6EF
330
17
100
AcDbEntity
  8
STAKE_NODES
100
AcDbPoint
 10
2961.0000610351562
 20
1680.9998830159507
 30
0.0
  0
POINT
  5
6F0
330
17
100
AcDbEntity
  8
STAKE_NODES
100
AcDbPoint
 10
2937.0000203450522
 20
1674.9998728434246
 30
0.0
  0
POINT
  5
6F1
330
17
100
AcDbEntity
  8
STAKE_NODES
100
AcDbPoint
 10
2936.0000610351562
 20
1674.9998728434246
 30
0.0
  0
POINT
  5
6F2
330
17
100
AcDbEntity
  8
STAKE_NODES
100
AcDbPoint
 10
2960.0001017252607
 20
1680.9998830159507
 30
0.0
  0
LWPOLYLINE
  5
6F3
330
17
100
AcDbEntity
  8
SANITARY_CLEAR_ZONE
100
AcDbPolyline
 90
4
 70
0
 10
2942.0000712076826
 20
1682.9999287923179
 10
2944.000244140625
 20
1684.999974568685
 10
2935.0001017252607
 20
1688.999938964844
 10
2942.0000712076826
 20
1682.9999287923179
  0
POINT
  5
6F4
330
17
100
AcDbEntity
  8
STAKE_NODES
100
AcDbPoint
 10
2942.0000712076826
 20
1682.9999287923179
 30
0.0
  0
POINT
  5
6F5
330
17
100
AcDbEntity
  8
STAKE_NODES
100
AcDbPoint
 10
2944.000244140625
 20
1684.999974568685
 30
0.0
  0
POINT
  5
6F6
330
17
100
AcDbEntity
  8
STAKE_NODES
100
AcDbPoint
 10
2935.0001017252607
 20
1688.999938964844
 30
0.0
  0
LWPOLYLINE
  5
6F7
330
17
100
AcDbEntity
  8
SANITARY_CLEAR_ZONE
100
AcDbPolyline
 90
4
 70
0
 10
2944.000244140625
 20
1684.999974568685
 10
2935.0001017252607
 20
1688.999938964844
 10
2937.0000203450522
 20
1691.999944051107
 10
2944.000244140625
 20
1684.999974568685
  0
POINT
  5
6F8
330
17
100
AcDbEntity
  8
STAKE_NODES
100
AcDbPoint
 10
2937.0000203450522
 20
1691.999944051107
 30
0.0
  0
LWPOLYLINE
  5
6F9
330
17
100
AcDbEntity
  8
SANITARY_CLEAR_ZONE
100
AcDbPolyline
 90
4
 70
0
 10
2934.0001424153647
 20
1689.9998982747397
 10
2937.0000203450522
 20
1690.9998575846355
 10
2911.0000610351562
 20
1737.999979654948
 10
2934.0001424153647
 20
1689.9998982747397
  0
POINT
  5
6FA
330
17
100
AcDbEntity
  8
STAKE_NODES
100
AcDbPoint
 10
2934.0001424153647
 20
1689.9998982747397
 30
0.0
  0
POINT
  5
6FB
330
17
100
AcDbEntity
  8
STAKE_NODES
100
AcDbPoint
 10
2937.0000203450522
 20
1690.9998575846355
 30
0.0
  0
POINT
  5
6FC
330
17
100
AcDbEntity
  8
STAKE_NODES
100
AcDbPoint
 10
2911.0000610351562
 20
1737.999979654948
 30
0.0
  0
LWPOLYLINE
  5
6FD
330
17
100
AcDbEntity
  8
SANITARY_CLEAR_ZONE
100
AcDbPolyline
 90
4
 70
0
 10
2937.0000203450522
 20
1690.9998575846355
 10
2911.0000610351562
 20
1737.999979654948
 10
2913.9999389648438
 20
1738.999938964844
 10
2937.0000203450522
 20
1690.9998575846355
  0
POINT
  5
6FE
330
17
100
AcDbEntity
  8
STAKE_NODES
100
AcDbPoint
 10
2913.9999389648438
 20
1738.999938964844
 30
0.0
  0
LWPOLYLINE
  5
6FF
330
17
100
AcDbEntity
  8
SANITARY_CLEAR_ZONE
100
AcDbPolyline
 90
5
 70
0
 10
2914.9998982747397
 20
1757.9999287923179
 10
2914.9998982747397
 20
1756.999969482422
 10
2901.999918619792
 20
1735.9999338785808
 10
2900.999959309896
 20
1736.9998931884768
 10
2914.9998982747397
 20
1757.9999287923179
  0
POINT
  5
700
330
17
100
AcDbEntity
  8
STAKE_NODES
100
AcDbPoint
 10
2914.9998982747397
 20
1757.9999287923179
 30
0.0
  0
POINT
  5
701
330
17
100
AcDbEntity
  8
STAKE_NODES
100
AcDbPoint
 10
2914.9998982747397
 20
1756.999969482422
 30
0.0
  0
POINT
  5
702
330
17
100
AcDbEntity
  8
STAKE_NODES
100
AcDbPoint
 10
2901.999918619792
 20
1735.9999338785808
 30
0.0
  0
POINT
  5
703
330
17
100
AcDbEntity
  8
STAKE_NODES
100
AcDbPoint
 10
2900.999959309896
 20
1736.9998931884768
 30
0.0
  0
LWPOLYLINE
  5
704
330
17
100
AcDbEntity
  8
SANITARY_CLEAR_ZONE
100
AcDbPolyline
 90
5
 70
0
 10
2921.000162760417
 20
1745.9999084472659
 10
2896.000162760417
 20
1747.999954223633
 10
2896.000162760417
 20
1748.9999135335288
 10
2920.000203450521
 20
1746.9998677571616
 10
2921.000162760417
 20
1745.9999084472659
  0
POINT
  5
705
330
17
100
AcDbEntity
  8
STAKE_NODES
100
AcDbPoint
 10
2921.000162760417
 20
1745.9999084472659
 30
0.0
  0
POINT
  5
706
330
17
100
AcDbEntity
  8
STAKE_NODES
100
AcDbPoint
 10
2896.000162760417
 20
1747.999954223633
 30
0.0
  0
POINT
  5
707
330
17
100
AcDbEntity
  8
STAKE_NODES
100
AcDbPoint
 10
2896.000162760417
 20
1748.9999135335288
 30
0.0
  0
POINT
  5
708
330
17
100
AcDbEntity
  8
STAKE_NODES
100
AcDbPoint
 10
2920.000203450521
 20
1746.9998677571616
 30
0.0
  0
LWPOLYLINE
  5
709
330
17
100
AcDbEntity
  8
SANITARY_CLEAR_ZONE
100
AcDbPolyline
 90
4
 70
0
 10
2903.000132242839
 20
1753.999964396159
 10
2906.0002644856772
 20
1754.999923706055
 10
2901.999918619792
 20
1756.999969482422
 10
2903.000132242839
 20
1753.999964396159
  0
POINT
  5
70A
330
17
100
AcDbEntity
  8
STAKE_NODES
100
AcDbPoint
 10
2903.000132242839
 20
1753.999964396159
 30
0.0
  0
POINT
  5
70B
330
17
100
AcDbEntity
  8
STAKE_NODES
100
AcDbPoint
 10
2906.0002644856772
 20
1754.999923706055
 30
0.0
  0
POINT
  5
70C
330
17
100
AcDbEntity
  8
STAKE_NODES
100
AcDbPoint
 10
2901.999918619792
 20
1756.999969482422
 30
0.0
  0
LWPOLYLINE
  5
70D
330
17
100
AcDbEntity
  8
SANITARY_CLEAR_ZONE
100
AcDbPolyline
 90
4
 70
0
 10
2906.0002644856772
 20
1754.999923706055
 10
2901.999918619792
 20
1756.999969482422
 10
2905.0000508626304
 20
1757.9999287923179
 10
2906.0002644856772
 20
1754.999923706055
  0
POINT
  5
70E
330
17
100
AcDbEntity
  8
STAKE_NODES
100
AcDbPoint
 10
2905.0000508626304
 20
1757.9999287923179
 30
0.0
  0
LWPOLYLINE
  5
70F
330
17
100
AcDbEntity
  8
SANITARY_CLEAR_ZONE
100
AcDbPolyline
 90
4
 70
0
 10
2901.999918619792
 20
1756.999969482422
 10
2905.0000508626304
 20
1757.9999287923179
 10
2893.000030517578
 20
1800.999959309896
 10
2901.999918619792
 20
1756.999969482422
  0
POINT
  5
710
330
17
100
AcDbEntity
  8
STAKE_NODES
100
AcDbPoint
 10
2893.000030517578
 20
1800.999959309896
 30
0.0
  0
LWPOLYLINE
  5
711
330
17
100
AcDbEntity
  8
SANITARY_CLEAR_ZONE
100
AcDbPolyline
 90
4
 70
0
 10
2905.0000508626304
 20
1757.9999287923179
 10
2893.000030517578
 20
1800.999959309896
 10
2896.000162760417
 20
1801.9999186197917
 10
2905.0000508626304
 20
1757.9999287923179
  0
POINT
  5
712
330
17
100
AcDbEntity
  8
STAKE_NODES
100
AcDbPoint
 10
2896.000162760417
 20
1801.9999186197917
 30
0.0
  0
LINE
  5
713
330
17
100
AcDbEntity
  8
SANITARY_CLEAR_ZONE
100
AcDbLine
 10
2893.000030517578
 20
1800.999959309896
 30
0.0
 11
2896.000162760417
 21
1801.9999186197917
 31
0.0
  0
LWPOLYLINE
  5
714
330
17
100
AcDbEntity
  8
SANITARY_CLEAR_ZONE
100
AcDbPolyline
 90
4
 70
0
 10
3479.000091552735
 20
2193.000030517578
 10
3478.000132242839
 20
2190.9998575846357
 10
3517.0000712076826
 20
2171.9998677571616
 10
3479.000091552735
 20
2193.000030517578
  0
POINT
  5
715
330
17
100
AcDbEntity
  8
STAKE_NODES
100
AcDbPoint
 10
3479.000091552735
 20
2193.000030517578
 30
0.0
  0
POINT
  5
716
330
17
100
AcDbEntity
  8
STAKE_NODES
100
AcDbPoint
 10
3478.000132242839
 20
2190.9998575846357
 30
0.0
  0
POINT
  5
717
330
17
100
AcDbEntity
  8
STAKE_NODES
100
AcDbPoint
 10
3517.0000712076826
 20
2171.9998677571616
 30
0.0
  0
LWPOLYLINE
  5
718
330
17
100
AcDbEntity
  8
SANITARY_CLEAR_ZONE
100
AcDbPolyline
 90
4
 70
0
 10
3478.000132242839
 20
2190.9998575846357
 10
3517.0000712076826
 20
2171.9998677571616
 10
3514.9998982747397
 20
2168.999989827474
 10
3478.000132242839
 20
2190.9998575846357
  0
POINT
  5
719
330
17
100
AcDbEntity
  8
STAKE_NODES
100
AcDbPoint
 10
3514.9998982747397
 20
2168.999989827474
 30
0.0
  0
LWPOLYLINE
  5
71A
330
17
100
AcDbEntity
  8
SANITARY_CLEAR_ZONE
100
AcDbPolyline
 90
5
 70
0
 10
3525.0000000000005
 20
2152.9998779296875
 10
3524.0000406901045
 20
2152.9998779296875
 10
3524.0000406901045
 20
2177.9998779296875
 10
3525.0000000000005
 20
2176.999918619792
 10
3525.0000000000005
 20
2152.9998779296875
  0
POINT
  5
71B
330
17
100
AcDbEntity
  8
STAKE_NODES
100
AcDbPoint
 10
3525.0000000000005
 20
2152.9998779296875
 30
0.0
  0
POINT
  5
71C
330
17
100
AcDbEntity
  8
STAKE_NODES
100
AcDbPoint
 10
3524.0000406901045
 20
2152.9998779296875
 30
0.0
  0
POINT
  5
71D
330
17
100
AcDbEntity
  8
STAKE_NODES
100
AcDbPoint
 10
3524.0000406901045
 20
2177.9998779296875
 30
0.0
  0
POINT
  5
71E
330
17
100
AcDbEntity
  8
STAKE_NODES
100
AcDbPoint
 10
3525.0000000000005
 20
2176.999918619792
 30
0.0
  0
LWPOLYLINE
  5
71F
330
17
100
AcDbEntity
  8
SANITARY_CLEAR_ZONE
100
AcDbPolyline
 90
5
 70
0
 10
3512.999979654948
 20
2159.9998474121094
 10
3535.0001017252607
 20
2170.9999084472656
 10
3536.0000610351567
 20
2170.9999084472656
 10
3513.999938964844
 20
2158.999888102214
 10
3512.999979654948
 20
2159.9998474121094
  0
POINT
  5
720
330
17
100
AcDbEntity
  8
STAKE_NODES
100
AcDbPoint
 10
3512.999979654948
 20
2159.9998474121094
 30
0.0
  0
POINT
  5
721
330
17
100
AcDbEntity
  8
STAKE_NODES
100
AcDbPoint
 10
3535.0001017252607
 20
2170.9999084472656
 30
0.0
  0
POINT
  5
722
330
17
100
AcDbEntity
  8
STAKE_NODES
100
AcDbPoint
 10
3536.0000610351567
 20
2170.9999084472656
 30
0.0
  0
POINT
  5
723
330
17
100
AcDbEntity
  8
STAKE_NODES
100
AcDbPoint
 10
3513.999938964844
 20
2158.999888102214
 30
0.0
  0
LWPOLYLINE
  5
724
330
17
100
AcDbEntity
  8
SANITARY_CLEAR_ZONE
100
AcDbPolyline
 90
4
 70
0
 10
3532.000223795573
 20
2162.999979654948
 10
3531.0002644856772
 20
2159.9998474121094
 10
3587.0000203450522
 20
2131.0000101725263
 10
3532.000223795573
 20
2162.999979654948
  0
POINT
  5
725
330
17
100
AcDbEntity
  8
STAKE_NODES
100
AcDbPoint
 10
3532.000223795573
 20
2162.999979654948
 30
0.0
  0
POINT
  5
726
330
17
100
AcDbEntity
  8
STAKE_NODES
100
AcDbPoint
 10
3531.0002644856772
 20
2159.9998474121094
 30
0.0
  0
POINT
  5
727
330
17
100
AcDbEntity
  8
STAKE_NODES
100
AcDbPoint
 10
3587.0000203450522
 20
2131.0000101725263
 30
0.0
  0
LWPOLYLINE
  5
728
330
17
100
AcDbEntity
  8
SANITARY_CLEAR_ZONE
100
AcDbPolyline
 90
4
 70
0
 10
3531.0002644856772
 20
2159.9998474121094
 10
3587.0000203450522
 20
2131.0000101725263
 10
3585.0001017252607
 20
2127.9998779296875
 10
3531.0002644856772
 20
2159.9998474121094
  0
POINT
  5
729
330
17
100
AcDbEntity
  8
STAKE_NODES
100
AcDbPoint
 10
3585.0001017252607
 20
2127.9998779296875
 30
0.0
  0
LWPOLYLINE
  5
72A
330
17
100
AcDbEntity
  8
SANITARY_CLEAR_ZONE
100
AcDbPolyline
 90
5
 70
0
 10
3595.000203450521
 20
2112.0000203450522
 10
3594.0002441406255
 20
2112.999979654948
 10
3594.0002441406255
 20
2137.0000203450522
 10
3595.000203450521
 20
2137.0000203450522
 10
3595.000203450521
 20
2112.0000203450522
  0
POINT
  5
72B
330
17
100
AcDbEntity
  8
STAKE_NODES
100
AcDbPoint
 10
3595.000203450521
 20
2112.0000203450522
 30
0.0
  0
POINT
  5
72C
330
17
100
AcDbEntity
  8
STAKE_NODES
100
AcDbPoint
 10
3594.0002441406255
 20
2112.999979654948
 30
0.0
  0
POINT
  5
72D
330
17
100
AcDbEntity
  8
STAKE_NODES
100
AcDbPoint
 10
3594.0002441406255
 20
2137.0000203450522
 30
0.0
  0
POINT
  5
72E
330
17
100
AcDbEntity
  8
STAKE_NODES
100
AcDbPoint
 10
3595.000203450521
 20
2137.0000203450522
 30
0.0
  0
LWPOLYLINE
  5
72F
330
17
100
AcDbEntity
  8
SANITARY_CLEAR_ZONE
100
AcDbPolyline
 90
5
 70
0
 10
3583.000183105469
 20
2118.999989827474
 10
3605.0000508626304
 20
2131.0000101725263
 10
3606.0000101725263
 20
2129.9997965494795
 10
3584.0001424153647
 20
2118.999989827474
 10
3583.000183105469
 20
2118.999989827474
  0
POINT
  5
730
330
17
100
AcDbEntity
  8
STAKE_NODES
100
AcDbPoint
 10
3583.000183105469
 20
2118.999989827474
 30
0.0
  0
POINT
  5
731
330
17
100
AcDbEntity
  8
STAKE_NODES
100
AcDbPoint
 10
3605.0000508626304
 20
2131.0000101725263
 30
0.0
  0
POINT
  5
732
330
17
100
AcDbEntity
  8
STAKE_NODES
100
AcDbPoint
 10
3606.0000101725263
 20
2129.9997965494795
 30
0.0
  0
POINT
  5
733
330
17
100
AcDbEntity
  8
STAKE_NODES
100
AcDbPoint
 10
3584.0001424153647
 20
2118.999989827474
 30
0.0
  0
LWPOLYLINE
  5
734
330
17
100
AcDbEntity
  8
SANITARY_CLEAR_ZONE
100
AcDbPolyline
 90
4
 70
0
 10
3601.999918619792
 20
2121.9998677571616
 10
3600.999959309896
 20
2118.999989827474
 10
3657.000223795573
 20
2089.9998982747397
 10
3601.999918619792
 20
2121.9998677571616
  0
POINT
  5
735
330
17
100
AcDbEntity
  8
STAKE_NODES
100
AcDbPoint
 10
3601.999918619792
 20
2121.9998677571616
 30
0.0
  0
POINT
  5
736
330
17
100
AcDbEntity
  8
STAKE_NODES
100
AcDbPoint
 10
3600.999959309896
 20
2118.999989827474
 30
0.0
  0
POINT
  5
737
330
17
100
AcDbEntity
  8
STAKE_NODES
100
AcDbPoint
 10
3657.000223795573
 20
2089.9998982747397
 30
0.0
  0
LWPOLYLINE
  5
738
330
17
100
AcDbEntity
  8
SANITARY_CLEAR_ZONE
100
AcDbPolyline
 90
4
 70
0
 10
3600.999959309896
 20
2118.999989827474
 10
3657.000223795573
 20
2089.9998982747397
 10
3655.0000508626304
 20
2087.999979654948
 10
3600.999959309896
 20
2118.999989827474
  0
POINT
  5
739
330
17
100
AcDbEntity
  8
STAKE_NODES
100
AcDbPoint
 10
3655.0000508626304
 20
2087.999979654948
 30
0.0
  0
LWPOLYLINE
  5
73A
330
17
100
AcDbEntity
  8
SANITARY_CLEAR_ZONE
100
AcDbPolyline
 90
5
 70
0
 10
3664.9998982747397
 20
2070.9999084472656
 10
3664.9998982747397
 20
2071.9998677571616
 10
3663.999938964844
 20
2096.9998677571616
 10
3664.9998982747397
 20
2095.9999084472656
 10
3664.9998982747397
 20
2070.9999084472656
  0
POINT
  5
73B
330
17
100
AcDbEntity
  8
STAKE_NODES
100
AcDbPoint
 10
3664.9998982747397
 20
2070.9999084472656
 30
0.0
  0
POINT
  5
73C
330
17
100
AcDbEntity
  8
STAKE_NODES
100
AcDbPoint
 10
3664.9998982747397
 20
2071.9998677571616
 30
0.0
  0
POINT
  5
73D
330
17
100
AcDbEntity
  8
STAKE_NODES
100
AcDbPoint
 10
3663.999938964844
 20
2096.9998677571616
 30
0.0
  0
POINT
  5
73E
330
17
100
AcDbEntity
  8
STAKE_NODES
100
AcDbPoint
 10
3664.9998982747397
 20
2095.9999084472656
 30
0.0
  0
LWPOLYLINE
  5
73F
330
17
100
AcDbEntity
  8
SANITARY_CLEAR_ZONE
100
AcDbPolyline
 90
5
 70
0
 10
3653.000132242839
 20
2077.9998779296875
 10
3675.0000000000005
 20
2089.9998982747397
 10
3675.999959309896
 20
2089.9998982747397
 10
3654.000091552735
 20
2077.9998779296875
 10
3653.000132242839
 20
2077.9998779296875
  0
POINT
  5
740
330
17
100
AcDbEntity
  8
STAKE_NODES
100
AcDbPoint
 10
3653.000132242839
 20
2077.9998779296875
 30
0.0
  0
POINT
  5
741
330
17
100
AcDbEntity
  8
STAKE_NODES
100
AcDbPoint
 10
3675.0000000000005
 20
2089.9998982747397
 30
0.0
  0
POINT
  5
742
330
17
100
AcDbEntity
  8
STAKE_NODES
100
AcDbPoint
 10
3675.999959309896
 20
2089.9998982747397
 30
0.0
  0
POINT
  5
743
330
17
100
AcDbEntity
  8
STAKE_NODES
100
AcDbPoint
 10
3654.000091552735
 20
2077.9998779296875
 30
0.0
  0
LWPOLYLINE
  5
744
330
17
100
AcDbEntity
  8
SANITARY_CLEAR_ZONE
100
AcDbPolyline
 90
4
 70
0
 10
3672.000122070313
 20
2081.0000101725263
 10
3671.000162760417
 20
2078.9998372395835
 10
3726.999918619792
 20
2049.999872843425
 10
3672.000122070313
 20
2081.0000101725263
  0
POINT
  5
745
330
17
100
AcDbEntity
  8
STAKE_NODES
100
AcDbPoint
 10
3672.000122070313
 20
2081.0000101725263
 30
0.0
  0
POINT
  5
746
330
17
100
AcDbEntity
  8
STAKE_NODES
100
AcDbPoint
 10
3671.000162760417
 20
2078.9998372395835
 30
0.0
  0
POINT
  5
747
330
17
100
AcDbEntity
  8
STAKE_NODES
100
AcDbPoint
 10
3726.999918619792
 20
2049.999872843425
 30
0.0
  0
LWPOLYLINE
  5
748
330
17
100
AcDbEntity
  8
SANITARY_CLEAR_ZONE
100
AcDbPolyline
 90
4
 70
0
 10
3671.000162760417
 20
2078.9998372395835
 10
3726.999918619792
 20
2049.999872843425
 10
3725.0000000000005
 20
2046.9998677571616
 10
3671.000162760417
 20
2078.9998372395835
  0
POINT
  5
749
330
17
100
AcDbEntity
  8
STAKE_NODES
100
AcDbPoint
 10
3725.0000000000005
 20
2046.9998677571616
 30
0.0
  0
LWPOLYLINE
  5
74A
330
17
100
AcDbEntity
  8
SANITARY_CLEAR_ZONE
100
AcDbPolyline
 90
4
 70
0
 10
3735.0001017252607
 20
2030.9998830159507
 10
3735.0001017252607
 20
2054.9999237060547
 10
3734.0001424153647
 20
2055.9998830159507
 10
3735.0001017252607
 20
2030.9998830159507
  0
POINT
  5
74B
330
17
100
AcDbEntity
  8
STAKE_NODES
100
AcDbPoint
 10
3735.0001017252607
 20
2030.9998830159507
 30
0.0
  0
POINT
  5
74C
330
17
100
AcDbEntity
  8
STAKE_NODES
100
AcDbPoint
 10
3735.0001017252607
 20
2054.9999237060547
 30
0.0
  0
POINT
  5
74D
330
17
100
AcDbEntity
  8
STAKE_NODES
100
AcDbPoint
 10
3734.0001424153647
 20
2055.9998830159507
 30
0.0
  0
LWPOLYLINE
  5
74E
330
17
100
AcDbEntity
  8
SANITARY_CLEAR_ZONE
100
AcDbPolyline
 90
5
 70
0
 10
3723.0000813802085
 20
2037.9998524983725
 10
3745.000203450521
 20
2048.999913533529
 10
3746.000162760417
 20
2048.999913533529
 10
3724.0000406901045
 20
2036.9998931884768
 10
3723.0000813802085
 20
2037.9998524983725
  0
POINT
  5
74F
330
17
100
AcDbEntity
  8
STAKE_NODES
100
AcDbPoint
 10
3723.0000813802085
 20
2037.9998524983725
 30
0.0
  0
POINT
  5
750
330
17
100
AcDbEntity
  8
STAKE_NODES
100
AcDbPoint
 10
3745.000203450521
 20
2048.999913533529
 30
0.0
  0
POINT
  5
751
330
17
100
AcDbEntity
  8
STAKE_NODES
100
AcDbPoint
 10
3746.000162760417
 20
2048.999913533529
 30
0.0
  0
POINT
  5
752
330
17
100
AcDbEntity
  8
STAKE_NODES
100
AcDbPoint
 10
3724.0000406901045
 20
2036.9998931884768
 30
0.0
  0
LWPOLYLINE
  5
753
330
17
100
AcDbEntity
  8
SANITARY_CLEAR_ZONE
100
AcDbPolyline
 90
4
 70
0
 10
3742.0000712076826
 20
2040.9998575846355
 10
3741.0001118977866
 20
2037.9998524983725
 10
3774.0000406901045
 20
2022.999954223633
 10
3742.0000712076826
 20
2040.9998575846355
  0
POINT
  5
754
330
17
100
AcDbEntity
  8
STAKE_NODES
100
AcDbPoint
 10
3742.0000712076826
 20
2040.9998575846355
 30
0.0
  0
POINT
  5
755
330
17
100
AcDbEntity
  8
STAKE_NODES
100
AcDbPoint
 10
3741.0001118977866
 20
2037.9998524983725
 30
0.0
  0
POINT
  5
756
330
17
100
AcDbEntity
  8
STAKE_NODES
100
AcDbPoint
 10
3774.0000406901045
 20
2022.999954223633
 30
0.0
  0
LWPOLYLINE
  5
757
330
17
100
AcDbEntity
  8
SANITARY_CLEAR_ZONE
100
AcDbPolyline
 90
4
 70
0
 10
3741.0001118977866
 20
2037.9998524983725
 10
3774.0000406901045
 20
2022.999954223633
 10
3772.000122070313
 20
2019.9999491373699
 10
3741.0001118977866
 20
2037.9998524983725
  0
POINT
  5
758
330
17
100
AcDbEntity
  8
STAKE_NODES
100
AcDbPoint
 10
3772.000122070313
 20
2019.9999491373699
 30
0.0
  0
LWPOLYLINE
  5
759
330
17
100
AcDbEntity
  8
SANITARY_CLEAR_ZONE
100
AcDbPolyline
 90
4
 70
0
 10
3773.0000813802085
 20
2022.999954223633
 10
3772.000122070313
 20
2019.9999491373699
 10
3798.0000813802085
 20
2011.9998931884768
 10
3773.0000813802085
 20
2022.999954223633
  0
POINT
  5
75A
330
17
100
AcDbEntity
  8
STAKE_NODES
100
AcDbPoint
 10
3773.0000813802085
 20
2022.999954223633
 30
0.0
  0
POINT
  5
75B
330
17
100
AcDbEntity
  8
STAKE_NODES
100
AcDbPoint
 10
3798.0000813802085
 20
2011.9998931884768
 30
0.0
  0
LWPOLYLINE
  5
75C
330
17
100
AcDbEntity
  8
SANITARY_CLEAR_ZONE
100
AcDbPolyline
 90
4
 70
0
 10
3772.000122070313
 20
2019.9999491373699
 10
3798.0000813802085
 20
2011.9998931884768
 10
3797.000122070313
 20
2008.9998881022136
 10
3772.000122070313
 20
2019.9999491373699
  0
POINT
  5
75D
330
17
100
AcDbEntity
  8
STAKE_NODES
100
AcDbPoint
 10
3797.000122070313
 20
2008.9998881022136
 30
0.0
  0
LWPOLYLINE
  5
75E
330
17
100
AcDbEntity
  8
SANITARY_CLEAR_ZONE
100
AcDbPolyline
 90
5
 70
0
 10
3809.0001424153647
 20
1993.9998626708987
 10
3808.000183105469
 20
1994.9999491373699
 10
3804.000091552735
 20
2018.9998626708987
 10
3805.0000508626304
 20
2018.9998626708987
 10
3809.0001424153647
 20
1993.9998626708987
  0
POINT
  5
75F
330
17
100
AcDbEntity
  8
STAKE_NODES
100
AcDbPoint
 10
3809.0001424153647
 20
1993.9998626708987
 30
0.0
  0
POINT
  5
760
330
17
100
AcDbEntity
  8
STAKE_NODES
100
AcDbPoint
 10
3808.000183105469
 20
1994.9999491373699
 30
0.0
  0
POINT
  5
761
330
17
100
AcDbEntity
  8
STAKE_NODES
100
AcDbPoint
 10
3804.000091552735
 20
2018.9998626708987
 30
0.0
  0
POINT
  5
762
330
17
100
AcDbEntity
  8
STAKE_NODES
100
AcDbPoint
 10
3805.0000508626304
 20
2018.9998626708987
 30
0.0
  0
LWPOLYLINE
  5
763
330
17
100
AcDbEntity
  8
SANITARY_CLEAR_ZONE
100
AcDbPolyline
 90
5
 70
0
 10
3796.000162760417
 20
1999.9998728434246
 10
3816.0001118977866
 20
2013.999938964844
 10
3817.0000712076826
 20
2013.999938964844
 10
3797.000122070313
 20
1998.9999135335288
 10
3796.000162760417
 20
1999.9998728434246
  0
POINT
  5
764
330
17
100
AcDbEntity
  8
STAKE_NODES
100
AcDbPoint
 10
3796.000162760417
 20
1999.9998728434246
 30
0.0
  0
POINT
  5
765
330
17
100
AcDbEntity
  8
STAKE_NODES
100
AcDbPoint
 10
3816.0001118977866
 20
2013.999938964844
 30
0.0
  0
POINT
  5
766
330
17
100
AcDbEntity
  8
STAKE_NODES
100
AcDbPoint
 10
3817.0000712076826
 20
2013.999938964844
 30
0.0
  0
POINT
  5
767
330
17
100
AcDbEntity
  8
STAKE_NODES
100
AcDbPoint
 10
3797.000122070313
 20
1998.9999135335288
 30
0.0
  0
LWPOLYLINE
  5
768
330
17
100
AcDbEntity
  8
SANITARY_CLEAR_ZONE
100
AcDbPolyline
 90
4
 70
0
 10
3814.9998982747397
 20
2004.999923706055
 10
3813.999938964844
 20
2001.9999186197917
 10
3861.0000610351567
 20
1984.999974568685
 10
3814.9998982747397
 20
2004.999923706055
  0
POINT
  5
769
330
17
100
AcDbEntity
  8
STAKE_NODES
100
AcDbPoint
 10
3814.9998982747397
 20
2004.999923706055
 30
0.0
  0
POINT
  5
76A
330
17
100
AcDbEntity
  8
STAKE_NODES
100
AcDbPoint
 10
3813.999938964844
 20
2001.9999186197917
 30
0.0
  0
POINT
  5
76B
330
17
100
AcDbEntity
  8
STAKE_NODES
100
AcDbPoint
 10
3861.0000610351567
 20
1984.999974568685
 30
0.0
  0
LWPOLYLINE
  5
76C
330
17
100
AcDbEntity
  8
SANITARY_CLEAR_ZONE
100
AcDbPolyline
 90
3
 70
0
 10
3860.0001017252607
 20
1981.999969482422
 10
3813.999938964844
 20
2001.9999186197917
 10
3861.0000610351567
 20
1984.999974568685
  0
POINT
  5
76D
330
17
100
AcDbEntity
  8
STAKE_NODES
100
AcDbPoint
 10
3860.0001017252607
 20
1981.999969482422
 30
0.0
  0
LWPOLYLINE
  5
76E
330
17
100
AcDbEntity
  8
SANITARY_CLEAR_ZONE
100
AcDbPolyline
 90
4
 70
0
 10
3364.9998982747397
 20
469.9999491373698
 10
3368.0000305175786
 20
471.9998677571615
 10
3343.0000305175786
 20
495.9999084472657
 10
3364.9998982747397
 20
469.9999491373698
  0
POINT
  5
76F
330
17
100
AcDbEntity
  8
STAKE_NODES
100
AcDbPoint
 10
3364.9998982747397
 20
469.9999491373698
 30
0.0
  0
POINT
  5
770
330
17
100
AcDbEntity
  8
STAKE_NODES
100
AcDbPoint
 10
3368.0000305175786
 20
471.9998677571615
 30
0.0
  0
POINT
  5
771
330
17
100
AcDbEntity
  8
STAKE_NODES
100
AcDbPoint
 10
3343.0000305175786
 20
495.9999084472657
 30
0.0
  0
LWPOLYLINE
  5
772
330
17
100
AcDbEntity
  8
SANITARY_CLEAR_ZONE
100
AcDbPolyline
 90
4
 70
0
 10
3368.0000305175786
 20
471.9998677571615
 10
3343.0000305175786
 20
495.9999084472657
 10
3345.000203450521
 20
498.00008138020837
 10
3368.0000305175786
 20
471.9998677571615
  0
POINT
  5
773
330
17
100
AcDbEntity
  8
STAKE_NODES
100
AcDbPoint
 10
3345.000203450521
 20
498.00008138020837
 30
0.0
  0
LWPOLYLINE
  5
774
330
17
100
AcDbEntity
  8
SANITARY_CLEAR_ZONE
100
AcDbPolyline
 90
5
 70
0
 10
3341.0001118977866
 20
516.9998168945312
 10
3342.0000712076826
 20
515.9998575846355
 10
3334.0001424153647
 20
493.0000305175782
 10
3334.0001424153647
 20
493.999989827474
 10
3341.0001118977866
 20
516.9998168945312
  0
POINT
  5
775
330
17
100
AcDbEntity
  8
STAKE_NODES
100
AcDbPoint
 10
3341.0001118977866
 20
516.9998168945312
 30
0.0
  0
POINT
  5
776
330
17
100
AcDbEntity
  8
STAKE_NODES
100
AcDbPoint
 10
3342.0000712076826
 20
515.9998575846355
 30
0.0
  0
POINT
  5
777
330
17
100
AcDbEntity
  8
STAKE_NODES
100
AcDbPoint
 10
3334.0001424153647
 20
493.0000305175782
 30
0.0
  0
POINT
  5
778
330
17
100
AcDbEntity
  8
STAKE_NODES
100
AcDbPoint
 10
3334.0001424153647
 20
493.999989827474
 30
0.0
  0
LWPOLYLINE
  5
779
330
17
100
AcDbEntity
  8
SANITARY_CLEAR_ZONE
100
AcDbPolyline
 90
5
 70
0
 10
3350.0000000000005
 20
506.00001017252606
 10
3325.999959309896
 20
502.99987792968756
 10
3325.0000000000005
 20
502.99987792968756
 10
3350.0000000000005
 20
506.99996948242193
 10
3350.0000000000005
 20
506.00001017252606
  0
POINT
  5
77A
330
17
100
AcDbEntity
  8
STAKE_NODES
100
AcDbPoint
 10
3350.0000000000005
 20
506.00001017252606
 30
0.0
  0
POINT
  5
77B
330
17
100
AcDbEntity
  8
STAKE_NODES
100
AcDbPoint
 10
3325.999959309896
 20
502.99987792968756
 30
0.0
  0
POINT
  5
77C
330
17
100
AcDbEntity
  8
STAKE_NODES
100
AcDbPoint
 10
3325.0000000000005
 20
502.99987792968756
 30
0.0
  0
POINT
  5
77D
330
17
100
AcDbEntity
  8
STAKE_NODES
100
AcDbPoint
 10
3350.0000000000005
 20
506.99996948242193
 30
0.0
  0
LWPOLYLINE
  5
77E
330
17
100
AcDbEntity
  8
SANITARY_CLEAR_ZONE
100
AcDbPolyline
 90
4
 70
0
 10
3334.0001424153647
 20
512.0000203450521
 10
3337.0000203450522
 20
512.0000203450521
 10
3328.000132242839
 20
565.9998575846355
 10
3334.0001424153647
 20
512.0000203450521
  0
POINT
  5
77F
330
17
100
AcDbEntity
  8
STAKE_NODES
100
AcDbPoint
 10
3334.0001424153647
 20
512.0000203450521
 30
0.0
  0
POINT
  5
780
330
17
100
AcDbEntity
  8
STAKE_NODES
100
AcDbPoint
 10
3337.0000203450522
 20
512.0000203450521
 30
0.0
  0
POINT
  5
781
330
17
100
AcDbEntity
  8
STAKE_NODES
100
AcDbPoint
 10
3328.000132242839
 20
565.9998575846355
 30
0.0
  0
LWPOLYLINE
  5
782
330
17
100
AcDbEntity
  8
SANITARY_CLEAR_ZONE
100
AcDbPolyline
 90
4
 70
0
 10
3337.0000203450522
 20
512.0000203450521
 10
3328.000132242839
 20
565.9998575846355
 10
3331.0002644856772
 20
565.9998575846355
 10
3337.0000203450522
 20
512.0000203450521
  0
POINT
  5
783
330
17
100
AcDbEntity
  8
STAKE_NODES
100
AcDbPoint
 10
3331.0002644856772
 20
565.9998575846355
 30
0.0
  0
LWPOLYLINE
  5
784
330
17
100
AcDbEntity
  8
SANITARY_CLEAR_ZONE
100
AcDbPolyline
 90
4
 70
0
 10
3328.000132242839
 20
565.9998575846355
 10
3331.0002644856772
 20
565.9998575846355
 10
3328.000132242839
 20
575.0
 10
3328.000132242839
 20
565.9998575846355
  0
POINT
  5
785
330
17
100
AcDbEntity
  8
STAKE_NODES
100
AcDbPoint
 10
3328.000132242839
 20
575.0
 30
0.0
  0
LWPOLYLINE
  5
786
330
17
100
AcDbEntity
  8
SANITARY_CLEAR_ZONE
100
AcDbPolyline
 90
4
 70
0
 10
3331.0002644856772
 20
565.9998575846355
 10
3328.000132242839
 20
575.0
 10
3331.0002644856772
 20
575.0
 10
3331.0002644856772
 20
565.9998575846355
  0
POINT
  5
787
330
17
100
AcDbEntity
  8
STAKE_NODES
100
AcDbPoint
 10
3331.0002644856772
 20
575.0
 30
0.0
  0
LWPOLYLINE
  5
788
330
17
100
AcDbEntity
  8
SANITARY_CLEAR_ZONE
100
AcDbPolyline
 90
5
 70
0
 10
3339.9998982747397
 20
591.9998168945312
 10
3339.9998982747397
 20
590.9998575846355
 10
3319.0002441406255
 20
577.9998779296875
 10
3319.0002441406255
 20
578.9998372395834
 10
3339.9998982747397
 20
591.9998168945312
  0
POINT
  5
789
330
17
100
AcDbEntity
  8
STAKE_NODES
100
AcDbPoint
 10
3339.9998982747397
 20
591.9998168945312
 30
0.0
  0
POINT
  5
78A
330
17
100
AcDbEntity
  8
STAKE_NODES
100
AcDbPoint
 10
3339.9998982747397
 20
590.9998575846355
 30
0.0
  0
POINT
  5
78B
330
17
100
AcDbEntity
  8
STAKE_NODES
100
AcDbPoint
 10
3319.0002441406255
 20
577.9998779296875
 30
0.0
  0
POINT
  5
78C
330
17
100
AcDbEntity
  8
STAKE_NODES
100
AcDbPoint
 10
3319.0002441406255
 20
578.9998372395834
 30
0.0
  0
LWPOLYLINE
  5
78D
330
17
100
AcDbEntity
  8
SANITARY_CLEAR_ZONE
100
AcDbPolyline
 90
5
 70
0
 10
3339.9998982747397
 20
577.9998779296875
 10
3319.0002441406255
 20
590.9998575846355
 10
3319.0002441406255
 20
591.9998168945312
 10
3339.9998982747397
 20
578.9998372395834
 10
3339.9998982747397
 20
577.9998779296875
  0
POINT
  5
78E
330
17
100
AcDbEntity
  8
STAKE_NODES
100
AcDbPoint
 10
3339.9998982747397
 20
577.9998779296875
 30
0.0
  0
POINT
  5
78F
330
17
100
AcDbEntity
  8
STAKE_NODES
100
AcDbPoint
 10
3319.0002441406255
 20
590.9998575846355
 30
0.0
  0
POINT
  5
790
330
17
100
AcDbEntity
  8
STAKE_NODES
100
AcDbPoint
 10
3319.0002441406255
 20
591.9998168945312
 30
0.0
  0
POINT
  5
791
330
17
100
AcDbEntity
  8
STAKE_NODES
100
AcDbPoint
 10
3339.9998982747397
 20
578.9998372395834
 30
0.0
  0
LWPOLYLINE
  5
792
330
17
100
AcDbEntity
  8
SANITARY_CLEAR_ZONE
100
AcDbPolyline
 90
4
 70
0
 10
3328.000132242839
 20
593.0000305175781
 10
3331.0002644856772
 20
593.0000305175781
 10
3329.000091552735
 20
621.9998677571615
 10
3328.000132242839
 20
593.0000305175781
  0
POINT
  5
793
330
17
100
AcDbEntity
  8
STAKE_NODES
100
AcDbPoint
 10
3328.000132242839
 20
593.0000305175781
 30
0.0
  0
POINT
  5
794
330
17
100
AcDbEntity
  8
STAKE_NODES
100
AcDbPoint
 10
3331.0002644856772
 20
593.0000305175781
 30
0.0
  0
POINT
  5
795
330
17
100
AcDbEntity
  8
STAKE_NODES
100
AcDbPoint
 10
3329.000091552735
 20
621.9998677571615
 30
0.0
  0
LWPOLYLINE
  5
796
330
17
100
AcDbEntity
  8
SANITARY_CLEAR_ZONE
100
AcDbPolyline
 90
4
 70
0
 10
3331.0002644856772
 20
593.0000305175781
 10
3329.000091552735
 20
621.9998677571615
 10
3332.000223795573
 20
621.9998677571615
 10
3331.0002644856772
 20
593.0000305175781
  0
POINT
  5
797
330
17
100
AcDbEntity
  8
STAKE_NODES
100
AcDbPoint
 10
3332.000223795573
 20
621.9998677571615
 30
0.0
  0
LWPOLYLINE
  5
798
330
17
100
AcDbEntity
  8
SANITARY_CLEAR_ZONE
100
AcDbPolyline
 90
4
 70
0
 10
3329.000091552735
 20
621.9998677571615
 10
3332.000223795573
 20
621.9998677571615
 10
3333.000183105469
 20
656.0000101725261
 10
3329.000091552735
 20
621.9998677571615
  0
POINT
  5
799
330
17
100
AcDbEntity
  8
STAKE_NODES
100
AcDbPoint
 10
3333.000183105469
 20
656.0000101725261
 30
0.0
  0
LWPOLYLINE
  5
79A
330
17
100
AcDbEntity
  8
SANITARY_CLEAR_ZONE
100
AcDbPolyline
 90
4
 70
0
 10
3332.000223795573
 20
621.9998677571615
 10
3333.000183105469
 20
656.0000101725261
 10
3336.0000610351567
 20
654.9997965494792
 10
3332.000223795573
 20
621.9998677571615
  0
POINT
  5
79B
330
17
100
AcDbEntity
  8
STAKE_NODES
100
AcDbPoint
 10
3336.0000610351567
 20
654.9997965494792
 30
0.0
  0
LWPOLYLINE
  5
79C
330
17
100
AcDbEntity
  8
SANITARY_CLEAR_ZONE
100
AcDbPolyline
 90
5
 70
0
 10
3348.0000813802085
 20
670.9999084472656
 10
3348.0000813802085
 20
669.9999491373699
 10
3325.0000000000005
 20
660.0001017252605
 10
3325.0000000000005
 20
661.0000610351562
 10
3348.0000813802085
 20
670.9999084472656
  0
POINT
  5
79D
330
17
100
AcDbEntity
  8
STAKE_NODES
100
AcDbPoint
 10
3348.0000813802085
 20
670.9999084472656
 30
0.0
  0
POINT
  5
79E
330
17
100
AcDbEntity
  8
STAKE_NODES
100
AcDbPoint
 10
3348.0000813802085
 20
669.9999491373699
 30
0.0
  0
POINT
  5
79F
330
17
100
AcDbEntity
  8
STAKE_NODES
100
AcDbPoint
 10
3325.0000000000005
 20
660.0001017252605
 30
0.0
  0
POINT
  5
7A0
330
17
100
AcDbEntity
  8
STAKE_NODES
100
AcDbPoint
 10
3325.0000000000005
 20
661.0000610351562
 30
0.0
  0
LWPOLYLINE
  5
7A1
330
17
100
AcDbEntity
  8
SANITARY_CLEAR_ZONE
100
AcDbPolyline
 90
5
 70
0
 10
3346.000162760417
 20
656.9999694824219
 10
3326.999918619792
 20
673.0000813802084
 10
3326.999918619792
 20
674.0000406901042
 10
3346.000162760417
 20
657.9999287923177
 10
3346.000162760417
 20
656.9999694824219
  0
POINT
  5
7A2
330
17
100
AcDbEntity
  8
STAKE_NODES
100
AcDbPoint
 10
3346.000162760417
 20
656.9999694824219
 30
0.0
  0
POINT
  5
7A3
330
17
100
AcDbEntity
  8
STAKE_NODES
100
AcDbPoint
 10
3326.999918619792
 20
673.0000813802084
 30
0.0
  0
POINT
  5
7A4
330
17
100
AcDbEntity
  8
STAKE_NODES
100
AcDbPoint
 10
3326.999918619792
 20
674.0000406901042
 30
0.0
  0
POINT
  5
7A5
330
17
100
AcDbEntity
  8
STAKE_NODES
100
AcDbPoint
 10
3346.000162760417
 20
657.9999287923177
 30
0.0
  0
LWPOLYLINE
  5
7A6
330
17
100
AcDbEntity
  8
SANITARY_CLEAR_ZONE
100
AcDbPolyline
 90
4
 70
0
 10
3336.0000610351567
 20
674.0000406901042
 10
3338.999938964844
 20
673.0000813802084
 10
3341.0001118977866
 20
708.9998881022136
 10
3336.0000610351567
 20
674.0000406901042
  0
POINT
  5
7A7
330
17
100
AcDbEntity
  8
STAKE_NODES
100
AcDbPoint
 10
3336.0000610351567
 20
674.0000406901042
 30
0.0
  0
POINT
  5
7A8
330
17
100
AcDbEntity
  8
STAKE_NODES
100
AcDbPoint
 10
3338.999938964844
 20
673.0000813802084
 30
0.0
  0
POINT
  5
7A9
330
17
100
AcDbEntity
  8
STAKE_NODES
100
AcDbPoint
 10
3341.0001118977866
 20
708.9998881022136
 30
0.0
  0
LWPOLYLINE
  5
7AA
330
17
100
AcDbEntity
  8
SANITARY_CLEAR_ZONE
100
AcDbPolyline
 90
4
 70
0
 10
3338.999938964844
 20
673.0000813802084
 10
3341.0001118977866
 20
708.9998881022136
 10
3344.0002441406255
 20
708.9998881022136
 10
3338.999938964844
 20
673.0000813802084
  0
POINT
  5
7AB
330
17
100
AcDbEntity
  8
STAKE_NODES
100
AcDbPoint
 10
3344.0002441406255
 20
708.9998881022136
 30
0.0
  0
LWPOLYLINE
  5
7AC
330
17
100
AcDbEntity
  8
SANITARY_CLEAR_ZONE
100
AcDbPolyline
 90
4
 70
0
 10
3341.0001118977866
 20
709.9998474121094
 10
3344.0002441406255
 20
707.9999287923177
 10
3355.0000508626304
 20
732.9999287923177
 10
3341.0001118977866
 20
709.9998474121094
  0
POINT
  5
7AD
330
17
100
AcDbEntity
  8
STAKE_NODES
100
AcDbPoint
 10
3341.0001118977866
 20
709.9998474121094
 30
0.0
  0
POINT
  5
7AE
330
17
100
AcDbEntity
  8
STAKE_NODES
100
AcDbPoint
 10
3344.0002441406255
 20
707.9999287923177
 30
0.0
  0
POINT
  5
7AF
330
17
100
AcDbEntity
  8
STAKE_NODES
100
AcDbPoint
 10
3355.0000508626304
 20
732.9999287923177
 30
0.0
  0
LWPOLYLINE
  5
7B0
330
17
100
AcDbEntity
  8
SANITARY_CLEAR_ZONE
100
AcDbPolyline
 90
4
 70
0
 10
3344.0002441406255
 20
707.9999287923177
 10
3355.0000508626304
 20
732.9999287923177
 10
3358.000183105469
 20
731.9999694824219
 10
3344.0002441406255
 20
707.9999287923177
  0
POINT
  5
7B1
330
17
100
AcDbEntity
  8
STAKE_NODES
100
AcDbPoint
 10
3358.000183105469
 20
731.9999694824219
 30
0.0
  0
LWPOLYLINE
  5
7B2
330
17
100
AcDbEntity
  8
SANITARY_CLEAR_ZONE
100
AcDbPolyline
 90
5
 70
0
 10
3374.0000406901045
 20
741.9998168945312
 10
3374.0000406901045
 20
740.9998575846355
 10
3349.0000406901045
 20
739.9998982747396
 10
3350.0000000000005
 20
740.9998575846355
 10
3374.0000406901045
 20
741.9998168945312
  0
POINT
  5
7B3
330
17
100
AcDbEntity
  8
STAKE_NODES
100
AcDbPoint
 10
3374.0000406901045
 20
741.9998168945312
 30
0.0
  0
POINT
  5
7B4
330
17
100
AcDbEntity
  8
STAKE_NODES
100
AcDbPoint
 10
3374.0000406901045
 20
740.9998575846355
 30
0.0
  0
POINT
  5
7B5
330
17
100
AcDbEntity
  8
STAKE_NODES
100
AcDbPoint
 10
3349.0000406901045
 20
739.9998982747396
 30
0.0
  0
POINT
  5
7B6
330
17
100
AcDbEntity
  8
STAKE_NODES
100
AcDbPoint
 10
3350.0000000000005
 20
740.9998575846355
 30
0.0
  0
LWPOLYLINE
  5
7B7
330
17
100
AcDbEntity
  8
SANITARY_CLEAR_ZONE
100
AcDbPolyline
 90
5
 70
0
 10
3367.0000712076826
 20
729.9997965494792
 10
3356.0002644856772
 20
750.9999593098959
 10
3356.0002644856772
 20
751.9999186197917
 10
3368.0000305175786
 20
729.9997965494792
 10
3367.0000712076826
 20
729.9997965494792
  0
POINT
  5
7B8
330
17
100
AcDbEntity
  8
STAKE_NODES
100
AcDbPoint
 10
3367.0000712076826
 20
729.9997965494792
 30
0.0
  0
POINT
  5
7B9
330
17
100
AcDbEntity
  8
STAKE_NODES
100
AcDbPoint
 10
3356.0002644856772
 20
750.9999593098959
 30
0.0
  0
POINT
  5
7BA
330
17
100
AcDbEntity
  8
STAKE_NODES
100
AcDbPoint
 10
3356.0002644856772
 20
751.9999186197917
 30
0.0
  0
POINT
  5
7BB
330
17
100
AcDbEntity
  8
STAKE_NODES
100
AcDbPoint
 10
3368.0000305175786
 20
729.9997965494792
 30
0.0
  0
LWPOLYLINE
  5
7BC
330
17
100
AcDbEntity
  8
SANITARY_CLEAR_ZONE
100
AcDbPolyline
 90
4
 70
0
 10
3363.999938964844
 20
749.0000406901042
 10
3367.0000712076826
 20
746.9998677571615
 10
3397.000122070313
 20
802.9998779296876
 10
3363.999938964844
 20
749.0000406901042
  0
POINT
  5
7BD
330
17
100
AcDbEntity
  8
STAKE_NODES
100
AcDbPoint
 10
3363.999938964844
 20
749.0000406901042
 30
0.0
  0
POINT
  5
7BE
330
17
100
AcDbEntity
  8
STAKE_NODES
100
AcDbPoint
 10
3367.0000712076826
 20
746.9998677571615
 30
0.0
  0
POINT
  5
7BF
330
17
100
AcDbEntity
  8
STAKE_NODES
100
AcDbPoint
 10
3397.000122070313
 20
802.9998779296876
 30
0.0
  0
LWPOLYLINE
  5
7C0
330
17
100
AcDbEntity
  8
SANITARY_CLEAR_ZONE
100
AcDbPolyline
 90
4
 70
0
 10
3367.0000712076826
 20
746.9998677571615
 10
3397.000122070313
 20
802.9998779296876
 10
3399.0000406901045
 20
800.9999593098959
 10
3367.0000712076826
 20
746.9998677571615
  0
POINT
  5
7C1
330
17
100
AcDbEntity
  8
STAKE_NODES
100
AcDbPoint
 10
3399.0000406901045
 20
800.9999593098959
 30
0.0
  0
LWPOLYLINE
  5
7C2
330
17
100
AcDbEntity
  8
SANITARY_CLEAR_ZONE
100
AcDbPolyline
 90
5
 70
0
 10
3416.0001118977866
 20
811.0000610351564
 10
3414.9998982747397
 20
809.9998474121095
 10
3389.9998982747397
 20
809.9998474121095
 10
3391.0001118977866
 20
811.0000610351564
 10
3416.0001118977866
 20
811.0000610351564
  0
POINT
  5
7C3
330
17
100
AcDbEntity
  8
STAKE_NODES
100
AcDbPoint
 10
3416.0001118977866
 20
811.0000610351564
 30
0.0
  0
POINT
  5
7C4
330
17
100
AcDbEntity
  8
STAKE_NODES
100
AcDbPoint
 10
3414.9998982747397
 20
809.9998474121095
 30
0.0
  0
POINT
  5
7C5
330
17
100
AcDbEntity
  8
STAKE_NODES
100
AcDbPoint
 10
3389.9998982747397
 20
809.9998474121095
 30
0.0
  0
POINT
  5
7C6
330
17
100
AcDbEntity
  8
STAKE_NODES
100
AcDbPoint
 10
3391.0001118977866
 20
811.0000610351564
 30
0.0
  0
LWPOLYLINE
  5
7C7
330
17
100
AcDbEntity
  8
SANITARY_CLEAR_ZONE
100
AcDbPolyline
 90
5
 70
0
 10
3408.000183105469
 20
799.0000406901042
 10
3397.000122070313
 20
820.9999084472657
 10
3398.0000813802085
 20
821.9998677571615
 10
3409.0001424153647
 20
800.0
 10
3408.000183105469
 20
799.0000406901042
  0
POINT
  5
7C8
330
17
100
AcDbEntity
  8
STAKE_NODES
100
AcDbPoint
 10
3408.000183105469
 20
799.0000406901042
 30
0.0
  0
POINT
  5
7C9
330
17
100
AcDbEntity
  8
STAKE_NODES
100
AcDbPoint
 10
3397.000122070313
 20
820.9999084472657
 30
0.0
  0
POINT
  5
7CA
330
17
100
AcDbEntity
  8
STAKE_NODES
100
AcDbPoint
 10
3398.0000813802085
 20
821.9998677571615
 30
0.0
  0
POINT
  5
7CB
330
17
100
AcDbEntity
  8
STAKE_NODES
100
AcDbPoint
 10
3409.0001424153647
 20
800.0
 30
0.0
  0
LWPOLYLINE
  5
7CC
330
17
100
AcDbEntity
  8
SANITARY_CLEAR_ZONE
100
AcDbPolyline
 90
4
 70
0
 10
3406.0002644856772
 20
818.0000305175782
 10
3408.000183105469
 20
816.9998168945314
 10
3437.999979654948
 20
871.9998677571615
 10
3406.0002644856772
 20
818.0000305175782
  0
POINT
  5
7CD
330
17
100
AcDbEntity
  8
STAKE_NODES
100
AcDbPoint
 10
3406.0002644856772
 20
818.0000305175782
 30
0.0
  0
POINT
  5
7CE
330
17
100
AcDbEntity
  8
STAKE_NODES
100
AcDbPoint
 10
3408.000183105469
 20
816.9998168945314
 30
0.0
  0
POINT
  5
7CF
330
17
100
AcDbEntity
  8
STAKE_NODES
100
AcDbPoint
 10
3437.999979654948
 20
871.9998677571615
 30
0.0
  0
LWPOLYLINE
  5
7D0
330
17
100
AcDbEntity
  8
SANITARY_CLEAR_ZONE
100
AcDbPolyline
 90
4
 70
0
 10
3408.000183105469
 20
816.9998168945314
 10
3437.999979654948
 20
871.9998677571615
 10
3439.9998982747397
 20
870.9999084472657
 10
3408.000183105469
 20
816.9998168945314
  0
POINT
  5
7D1
330
17
100
AcDbEntity
  8
STAKE_NODES
100
AcDbPoint
 10
3439.9998982747397
 20
870.9999084472657
 30
0.0
  0
LWPOLYLINE
  5
7D2
330
17
100
AcDbEntity
  8
SANITARY_CLEAR_ZONE
100
AcDbPolyline
 90
4
 70
0
 10
3457.000223795573
 20
881.0000101725261
 10
3432.000223795573
 20
879.9997965494792
 10
3456.0002644856772
 20
879.9997965494792
 10
3457.000223795573
 20
881.0000101725261
  0
POINT
  5
7D3
330
17
100
AcDbEntity
  8
STAKE_NODES
100
AcDbPoint
 10
3457.000223795573
 20
881.0000101725261
 30
0.0
  0
POINT
  5
7D4
330
17
100
AcDbEntity
  8
STAKE_NODES
100
AcDbPoint
 10
3432.000223795573
 20
879.9997965494792
 30
0.0
  0
POINT
  5
7D5
330
17
100
AcDbEntity
  8
STAKE_NODES
100
AcDbPoint
 10
3456.0002644856772
 20
879.9997965494792
 30
0.0
  0
LWPOLYLINE
  5
7D6
330
17
100
AcDbEntity
  8
SANITARY_CLEAR_ZONE
100
AcDbPolyline
 90
5
 70
0
 10
3450.0000000000005
 20
868.999989827474
 10
3437.999979654948
 20
890.9998575846355
 10
3438.999938964844
 20
891.9998168945314
 10
3450.0000000000005
 20
869.9999491373699
 10
3450.0000000000005
 20
868.999989827474
  0
POINT
  5
7D7
330
17
100
AcDbEntity
  8
STAKE_NODES
100
AcDbPoint
 10
3450.0000000000005
 20
868.999989827474
 30
0.0
  0
POINT
  5
7D8
330
17
100
AcDbEntity
  8
STAKE_NODES
100
AcDbPoint
 10
3437.999979654948
 20
890.9998575846355
 30
0.0
  0
POINT
  5
7D9
330
17
100
AcDbEntity
  8
STAKE_NODES
100
AcDbPoint
 10
3438.999938964844
 20
891.9998168945314
 30
0.0
  0
POINT
  5
7DA
330
17
100
AcDbEntity
  8
STAKE_NODES
100
AcDbPoint
 10
3450.0000000000005
 20
869.9999491373699
 30
0.0
  0
LWPOLYLINE
  5
7DB
330
17
100
AcDbEntity
  8
SANITARY_CLEAR_ZONE
100
AcDbPolyline
 90
4
 70
0
 10
3447.000122070313
 20
887.999979654948
 10
3450.0000000000005
 20
886.0000610351564
 10
3449.0000406901045
 20
889.9998982747396
 10
3447.000122070313
 20
887.999979654948
  0
POINT
  5
7DC
330
17
100
AcDbEntity
  8
STAKE_NODES
100
AcDbPoint
 10
3447.000122070313
 20
887.999979654948
 30
0.0
  0
POINT
  5
7DD
330
17
100
AcDbEntity
  8
STAKE_NODES
100
AcDbPoint
 10
3450.0000000000005
 20
886.0000610351564
 30
0.0
  0
POINT
  5
7DE
330
17
100
AcDbEntity
  8
STAKE_NODES
100
AcDbPoint
 10
3449.0000406901045
 20
889.9998982747396
 30
0.0
  0
LWPOLYLINE
  5
7DF
330
17
100
AcDbEntity
  8
SANITARY_CLEAR_ZONE
100
AcDbPolyline
 90
4
 70
0
 10
3450.0000000000005
 20
886.0000610351564
 10
3449.0000406901045
 20
889.9998982747396
 10
3450.999959309896
 20
888.9999389648439
 10
3450.0000000000005
 20
886.0000610351564
  0
POINT
  5
7E0
330
17
100
AcDbEntity
  8
STAKE_NODES
100
AcDbPoint
 10
3450.999959309896
 20
888.9999389648439
 30
0.0
  0
LWPOLYLINE
  5
7E1
330
17
100
AcDbEntity
  8
SANITARY_CLEAR_ZONE
100
AcDbPolyline
 90
4
 70
0
 10
3449.0000406901045
 20
890.9998575846355
 10
3450.999959309896
 20
887.999979654948
 10
3485.0001017252607
 20
915.9998575846355
 10
3449.0000406901045
 20
890.9998575846355
  0
POINT
  5
7E2
330
17
100
AcDbEntity
  8
STAKE_NODES
100
AcDbPoint
 10
3449.0000406901045
 20
890.9998575846355
 30
0.0
  0
POINT
  5
7E3
330
17
100
AcDbEntity
  8
STAKE_NODES
100
AcDbPoint
 10
3450.999959309896
 20
887.999979654948
 30
0.0
  0
POINT
  5
7E4
330
17
100
AcDbEntity
  8
STAKE_NODES
100
AcDbPoint
 10
3485.0001017252607
 20
915.9998575846355
 30
0.0
  0
LWPOLYLINE
  5
7E5
330
17
100
AcDbEntity
  8
SANITARY_CLEAR_ZONE
100
AcDbPolyline
 90
4
 70
0
 10
3450.999959309896
 20
887.999979654948
 10
3485.0001017252607
 20
915.9998575846355
 10
3487.0000203450522
 20
912.999979654948
 10
3450.999959309896
 20
887.999979654948
  0
POINT
  5
7E6
330
17
100
AcDbEntity
  8
STAKE_NODES
100
AcDbPoint
 10
3487.0000203450522
 20
912.999979654948
 30
0.0
  0
LWPOLYLINE
  5
7E7
330
17
100
AcDbEntity
  8
SANITARY_CLEAR_ZONE
100
AcDbPolyline
 90
4
 70
0
 10
3485.0001017252607
 20
915.9998575846355
 10
3487.0000203450522
 20
912.999979654948
 10
3499.0000406901045
 20
924.0000406901042
 10
3485.0001017252607
 20
915.9998575846355
  0
POINT
  5
7E8
330
17
100
AcDbEntity
  8
STAKE_NODES
100
AcDbPoint
 10
3499.0000406901045
 20
924.0000406901042
 30
0.0
  0
LWPOLYLINE
  5
7E9
330
17
100
AcDbEntity
  8
SANITARY_CLEAR_ZONE
100
AcDbPolyline
 90
4
 70
0
 10
3487.0000203450522
 20
912.999979654948
 10
3499.0000406901045
 20
924.0000406901042
 10
3500.999959309896
 20
921.9998677571615
 10
3487.0000203450522
 20
912.999979654948
  0
POINT
  5
7EA
330
17
100
AcDbEntity
  8
STAKE_NODES
100
AcDbPoint
 10
3500.999959309896
 20
921.9998677571615
 30
0.0
  0
LWPOLYLINE
  5
7EB
330
17
100
AcDbEntity
  8
SANITARY_CLEAR_ZONE
100
AcDbPolyline
 90
5
 70
0
 10
3520.000203450521
 20
921.9998677571615
 10
3519.0002441406255
 20
921.9998677571615
 10
3497.000122070313
 20
932.9999287923177
 10
3498.0000813802085
 20
933.9998881022136
 10
3520.000203450521
 20
921.9998677571615
  0
POINT
  5
7EC
330
17
100
AcDbEntity
  8
STAKE_NODES
100
AcDbPoint
 10
3520.000203450521
 20
921.9998677571615
 30
0.0
  0
POINT
  5
7ED
330
17
100
AcDbEntity
  8
STAKE_NODES
100
AcDbPoint
 10
3519.0002441406255
 20
921.9998677571615
 30
0.0
  0
POINT
  5
7EE
330
17
100
AcDbEntity
  8
STAKE_NODES
100
AcDbPoint
 10
3497.000122070313
 20
932.9999287923177
 30
0.0
  0
POINT
  5
7EF
330
17
100
AcDbEntity
  8
STAKE_NODES
100
AcDbPoint
 10
3498.0000813802085
 20
933.9998881022136
 30
0.0
  0
LWPOLYLINE
  5
7F0
330
17
100
AcDbEntity
  8
SANITARY_CLEAR_ZONE
100
AcDbPolyline
 90
5
 70
0
 10
3508.000183105469
 20
914.9998982747396
 10
3508.000183105469
 20
939.9998982747396
 10
3509.0001424153647
 20
940.9998575846355
 10
3509.0001424153647
 20
915.9998575846355
 10
3508.000183105469
 20
914.9998982747396
  0
POINT
  5
7F1
330
17
100
AcDbEntity
  8
STAKE_NODES
100
AcDbPoint
 10
3508.000183105469
 20
914.9998982747396
 30
0.0
  0
POINT
  5
7F2
330
17
100
AcDbEntity
  8
STAKE_NODES
100
AcDbPoint
 10
3508.000183105469
 20
939.9998982747396
 30
0.0
  0
POINT
  5
7F3
330
17
100
AcDbEntity
  8
STAKE_NODES
100
AcDbPoint
 10
3509.0001424153647
 20
940.9998575846355
 30
0.0
  0
POINT
  5
7F4
330
17
100
AcDbEntity
  8
STAKE_NODES
100
AcDbPoint
 10
3509.0001424153647
 20
915.9998575846355
 30
0.0
  0
LWPOLYLINE
  5
7F5
330
17
100
AcDbEntity
  8
SANITARY_CLEAR_ZONE
100
AcDbPolyline
 90
4
 70
0
 10
3514.9998982747397
 20
932.9999287923177
 10
3516.0001118977866
 20
931.0000101725261
 10
3569.0002441406255
 20
964.9998982747396
 10
3514.9998982747397
 20
932.9999287923177
  0
POINT
  5
7F6
330
17
100
AcDbEntity
  8
STAKE_NODES
100
AcDbPoint
 10
3514.9998982747397
 20
932.9999287923177
 30
0.0
  0
POINT
  5
7F7
330
17
100
AcDbEntity
  8
STAKE_NODES
100
AcDbPoint
 10
3516.0001118977866
 20
931.0000101725261
 30
0.0
  0
POINT
  5
7F8
330
17
100
AcDbEntity
  8
STAKE_NODES
100
AcDbPoint
 10
3569.0002441406255
 20
964.9998982747396
 30
0.0
  0
LWPOLYLINE
  5
7F9
330
17
100
AcDbEntity
  8
SANITARY_CLEAR_ZONE
100
AcDbPolyline
 90
4
 70
0
 10
3516.0001118977866
 20
931.0000101725261
 10
3569.0002441406255
 20
964.9998982747396
 10
3570.000203450521
 20
962.999979654948
 10
3516.0001118977866
 20
931.0000101725261
  0
POINT
  5
7FA
330
17
100
AcDbEntity
  8
STAKE_NODES
100
AcDbPoint
 10
3570.000203450521
 20
962.999979654948
 30
0.0
  0
LWPOLYLINE
  5
7FB
330
17
100
AcDbEntity
  8
SANITARY_CLEAR_ZONE
100
AcDbPolyline
 90
5
 70
0
 10
3589.9998982747397
 20
963.9999389648439
 10
3588.999938964844
 20
962.999979654948
 10
3567.0000712076826
 20
975.0000000000001
 10
3568.0000305175786
 20
975.0000000000001
 10
3589.9998982747397
 20
963.9999389648439
  0
POINT
  5
7FC
330
17
100
AcDbEntity
  8
STAKE_NODES
100
AcDbPoint
 10
3589.9998982747397
 20
963.9999389648439
 30
0.0
  0
POINT
  5
7FD
330
17
100
AcDbEntity
  8
STAKE_NODES
100
AcDbPoint
 10
3588.999938964844
 20
962.999979654948
 30
0.0
  0
POINT
  5
7FE
330
17
100
AcDbEntity
  8
STAKE_NODES
100
AcDbPoint
 10
3567.0000712076826
 20
975.0000000000001
 30
0.0
  0
POINT
  5
7FF
330
17
100
AcDbEntity
  8
STAKE_NODES
100
AcDbPoint
 10
3568.0000305175786
 20
975.0000000000001
 30
0.0
  0
LWPOLYLINE
  5
800
330
17
100
AcDbEntity
  8
SANITARY_CLEAR_ZONE
100
AcDbPolyline
 90
4
 70
0
 10
3579.000091552735
 20
981.999969482422
 10
3578.000132242839
 20
981.0000101725261
 10
3578.000132242839
 20
956.999969482422
 10
3579.000091552735
 20
981.999969482422
  0
POINT
  5
801
330
17
100
AcDbEntity
  8
STAKE_NODES
100
AcDbPoint
 10
3579.000091552735
 20
981.999969482422
 30
0.0
  0
POINT
  5
802
330
17
100
AcDbEntity
  8
STAKE_NODES
100
AcDbPoint
 10
3578.000132242839
 20
981.0000101725261
 30
0.0
  0
POINT
  5
803
330
17
100
AcDbEntity
  8
STAKE_NODES
100
AcDbPoint
 10
3578.000132242839
 20
956.999969482422
 30
0.0
  0
LWPOLYLINE
  5
804
330
17
100
AcDbEntity
  8
SANITARY_CLEAR_ZONE
100
AcDbPolyline
 90
4
 70
0
 10
3584.0001424153647
 20
975.0000000000001
 10
3586.0000610351567
 20
971.9998677571615
 10
3613.999938964844
 20
991.9998168945314
 10
3584.0001424153647
 20
975.0000000000001
  0
POINT
  5
805
330
17
100
AcDbEntity
  8
STAKE_NODES
100
AcDbPoint
 10
3584.0001424153647
 20
975.0000000000001
 30
0.0
  0
POINT
  5
806
330
17
100
AcDbEntity
  8
STAKE_NODES
100
AcDbPoint
 10
3586.0000610351567
 20
971.9998677571615
 30
0.0
  0
POINT
  5
807
330
17
100
AcDbEntity
  8
STAKE_NODES
100
AcDbPoint
 10
3613.999938964844
 20
991.9998168945314
 30
0.0
  0
LWPOLYLINE
  5
808
330
17
100
AcDbEntity
  8
SANITARY_CLEAR_ZONE
100
AcDbPolyline
 90
4
 70
0
 10
3586.0000610351567
 20
971.9998677571615
 10
3613.999938964844
 20
991.9998168945314
 10
3614.9998982747397
 20
989.9998982747396
 10
3586.0000610351567
 20
971.9998677571615
  0
POINT
  5
809
330
17
100
AcDbEntity
  8
STAKE_NODES
100
AcDbPoint
 10
3614.9998982747397
 20
989.9998982747396
 30
0.0
  0
LWPOLYLINE
  5
80A
330
17
100
AcDbEntity
  8
SANITARY_CLEAR_ZONE
100
AcDbPolyline
 90
4
 70
0
 10
3047.0001220703125
 20
306.9999694824219
 10
3045.000203450521
 20
305.00005086263025
 10
3057.000223795573
 20
300.0
 10
3047.0001220703125
 20
306.9999694824219
  0
POINT
  5
80B
330
17
100
AcDbEntity
  8
STAKE_NODES
100
AcDbPoint
 10
3047.0001220703125
 20
306.9999694824219
 30
0.0
  0
POINT
  5
80C
330
17
100
AcDbEntity
  8
STAKE_NODES
100
AcDbPoint
 10
3045.000203450521
 20
305.00005086263025
 30
0.0
  0
POINT
  5
80D
330
17
100
AcDbEntity
  8
STAKE_NODES
100
AcDbPoint
 10
3057.000223795573
 20
300.0
 30
0.0
  0
LWPOLYLINE
  5
80E
330
17
100
AcDbEntity
  8
SANITARY_CLEAR_ZONE
100
AcDbPolyline
 90
4
 70
0
 10
3045.000203450521
 20
305.00005086263025
 10
3057.000223795573
 20
300.0
 10
3055.0000508626304
 20
298.00008138020837
 10
3045.000203450521
 20
305.00005086263025
  0
POINT
  5
80F
330
17
100
AcDbEntity
  8
STAKE_NODES
100
AcDbPoint
 10
3055.0000508626304
 20
298.00008138020837
 30
0.0
  0
LWPOLYLINE
  5
810
330
17
100
AcDbEntity
  8
SANITARY_CLEAR_ZONE
100
AcDbPolyline
 90
4
 70
0
 10
3056.0002644856772
 20
300.0
 10
3056.0002644856772
 20
296.9998677571615
 10
3073.0000813802085
 20
302.9998779296875
 10
3056.0002644856772
 20
300.0
  0
POINT
  5
811
330
17
100
AcDbEntity
  8
STAKE_NODES
100
AcDbPoint
 10
3056.0002644856772
 20
300.0
 30
0.0
  0
POINT
  5
812
330
17
100
AcDbEntity
  8
STAKE_NODES
100
AcDbPoint
 10
3056.0002644856772
 20
296.9998677571615
 30
0.0
  0
POINT
  5
813
330
17
100
AcDbEntity
  8
STAKE_NODES
100
AcDbPoint
 10
3073.0000813802085
 20
302.9998779296875
 30
0.0
  0
LWPOLYLINE
  5
814
330
17
100
AcDbEntity
  8
SANITARY_CLEAR_ZONE
100
AcDbPolyline
 90
4
 70
0
 10
3056.0002644856772
 20
296.9998677571615
 10
3073.0000813802085
 20
302.9998779296875
 10
3074.0000406901045
 20
300.0
 10
3056.0002644856772
 20
296.9998677571615
  0
POINT
  5
815
330
17
100
AcDbEntity
  8
STAKE_NODES
100
AcDbPoint
 10
3074.0000406901045
 20
300.0
 30
0.0
  0
LWPOLYLINE
  5
816
330
17
100
AcDbEntity
  8
SANITARY_CLEAR_ZONE
100
AcDbPolyline
 90
5
 70
0
 10
3085.0001017252607
 20
296.9998677571615
 10
3084.0001424153647
 20
296.9998677571615
 10
3074.0000406901045
 20
307.99992879231775
 10
3075.0
 20
307.99992879231775
 10
3085.0001017252607
 20
296.9998677571615
  0
POINT
  5
817
330
17
100
AcDbEntity
  8
STAKE_NODES
100
AcDbPoint
 10
3085.0001017252607
 20
296.9998677571615
 30
0.0
  0
POINT
  5
818
330
17
100
AcDbEntity
  8
STAKE_NODES
100
AcDbPoint
 10
3084.0001424153647
 20
296.9998677571615
 30
0.0
  0
POINT
  5
819
330
17
100
AcDbEntity
  8
STAKE_NODES
100
AcDbPoint
 10
3074.0000406901045
 20
307.99992879231775
 30
0.0
  0
POINT
  5
81A
330
17
100
AcDbEntity
  8
STAKE_NODES
100
AcDbPoint
 10
3075.0
 20
307.99992879231775
 30
0.0
  0
LWPOLYLINE
  5
81B
330
17
100
AcDbEntity
  8
SANITARY_CLEAR_ZONE
100
AcDbPolyline
 90
5
 70
0
 10
3075.999959309896
 20
294.9999491373698
 10
3082.000223795573
 20
308.99988810221356
 10
3083.0001831054688
 20
308.99988810221356
 10
3076.999918619792
 20
295.9999084472656
 10
3075.999959309896
 20
294.9999491373698
  0
POINT
  5
81C
330
17
100
AcDbEntity
  8
STAKE_NODES
100
AcDbPoint
 10
3075.999959309896
 20
294.9999491373698
 30
0.0
  0
POINT
  5
81D
330
17
100
AcDbEntity
  8
STAKE_NODES
100
AcDbPoint
 10
3082.000223795573
 20
308.99988810221356
 30
0.0
  0
POINT
  5
81E
330
17
100
AcDbEntity
  8
STAKE_NODES
100
AcDbPoint
 10
3083.0001831054688
 20
308.99988810221356
 30
0.0
  0
POINT
  5
81F
330
17
100
AcDbEntity
  8
STAKE_NODES
100
AcDbPoint
 10
3076.999918619792
 20
295.9999084472656
 30
0.0
  0
LWPOLYLINE
  5
820
330
17
100
AcDbEntity
  8
SANITARY_CLEAR_ZONE
100
AcDbPolyline
 90
4
 70
0
 10
3084.0001424153647
 20
303.99983723958337
 10
3084.0001424153647
 20
301.9999186197917
 10
3092.0000712076826
 20
306.00001017252606
 10
3084.0001424153647
 20
303.99983723958337
  0
POINT
  5
821
330
17
100
AcDbEntity
  8
STAKE_NODES
100
AcDbPoint
 10
3084.0001424153647
 20
303.99983723958337
 30
0.0
  0
POINT
  5
822
330
17
100
AcDbEntity
  8
STAKE_NODES
100
AcDbPoint
 10
3084.0001424153647
 20
301.9999186197917
 30
0.0
  0
POINT
  5
823
330
17
100
AcDbEntity
  8
STAKE_NODES
100
AcDbPoint
 10
3092.0000712076826
 20
306.00001017252606
 30
0.0
  0
LWPOLYLINE
  5
824
330
17
100
AcDbEntity
  8
SANITARY_CLEAR_ZONE
100
AcDbPolyline
 90
4
 70
0
 10
3084.0001424153647
 20
301.9999186197917
 10
3092.0000712076826
 20
306.00001017252606
 10
3093.000030517578
 20
302.9998779296875
 10
3084.0001424153647
 20
301.9999186197917
  0
POINT
  5
825
330
17
100
AcDbEntity
  8
STAKE_NODES
100
AcDbPoint
 10
3093.000030517578
 20
302.9998779296875
 30
0.0
  0
LWPOLYLINE
  5
826
330
17
100
AcDbEntity
  8
SANITARY_CLEAR_ZONE
100
AcDbPolyline
 90
4
 70
0
 10
3092.0000712076826
 20
305.00005086263025
 10
3094.000244140625
 20
302.9998779296875
 10
3105.0000508626304
 20
316.99981689453125
 10
3092.0000712076826
 20
305.00005086263025
  0
POINT
  5
827
330
17
100
AcDbEntity
  8
STAKE_NODES
100
AcDbPoint
 10
3092.0000712076826
 20
305.00005086263025
 30
0.0
  0
POINT
  5
828
330
17
100
AcDbEntity
  8
STAKE_NODES
100
AcDbPoint
 10
3094.000244140625
 20
302.9998779296875
 30
0.0
  0
POINT
  5
829
330
17
100
AcDbEntity
  8
STAKE_NODES
100
AcDbPoint
 10
3105.0000508626304
 20
316.99981689453125
 30
0.0
  0
LWPOLYLINE
  5
82A
330
17
100
AcDbEntity
  8
SANITARY_CLEAR_ZONE
100
AcDbPolyline
 90
4
 70
0
 10
3094.000244140625
 20
302.9998779296875
 10
3105.0000508626304
 20
316.99981689453125
 10
3107.000223795573
 20
314.9998982747396
 10
3094.000244140625
 20
302.9998779296875
  0
POINT
  5
82B
330
17
100
AcDbEntity
  8
STAKE_NODES
100
AcDbPoint
 10
3107.000223795573
 20
314.9998982747396
 30
0.0
  0
LWPOLYLINE
  5
82C
330
17
100
AcDbEntity
  8
SANITARY_CLEAR_ZONE
100
AcDbPolyline
 90
4
 70
0
 10
3106.0002644856772
 20
318.0000305175781
 10
3106.0002644856772
 20
314.9998982747396
 10
3117.0000712076826
 20
315.99985758463544
 10
3106.0002644856772
 20
318.0000305175781
  0
POINT
  5
82D
330
17
100
AcDbEntity
  8
STAKE_NODES
100
AcDbPoint
 10
3106.0002644856772
 20
318.0000305175781
 30
0.0
  0
POINT
  5
82E
330
17
100
AcDbEntity
  8
STAKE_NODES
100
AcDbPoint
 10
3106.0002644856772
 20
314.9998982747396
 30
0.0
  0
POINT
  5
82F
330
17
100
AcDbEntity
  8
STAKE_NODES
100
AcDbPoint
 10
3117.0000712076826
 20
315.99985758463544
 30
0.0
  0
LWPOLYLINE
  5
830
330
17
100
AcDbEntity
  8
SANITARY_CLEAR_ZONE
100
AcDbPolyline
 90
4
 70
0
 10
3106.0002644856772
 20
314.9998982747396
 10
3117.0000712076826
 20
315.99985758463544
 10
3117.0000712076826
 20
312.99997965494794
 10
3106.0002644856772
 20
314.9998982747396
  0
POINT
  5
831
330
17
100
AcDbEntity
  8
STAKE_NODES
100
AcDbPoint
 10
3117.0000712076826
 20
312.99997965494794
 30
0.0
  0
LWPOLYLINE
  5
832
330
17
100
AcDbEntity
  8
SANITARY_CLEAR_ZONE
100
AcDbPolyline
 90
5
 70
0
 10
3126.999918619792
 20
306.9999694824219
 10
3125.999959309896
 20
306.9999694824219
 10
3120.000203450521
 20
320.9999084472656
 10
3121.000162760417
 20
320.9999084472656
 10
3126.999918619792
 20
306.9999694824219
  0
POINT
  5
833
330
17
100
AcDbEntity
  8
STAKE_NODES
100
AcDbPoint
 10
3126.999918619792
 20
306.9999694824219
 30
0.0
  0
POINT
  5
834
330
17
100
AcDbEntity
  8
STAKE_NODES
100
AcDbPoint
 10
3125.999959309896
 20
306.9999694824219
 30
0.0
  0
POINT
  5
835
330
17
100
AcDbEntity
  8
STAKE_NODES
100
AcDbPoint
 10
3120.000203450521
 20
320.9999084472656
 30
0.0
  0
POINT
  5
836
330
17
100
AcDbEntity
  8
STAKE_NODES
100
AcDbPoint
 10
3121.000162760417
 20
320.9999084472656
 30
0.0
  0
LWPOLYLINE
  5
837
330
17
100
AcDbEntity
  8
SANITARY_CLEAR_ZONE
100
AcDbPolyline
 90
4
 70
0
 10
3118.000030517578
 20
307.99992879231775
 10
3119.000244140625
 20
307.99992879231775
 10
3128.000132242839
 20
319.9999491373698
 10
3118.000030517578
 20
307.99992879231775
  0
POINT
  5
838
330
17
100
AcDbEntity
  8
STAKE_NODES
100
AcDbPoint
 10
3118.000030517578
 20
307.99992879231775
 30
0.0
  0
POINT
  5
839
330
17
100
AcDbEntity
  8
STAKE_NODES
100
AcDbPoint
 10
3119.000244140625
 20
307.99992879231775
 30
0.0
  0
POINT
  5
83A
330
17
100
AcDbEntity
  8
STAKE_NODES
100
AcDbPoint
 10
3128.000132242839
 20
319.9999491373698
 30
0.0
  0
LWPOLYLINE
  5
83B
330
17
100
AcDbEntity
  8
SANITARY_CLEAR_ZONE
100
AcDbPolyline
 90
4
 70
0
 10
3128.000132242839
 20
314.9998982747396
 10
3128.000132242839
 20
312.0000203450521
 10
3132.000223795573
 20
313.99993896484375
 10
3128.000132242839
 20
314.9998982747396
  0
POINT
  5
83C
330
17
100
AcDbEntity
  8
STAKE_NODES
100
AcDbPoint
 10
3128.000132242839
 20
314.9998982747396
 30
0.0
  0
POINT
  5
83D
330
17
100
AcDbEntity
  8
STAKE_NODES
100
AcDbPoint
 10
3128.000132242839
 20
312.0000203450521
 30
0.0
  0
POINT
  5
83E
330
17
100
AcDbEntity
  8
STAKE_NODES
100
AcDbPoint
 10
3132.000223795573
 20
313.99993896484375
 30
0.0
  0
LWPOLYLINE
  5
83F
330
17
100
AcDbEntity
  8
SANITARY_CLEAR_ZONE
100
AcDbPolyline
 90
4
 70
0
 10
3128.000132242839
 20
312.0000203450521
 10
3132.000223795573
 20
313.99993896484375
 10
3132.000223795573
 20
311.00006103515625
 10
3128.000132242839
 20
312.0000203450521
  0
POINT
  5
840
330
17
100
AcDbEntity
  8
STAKE_NODES
100
AcDbPoint
 10
3132.000223795573
 20
311.00006103515625
 30
0.0
  0
LWPOLYLINE
  5
841
330
17
100
AcDbEntity
  8
SANITARY_CLEAR_ZONE
100
AcDbPolyline
 90
4
 70
0
 10
3132.000223795573
 20
313.99993896484375
 10
3132.000223795573
 20
311.00006103515625
 10
3157.000223795573
 20
319.9999491373698
 10
3132.000223795573
 20
313.99993896484375
  0
POINT
  5
842
330
17
100
AcDbEntity
  8
STAKE_NODES
100
AcDbPoint
 10
3157.000223795573
 20
319.9999491373698
 30
0.0
  0
LWPOLYLINE
  5
843
330
17
100
AcDbEntity
  8
SANITARY_CLEAR_ZONE
100
AcDbPolyline
 90
4
 70
0
 10
3132.000223795573
 20
311.00006103515625
 10
3157.000223795573
 20
319.9999491373698
 10
3158.0001831054688
 20
316.99981689453125
 10
3132.000223795573
 20
311.00006103515625
  0
POINT
  5
844
330
17
100
AcDbEntity
  8
STAKE_NODES
100
AcDbPoint
 10
3158.0001831054688
 20
316.99981689453125
 30
0.0
  0
LINE
  5
845
330
17
100
AcDbEntity
  8
SANITARY_CLEAR_ZONE
100
AcDbLine
 10
3157.000223795573
 20
319.9999491373698
 30
0.0
 11
3158.0001831054688
 21
316.99981689453125
 31
0.0
  0
ENDSEC
  0
SECTION
  2
OBJECTS
  0
DICTIONARY
  5
A
330
0
100
AcDbDictionary
281
1
  3
ACAD_COLOR
350
B
  3
ACAD_GROUP
350
C
  3
ACAD_LAYOUT
350
D
  3
ACAD_MATERIAL
350
E
  3
ACAD_MLEADERSTYLE
350
F
  3
ACAD_MLINESTYLE
350
10
  3
ACAD_PLOTSETTINGS
350
11
  3
ACAD_PLOTSTYLENAME
350
12
  3
ACAD_SCALELIST
350
14
  3
ACAD_TABLESTYLE
350
15
  3
ACAD_VISUALSTYLE
350
16
  3
EZDXF_META
350
2D
  0
DICTIONARY
  5
B
330
A
100
AcDbDictionary
281
1
  0
DICTIONARY
  5
C
330
A
100
AcDbDictionary
281
1
  0
DICTIONARY
  5
D
330
A
100
AcDbDictionary
281
1
  3
Model
350
1A
  3
Layout1
350
1E
  0
DICTIONARY
  5
E
330
A
100
AcDbDictionary
281
1
  3
ByBlock
350
1F
  3
ByLayer
350
20
  3
Global
350
21
  0
DICTIONARY
  5
F
330
A
100
AcDbDictionary
281
1
  3
Standard
350
2C
  0
DICTIONARY
  5
10
330
A
100
AcDbDictionary
281
1
  3
Standard
350
22
  0
DICTIONARY
  5
11
330
A
100
AcDbDictionary
281
1
  0
ACDBDICTIONARYWDFLT
  5
12
330
A
100
AcDbDictionary
281
1
  3
Normal
350
13
100
AcDbDictionaryWithDefault
340
13
  0
ACDBPLACEHOLDER
  5
13
330
12
  0
DICTIONARY
  5
14
330
A
100
AcDbDictionary
281
1
  0
DICTIONARY
  5
15
330
A
100
AcDbDictionary
281
1
  0
DICTIONARY
  5
16
330
A
100
AcDbDictionary
281
1
  0
LAYOUT
  5
1A
330
D
100
AcDbPlotSettings
  1

  4
A3
  6

 40
7.5
 41
20.0
 42
7.5
 43
20.0
 44
420.0
 45
297.0
 46
0.0
 47
0.0
 48
0.0
 49
0.0
140
0.0
141
0.0
142
1.0
143
1.0
 70
1024
 72
1
 73
0
 74
5
  7

 75
16
 76
0
 77
2
 78
300
147
1.0
148
0.0
149
0.0
100
AcDbLayout
  1
Model
 70
1
 71
0
 10
0.0
 20
0.0
 11
420.0
 21
297.0
 12
0.0
 22
0.0
 32
0.0
 14
1e+20
 24
1e+20
 34
1e+20
 15
-1e+20
 25
-1e+20
 35
-1e+20
146
0.0
 13
0.0
 23
0.0
 33
0.0
 16
1.0
 26
0.0
 36
0.0
 17
0.0
 27
1.0
 37
0.0
 76
1
330
17
  0
LAYOUT
  5
1E
330
D
100
AcDbPlotSettings
  1

  4
A3
  6

 40
7.5
 41
20.0
 42
7.5
 43
20.0
 44
420.0
 45
297.0
 46
0.0
 47
0.0
 48
0.0
 49
0.0
140
0.0
141
0.0
142
1.0
143
1.0
 70
0
 72
1
 73
0
 74
5
  7

 75
16
 76
0
 77
2
 78
300
147
1.0
148
0.0
149
0.0
100
AcDbLayout
  1
Layout1
 70
1
 71
1
 10
0.0
 20
0.0
 11
420.0
 21
297.0
 12
0.0
 22
0.0
 32
0.0
 14
1e+20
 24
1e+20
 34
1e+20
 15
-1e+20
 25
-1e+20
 35
-1e+20
146
0.0
 13
0.0
 23
0.0
 33
0.0
 16
1.0
 26
0.0
 36
0.0
 17
0.0
 27
1.0
 37
0.0
 76
1
330
1B
  0
MATERIAL
  5
1F
102
{ACAD_REACTORS
330
E
102
}
330
E
100
AcDbMaterial
  1
ByBlock
  2

 70
0
 40
1.0
 71
1
 41
1.0
 91
-1023410177
 42
1.0
 72
1
  3

 73
1
 74
1
 75
1
 44
0.5
 73
0
 45
1.0
 46
1.0
 77
1
  4

 78
1
 79
1
170
1
 48
1.0
171
1
  6

172
1
173
1
174
1
140
1.0
141
1.0
175
1
  7

176
1
177
1
178
1
143
1.0
179
1
  8

270
1
271
1
272
1
145
1.0
146
1.0
273
1
  9

274
1
275
1
276
1
 42
1.0
 72
1
  3

 73
1
 74
1
 75
1
 94
63
  0
MATERIAL
  5
20
102
{ACAD_REACTORS
330
E
102
}
330
E
100
AcDbMaterial
  1
ByLayer
  2

 70
0
 40
1.0
 71
1
 41
1.0
 91
-1023410177
 42
1.0
 72
1
  3

 73
1
 74
1
 75
1
 44
0.5
 73
0
 45
1.0
 46
1.0
 77
1
  4

 78
1
 79
1
170
1
 48
1.0
171
1
  6

172
1
173
1
174
1
140
1.0
141
1.0
175
1
  7

176
1
177
1
178
1
143
1.0
179
1
  8

270
1
271
1
272
1
145
1.0
146
1.0
273
1
  9

274
1
275
1
276
1
 42
1.0
 72
1
  3

 73
1
 74
1
 75
1
 94
63
  0
MATERIAL
  5
21
102
{ACAD_REACTORS
330
E
102
}
330
E
100
AcDbMaterial
  1
Global
  2

 70
0
 40
1.0
 71
1
 41
1.0
 91
-1023410177
 42
1.0
 72
1
  3

 73
1
 74
1
 75
1
 44
0.5
 73
0
 45
1.0
 46
1.0
 77
1
  4

 78
1
 79
1
170
1
 48
1.0
171
1
  6

172
1
173
1
174
1
140
1.0
141
1.0
175
1
  7

176
1
177
1
178
1
143
1.0
179
1
  8

270
1
271
1
272
1
145
1.0
146
1.0
273
1
  9

274
1
275
1
276
1
 42
1.0
 72
1
  3

 73
1
 74
1
 75
1
 94
63
  0
MLINESTYLE
  5
22
102
{ACAD_REACTORS
330
10
102
}
330
10
100
AcDbMlineStyle
  2
Standard
 70
0
  3

 62
256
 51
90.0
 52
90.0
 71
2
 49
0.5
 62
256
  6
BYLAYER
 49
-0.5
 62
256
  6
BYLAYER
  0
MLEADERSTYLE
  5
2C
102
{ACAD_REACTORS
330
F
102
}
330
F
100
AcDbMLeaderStyle
179
2
170
2
171
1
172
0
 90
2
 40
0.0
 41
0.0
173
1
 91
-1056964608
 92
-2
290
1
 42
2.0
291
1
 43
8.0
  3
Standard
 44
4.0
300

342
29
174
1
175
1
176
0
178
1
 93
-1056964608
 45
4.0
292
0
297
0
 46
4.0
 94
-1056964608
 47
1.0
 49
1.0
140
1.0
294
1
141
0.0
177
0
142
1.0
295
0
296
0
143
3.75
271
0
272
9
273
9
  0
DICTIONARY
  5
2D
330
A
100
AcDbDictionary
280
1
281
1
  3
CREATED_BY_EZDXF
350
2E
  3
WRITTEN_BY_EZDXF
350
848
  0
DICTIONARYVAR
  5
2E
330
2D
100
DictionaryVariables
280
0
  1
1.4.4 @ 2026-08-06T12:50:30.949170+00:00
  0
DICTIONARYVAR
  5
848
330
2D
100
DictionaryVariables
280
0
  1
1.4.4 @ 2026-08-06T12:50:30.997837+00:00
  0
ENDSEC
  0
EOF
