  0
SECTION
  2
HEADER
  9
$ACADVER
  1
AC1024
  9
$ACADMAINTVER
 70
6
  9
$DWGCODEPAGE
  3
ANSI_1252
  9
$LASTSAVEDBY
  1
ezdxf
  9
$INSBASE
 10
0.0
 20
0.0
 30
0.0
  9
$EXTMIN
 10
1e+20
 20
1e+20
 30
1e+20
  9
$EXTMAX
 10
-1e+20
 20
-1e+20
 30
-1e+20
  9
$LIMMIN
 10
0.0
 20
0.0
  9
$LIMMAX
 10
420.0
 20
297.0
  9
$ORTHOMODE
 70
0
  9
$REGENMODE
 70
1
  9
$FILLMODE
 70
1
  9
$QTEXTMODE
 70
0
  9
$MIRRTEXT
 70
1
  9
$LTSCALE
 40
1.0
  9
$ATTMODE
 70
1
  9
$TEXTSIZE
 40
2.5
  9
$TRACEWID
 40
1.0
  9
$TEXTSTYLE
  7
Standard
  9
$CLAYER
  8
0
  9
$CELTYPE
  6
ByLayer
  9
$CECOLOR
 62
256
  9
$CELTSCALE
 40
1.0
  9
$DISPSILH
 70
0
  9
$DIMSCALE
 40
1.0
  9
$DIMASZ
 40
2.5
  9
$DIMEXO
 40
0.625
  9
$DIMDLI
 40
3.75
  9
$DIMRND
 40
0.0
  9
$DIMDLE
 40
0.0
  9
$DIMEXE
 40
1.25
  9
$DIMTP
 40
0.0
  9
$DIMTM
 40
0.0
  9
$DIMTXT
 40
2.5
  9
$DIMCEN
 40
2.5
  9
$DIMTSZ
 40
0.0
  9
$DIMTOL
 70
0
  9
$DIMLIM
 70
0
  9
$DIMTIH
 70
0
  9
$DIMTOH
 70
0
  9
$DIMSE1
 70
0
  9
$DIMSE2
 70
0
  9
$DIMTAD
 70
1
  9
$DIMZIN
 70
8
  9
$DIMBLK
  1

  9
$DIMASO
 70
1
  9
$DIMSHO
 70
1
  9
$DIMPOST
  1

  9
$DIMAPOST
  1

  9
$DIMALT
 70
0
  9
$DIMALTD
 70
3
  9
$DIMALTF
 40
0.03937007874
  9
$DIMLFAC
 40
1.0
  9
$DIMTOFL
 70
1
  9
$DIMTVP
 40
0.0
  9
$DIMTIX
 70
0
  9
$DIMSOXD
 70
0
  9
$DIMSAH
 70
0
  9
$DIMBLK1
  1

  9
$DIMBLK2
  1

  9
$DIMSTYLE
  2
ISO-25
  9
$DIMCLRD
 70
0
  9
$DIMCLRE
 70
0
  9
$DIMCLRT
 70
0
  9
$DIMTFAC
 40
1.0
  9
$DIMGAP
 40
0.625
  9
$DIMJUST
 70
0
  9
$DIMSD1
 70
0
  9
$DIMSD2
 70
0
  9
$DIMTOLJ
 70
0
  9
$DIMTZIN
 70
8
  9
$DIMALTZ
 70
0
  9
$DIMALTTZ
 70
0
  9
$DIMUPT
 70
0
  9
$DIMDEC
 70
2
  9
$DIMTDEC
 70
2
  9
$DIMALTU
 70
2
  9
$DIMALTTD
 70
3
  9
$DIMTXSTY
  7
Standard
  9
$DIMAUNIT
 70
0
  9
$DIMADEC
 70
0
  9
$DIMALTRND
 40
0.0
  9
$DIMAZIN
 70
0
  9
$DIMDSEP
 70
44
  9
$DIMATFIT
 70
3
  9
$DIMFRAC
 70
0
  9
$DIMLDRBLK
  1

  9
$DIMLUNIT
 70
2
  9
$DIMLWD
 70
-2
  9
$DIMLWE
 70
-2
  9
$DIMTMOVE
 70
0
  9
$DIMFXL
 40
1.0
  9
$DIMFXLON
 70
0
  9
$DIMJOGANG
 40
0.785398163397
  9
$DIMTFILL
 70
0
  9
$DIMTFILLCLR
 70
0
  9
$DIMARCSYM
 70
0
  9
$DIMLTYPE
  6

  9
$DIMLTEX1
  6

  9
$DIMLTEX2
  6

  9
$DIMTXTDIRECTION
 70
0
  9
$LUNITS
 70
2
  9
$LUPREC
 70
4
  9
$SKETCHINC
 40
1.0
  9
$FILLETRAD
 40
10.0
  9
$AUNITS
 70
0
  9
$AUPREC
 70
2
  9
$MENU
  1
.
  9
$ELEVATION
 40
0.0
  9
$PELEVATION
 40
0.0
  9
$THICKNESS
 40
0.0
  9
$LIMCHECK
 70
0
  9
$CHAMFERA
 40
0.0
  9
$CHAMFERB
 40
0.0
  9
$CHAMFERC
 40
0.0
  9
$CHAMFERD
 40
0.0
  9
$SKPOLY
 70
0
  9
$TDCREATE
 40
2461259.677361111
  9
$TDUCREATE
 40
2458532.153996898
  9
$TDUPDATE
 40
2461259.677361111
  9
$TDUUPDATE
 40
2458532.1544311
  9
$TDINDWG
 40
0.0
  9
$TDUSRTIMER
 40
0.0
  9
$USRTIMER
 70
1
  9
$ANGBASE
 50
0.0
  9
$ANGDIR
 70
0
  9
$PDMODE
 70
0
  9
$PDSIZE
 40
0.0
  9
$PLINEWID
 40
0.0
  9
$SPLFRAME
 70
0
  9
$SPLINETYPE
 70
6
  9
$SPLINESEGS
 70
8
  9
$HANDSEED
  5
4F1
  9
$SURFTAB1
 70
6
  9
$SURFTAB2
 70
6
  9
$SURFTYPE
 70
6
  9
$SURFU
 70
6
  9
$SURFV
 70
6
  9
$UCSBASE
  2

  9
$UCSNAME
  2

  9
$UCSORG
 10
0.0
 20
0.0
 30
0.0
  9
$UCSXDIR
 10
1.0
 20
0.0
 30
0.0
  9
$UCSYDIR
 10
0.0
 20
1.0
 30
0.0
  9
$UCSORTHOREF
  2

  9
$UCSORTHOVIEW
 70
0
  9
$UCSORGTOP
 10
0.0
 20
0.0
 30
0.0
  9
$UCSORGBOTTOM
 10
0.0
 20
0.0
 30
0.0
  9
$UCSORGLEFT
 10
0.0
 20
0.0
 30
0.0
  9
$UCSORGRIGHT
 10
0.0
 20
0.0
 30
0.0
  9
$UCSORGFRONT
 10
0.0
 20
0.0
 30
0.0
  9
$UCSORGBACK
 10
0.0
 20
0.0
 30
0.0
  9
$PUCSBASE
  2

  9
$PUCSNAME
  2

  9
$PUCSORG
 10
0.0
 20
0.0
 30
0.0
  9
$PUCSXDIR
 10
1.0
 20
0.0
 30
0.0
  9
$PUCSYDIR
 10
0.0
 20
1.0
 30
0.0
  9
$PUCSORTHOREF
  2

  9
$PUCSORTHOVIEW
 70
0
  9
$PUCSORGTOP
 10
0.0
 20
0.0
 30
0.0
  9
$PUCSORGBOTTOM
 10
0.0
 20
0.0
 30
0.0
  9
$PUCSORGLEFT
 10
0.0
 20
0.0
 30
0.0
  9
$PUCSORGRIGHT
 10
0.0
 20
0.0
 30
0.0
  9
$PUCSORGFRONT
 10
0.0
 20
0.0
 30
0.0
  9
$PUCSORGBACK
 10
0.0
 20
0.0
 30
0.0
  9
$USERI1
 70
0
  9
$USERI2
 70
0
  9
$USERI3
 70
0
  9
$USERI4
 70
0
  9
$USERI5
 70
0
  9
$USERR1
 40
0.0
  9
$USERR2
 40
0.0
  9
$USERR3
 40
0.0
  9
$USERR4
 40
0.0
  9
$USERR5
 40
0.0
  9
$WORLDVIEW
 70
1
  9
$SHADEDGE
 70
3
  9
$SHADEDIF
 70
70
  9
$TILEMODE
 70
1
  9
$MAXACTVP
 70
64
  9
$PINSBASE
 10
0.0
 20
0.0
 30
0.0
  9
$PLIMCHECK
 70
0
  9
$PEXTMIN
 10
1e+20
 20
1e+20
 30
1e+20
  9
$PEXTMAX
 10
-1e+20
 20
-1e+20
 30
-1e+20
  9
$PLIMMIN
 10
0.0
 20
0.0
  9
$PLIMMAX
 10
420.0
 20
297.0
  9
$UNITMODE
 70
0
  9
$VISRETAIN
 70
1
  9
$PLINEGEN
 70
0
  9
$PSLTSCALE
 70
1
  9
$TREEDEPTH
 70
3020
  9
$CMLSTYLE
  2
Standard
  9
$CMLJUST
 70
0
  9
$CMLSCALE
 40
20.0
  9
$PROXYGRAPHICS
 70
1
  9
$MEASUREMENT
 70
1
  9
$CELWEIGHT
370
-1
  9
$ENDCAPS
280
0
  9
$JOINSTYLE
280
0
  9
$LWDISPLAY
290
0
  9
$INSUNITS
 70
2
  9
$HYPERLINKBASE
  1

  9
$STYLESHEET
  1

  9
$XEDIT
290
1
  9
$CEPSNTYPE
380
0
  9
$PSTYLEMODE
290
1
  9
$FINGERPRINTGUID
  2
{8CEEC36C-D57D-4CCF-A833-6E05C76C0887}
  9
$VERSIONGUID
  2
{4398413E-A2B4-4072-90AA-0515D0AC4409}
  9
$EXTNAMES
290
1
  9
$PSVPSCALE
 40
0.0
  9
$OLESTARTUP
290
0
  9
$SORTENTS
280
127
  9
$INDEXCTL
280
0
  9
$HIDETEXT
280
1
  9
$XCLIPFRAME
280
1
  9
$HALOGAP
280
0
  9
$OBSCOLOR
 70
257
  9
$OBSLTYPE
280
0
  9
$INTERSECTIONDISPLAY
280
0
  9
$INTERSECTIONCOLOR
 70
257
  9
$DIMASSOC
280
2
  9
$PROJECTNAME
  1

  9
$CAMERADISPLAY
290
0
  9
$LENSLENGTH
 40
50.0
  9
$CAMERAHEIGHT
 40
0.0
  9
$STEPSPERSEC
 40
24.0
  9
$STEPSIZE
 40
100.0
  9
$3DDWFPREC
 40
2.0
  9
$PSOLWIDTH
 40
0.005
  9
$PSOLHEIGHT
 40
0.08
  9
$LOFTANG1
 40
1.570796326795
  9
$LOFTANG2
 40
1.570796326795
  9
$LOFTMAG1
 40
0.0
  9
$LOFTMAG2
 40
0.0
  9
$LOFTPARAM
 70
7
  9
$LOFTNORMALS
280
1
  9
$LATITUDE
 40
37.795
  9
$LONGITUDE
 40
-122.394
  9
$NORTHDIRECTION
 40
0.0
  9
$TIMEZONE
 70
-8000
  9
$LIGHTGLYPHDISPLAY
280
1
  9
$TILEMODELIGHTSYNCH
280
1
  9
$CMATERIAL
347
20
  9
$SOLIDHIST
280
0
  9
$SHOWHIST
280
1
  9
$DWFFRAME
280
2
  9
$DGNFRAME
280
2
  9
$REALWORLDSCALE
290
1
  9
$INTERFERECOLOR
 62
256
  9
$CSHADOW
280
0
  9
$SHADOWPLANELOCATION
 40
0.0
  0
ENDSEC
  0
SECTION
  2
CLASSES
  0
CLASS
  1
ACDBDICTIONARYWDFLT
  2
AcDbDictionaryWithDefault
  3
ObjectDBX Classes
 90
0
 91
0
280
0
281
0
  0
CLASS
  1
SUN
  2
AcDbSun
  3
SCENEOE
 90
1153
 91
0
280
0
281
0
  0
CLASS
  1
VISUALSTYLE
  2
AcDbVisualStyle
  3
ObjectDBX Classes
 90
4095
 91
0
280
0
281
0
  0
CLASS
  1
MATERIAL
  2
AcDbMaterial
  3
ObjectDBX Classes
 90
1153
 91
0
280
0
281
0
  0
CLASS
  1
SCALE
  2
AcDbScale
  3
ObjectDBX Classes
 90
1153
 91
0
280
0
281
0
  0
CLASS
  1
TABLESTYLE
  2
AcDbTableStyle
  3
ObjectDBX Classes
 90
4095
 91
0
280
0
281
0
  0
CLASS
  1
MLEADERSTYLE
  2
AcDbMLeaderStyle
  3
ACDB_MLEADERSTYLE_CLASS
 90
4095
 91
0
280
0
281
0
  0
CLASS
  1
DICTIONARYVAR
  2
AcDbDictionaryVar
  3
ObjectDBX Classes
 90
0
 91
0
280
0
281
0
  0
CLASS
  1
CELLSTYLEMAP
  2
AcDbCellStyleMap
  3
ObjectDBX Classes
 90
1152
 91
0
280
0
281
0
  0
CLASS
  1
MENTALRAYRENDERSETTINGS
  2
AcDbMentalRayRenderSettings
  3
SCENEOE
 90
1024
 91
0
280
0
281
0
  0
CLASS
  1
ACDBDETAILVIEWSTYLE
  2
AcDbDetailViewStyle
  3
ObjectDBX Classes
 90
1025
 91
0
280
0
281
0
  0
CLASS
  1
ACDBSECTIONVIEWSTYLE
  2
AcDbSectionViewStyle
  3
ObjectDBX Classes
 90
1025
 91
0
280
0
281
0
  0
CLASS
  1
RASTERVARIABLES
  2
AcDbRasterVariables
  3
ISM
 90
0
 91
0
280
0
281
0
  0
CLASS
  1
LAYOUT
  2
AcDbLayout
  3
ObjectDBX Classes
 90
0
 91
0
280
0
281
0
  0
CLASS
  1
ACDBPLACEHOLDER
  2
AcDbPlaceHolder
  3
ObjectDBX Classes
 90
0
 91
0
280
0
281
0
  0
ENDSEC
  0
SECTION
  2
TABLES
  0
TABLE
  2
VPORT
  5
8
330
0
100
AcDbSymbolTable
 70
1
  0
VPORT
  5
23
330
8
100
AcDbSymbolTableRecord
100
AcDbViewportTableRecord
  2
*Active
 70
0
 10
0.0
 20
0.0
 11
1.0
 21
1.0
 12
0.0
 22
0.0
 13
0.0
 23
0.0
 14
0.5
 24
0.5
 15
0.5
 25
0.5
 16
0.0
 26
0.0
 36
1.0
 17
0.0
 27
0.0
 37
0.0
 40
1000.0
 41
1.34
 42
50.0
 43
0.0
 44
0.0
 50
0.0
 51
0.0
 71
0
 72
1000
 73
1
 74
3
 75
0
 76
0
 77
0
 78
0
281
0
 65
0
146
0.0
  0
ENDTAB
  0
TABLE
  2
LTYPE
  5
2
330
0
100
AcDbSymbolTable
 70
3
  0
LTYPE
  5
24
330
2
100
AcDbSymbolTableRecord
100
AcDbLinetypeTableRecord
  2
ByBlock
 70
0
  3

 72
65
 73
0
 40
0.0
  0
LTYPE
  5
25
330
2
100
AcDbSymbolTableRecord
100
AcDbLinetypeTableRecord
  2
ByLayer
 70
0
  3

 72
65
 73
0
 40
0.0
  0
LTYPE
  5
26
330
2
100
AcDbSymbolTableRecord
100
AcDbLinetypeTableRecord
  2
Continuous
 70
0
  3

 72
65
 73
0
 40
0.0
  0
ENDTAB
  0
TABLE
  2
LAYER
  5
1
330
0
100
AcDbSymbolTable
 70
13
  0
LAYER
  5
27
330
1
100
AcDbSymbolTableRecord
100
AcDbLayerTableRecord
  2
0
 70
0
 62
7
  6
Continuous
370
-3
390
13
347
21
  0
LAYER
  5
28
330
1
100
AcDbSymbolTableRecord
100
AcDbLayerTableRecord
  2
Defpoints
 70
0
 62
7
  6
Continuous
290
0
370
-3
390
13
347
21
  0
LAYER
  5
2F
330
1
100
AcDbSymbolTableRecord
100
AcDbLayerTableRecord
  2
SILT_FENCE
 70
0
 62
3
  6
Continuous
370
-3
390
13
347
21
  0
LAYER
  5
30
330
1
100
AcDbSymbolTableRecord
100
AcDbLayerTableRecord
  2
SILT_POINTS
 70
0
 62
2
  6
Continuous
370
-3
390
13
347
21
  0
LAYER
  5
31
330
1
100
AcDbSymbolTableRecord
100
AcDbLayerTableRecord
  2
SANITARY_CLEAR_ZONE
 70
0
 62
6
  6
Continuous
370
-3
390
13
347
21
  0
LAYER
  5
32
330
1
100
AcDbSymbolTableRecord
100
AcDbLayerTableRecord
  2
SANITARY_OFFSET
 70
0
 62
6
  6
Continuous
370
-3
390
13
347
21
  0
LAYER
  5
33
330
1
100
AcDbSymbolTableRecord
100
AcDbLayerTableRecord
  2
SANITARY_BORE
 70
0
 62
5
  6
Continuous
370
-3
390
13
347
21
  0
LAYER
  5
34
330
1
100
AcDbSymbolTableRecord
100
AcDbLayerTableRecord
  2
LANDSCAPE_POND
 70
0
 62
6
  6
Continuous
370
-3
390
13
347
21
  0
LAYER
  5
35
330
1
100
AcDbSymbolTableRecord
100
AcDbLayerTableRecord
  2
SANITARY_ALIGN
 70
0
 62
1
  6
Continuous
370
-3
390
13
347
21
  0
LAYER
  5
36
330
1
100
AcDbSymbolTableRecord
100
AcDbLayerTableRecord
  2
SANITARY_OTHER
 70
0
 62
4
  6
Continuous
370
-3
390
13
347
21
  0
LAYER
  5
37
330
1
100
AcDbSymbolTableRecord
100
AcDbLayerTableRecord
  2
WETLANDS
 70
0
 62
5
  6
Continuous
370
-3
390
13
347
21
  0
LAYER
  5
38
330
1
100
AcDbSymbolTableRecord
100
AcDbLayerTableRecord
  2
BUFFER_BORING
 70
0
 62
3
  6
Continuous
370
-3
390
13
347
21
  0
LAYER
  5
39
330
1
100
AcDbSymbolTableRecord
100
AcDbLayerTableRecord
  2
CLEARING_LIMITS
 70
0
 62
4
  6
Continuous
370
-3
390
13
347
21
  0
ENDTAB
  0
TABLE
  2
STYLE
  5
5
330
0
100
AcDbSymbolTable
 70
1
  0
STYLE
  5
29
330
5
100
AcDbSymbolTableRecord
100
AcDbTextStyleTableRecord
  2
Standard
 70
0
 40
0.0
 41
1.0
 50
0.0
 71
0
 42
2.5
  3
txt
  4

  0
ENDTAB
  0
TABLE
  2
VIEW
  5
7
330
0
100
AcDbSymbolTable
 70
0
  0
ENDTAB
  0
TABLE
  2
UCS
  5
6
330
0
100
AcDbSymbolTable
 70
0
  0
ENDTAB
  0
TABLE
  2
APPID
  5
3
330
0
100
AcDbSymbolTable
 70
3
  0
APPID
  5
2A
330
3
100
AcDbSymbolTableRecord
100
AcDbRegAppTableRecord
  2
ACAD
 70
0
  0
APPID
  5
4EE
330
3
100
AcDbSymbolTableRecord
100
AcDbRegAppTableRecord
  2
HATCHBACKGROUNDCOLOR
 70
0
  0
APPID
  5
4EF
330
3
100
AcDbSymbolTableRecord
100
AcDbRegAppTableRecord
  2
EZDXF
 70
0
  0
ENDTAB
  0
TABLE
  2
DIMSTYLE
  5
4
330
0
100
AcDbSymbolTable
 70
1
100
AcDbDimStyleTable
  0
DIMSTYLE
105
2B
330
4
100
AcDbSymbolTableRecord
100
AcDbDimStyleTableRecord
  2
Standard
 70
0
 40
1.0
 41
2.5
 42
0.625
 43
3.75
 44
1.25
 45
0.0
 46
0.0
 47
0.0
 48
0.0
 49
2.5
140
2.5
141
2.5
142
0.0
143
0.03937007874
144
1.0
145
0.0
146
1.0
147
0.625
148
0.0
 69
0
 70
0
 71
0
 72
0
 73
0
 74
0
 75
0
 76
0
 77
1
 78
8
 79
3
170
0
171
3
172
1
173
0
174
0
175
0
176
0
177
0
178
0
179
2
271
2
272
2
273
2
274
3
275
0
276
0
277
2
278
44
279
0
280
0
281
0
282
0
283
0
284
8
285
0
286
0
288
0
289
3
290
0
371
-2
372
-2
  0
ENDTAB
  0
TABLE
  2
BLOCK_RECORD
  5
9
330
0
100
AcDbSymbolTable
 70
2
  0
BLOCK_RECORD
  5
17
330
9
100
AcDbSymbolTableRecord
100
AcDbBlockTableRecord
  2
*Model_Space
340
1A
 70
0
280
1
281
0
  0
BLOCK_RECORD
  5
1B
330
9
100
AcDbSymbolTableRecord
100
AcDbBlockTableRecord
  2
*Paper_Space
340
1E
 70
0
280
1
281
0
  0
ENDTAB
  0
ENDSEC
  0
SECTION
  2
BLOCKS
  0
BLOCK
  5
18
330
17
100
AcDbEntity
  8
0
100
AcDbBlockBegin
  2
*Model_Space
 70
0
 10
0.0
 20
0.0
 30
0.0
  3
*Model_Space
  1

  0
ENDBLK
  5
19
330
17
100
AcDbEntity
  8
0
100
AcDbBlockEnd
  0
BLOCK
  5
1C
330
1B
100
AcDbEntity
  8
0
100
AcDbBlockBegin
  2
*Paper_Space
 70
0
 10
0.0
 20
0.0
 30
0.0
  3
*Paper_Space
  1

  0
ENDBLK
  5
1D
330
1B
100
AcDbEntity
  8
0
100
AcDbBlockEnd
  0
ENDSEC
  0
SECTION
  2
ENTITIES
  0
POINT
  5
3A
330
17
100
AcDbEntity
  8
SILT_POINTS
100
AcDbPoint
 10
2488675.3548
 20
415370.1508
 30
0.0
  0
LWPOLYLINE
  5
3B
330
17
100
AcDbEntity
  8
SILT_FENCE
100
AcDbPolyline
 90
10
 70
0
 10
2488590.4401
 20
415422.8397
 10
2488581.947
 20
415453.4712
 10
2488582.6999
 20
415464.2537
 10
2488600.5827
 20
415483.4897
 10
2488782.4694
 20
415404.4756
 10
2488785.0424
 20
415538.18
 10
2488746.5447
 20
415562.547
 10
2488650.0828
 20
415560.0746
 10
2488578.3943
 20
415570.2964
 10
2488525.1732
 20
415573.1631
  0
POINT
  5
3C
330
17
100
AcDbEntity
  8
SILT_POINTS
100
AcDbPoint
 10
2488590.4401
 20
415422.8397
 30
0.0
  0
POINT
  5
3D
330
17
100
AcDbEntity
  8
SILT_POINTS
100
AcDbPoint
 10
2488581.947
 20
415453.4712
 30
0.0
  0
POINT
  5
3E
330
17
100
AcDbEntity
  8
SILT_POINTS
100
AcDbPoint
 10
2488582.6999
 20
415464.2537
 30
0.0
  0
POINT
  5
3F
330
17
100
AcDbEntity
  8
SILT_POINTS
100
AcDbPoint
 10
2488600.5827
 20
415483.4897
 30
0.0
  0
POINT
  5
40
330
17
100
AcDbEntity
  8
SILT_POINTS
100
AcDbPoint
 10
2488782.4694
 20
415404.4756
 30
0.0
  0
POINT
  5
41
330
17
100
AcDbEntity
  8
SILT_POINTS
100
AcDbPoint
 10
2488785.0424
 20
415538.18
 30
0.0
  0
POINT
  5
42
330
17
100
AcDbEntity
  8
SILT_POINTS
100
AcDbPoint
 10
2488746.5447
 20
415562.547
 30
0.0
  0
POINT
  5
43
330
17
100
AcDbEntity
  8
SILT_POINTS
100
AcDbPoint
 10
2488650.0828
 20
415560.0746
 30
0.0
  0
POINT
  5
44
330
17
100
AcDbEntity
  8
SILT_POINTS
100
AcDbPoint
 10
2488578.3943
 20
415570.2964
 30
0.0
  0
POINT
  5
45
330
17
100
AcDbEntity
  8
SILT_POINTS
100
AcDbPoint
 10
2488525.1732
 20
415573.1631
 30
0.0
  0
LWPOLYLINE
  5
46
330
17
100
AcDbEntity
  8
SILT_FENCE
100
AcDbPolyline
 90
5
 70
0
 10
2488548.8568
 20
415476.0081
 10
2488571.1314
 20
415469.6629
 10
2488569.7561
 20
415442.886
 10
2488553.0194
 20
415436.2293
 10
2488548.6215
 20
415341.5318
  0
POINT
  5
47
330
17
100
AcDbEntity
  8
SILT_POINTS
100
AcDbPoint
 10
2488548.8568
 20
415476.0081
 30
0.0
  0
POINT
  5
48
330
17
100
AcDbEntity
  8
SILT_POINTS
100
AcDbPoint
 10
2488571.1314
 20
415469.6629
 30
0.0
  0
POINT
  5
49
330
17
100
AcDbEntity
  8
SILT_POINTS
100
AcDbPoint
 10
2488569.7561
 20
415442.886
 30
0.0
  0
POINT
  5
4A
330
17
100
AcDbEntity
  8
SILT_POINTS
100
AcDbPoint
 10
2488553.0194
 20
415436.2293
 30
0.0
  0
POINT
  5
4B
330
17
100
AcDbEntity
  8
SILT_POINTS
100
AcDbPoint
 10
2488548.6215
 20
415341.5318
 30
0.0
  0
LWPOLYLINE
  5
4C
330
17
100
AcDbEntity
  8
SANITARY_ALIGN
100
AcDbPolyline
 90
12
 70
0
 10
2488731.5685
 20
415172.2261
 10
2488612.2126
 20
415326.0087
 10
2488522.5134
 20
415693.9729
 10
2488600.4046
 20
415850.5176
 10
2488700.701
 20
416052.0919
 10
2488982.7251
 20
416232.9887
 10
2489220.9975
 20
416281.1034
 10
2489387.1654
 20
416420.7701
 10
2489460.4519
 20
416574.8989
 10
2489463.6122
 20
416788.5305
 10
2489660.6335
 20
416805.2846
 10
2489897.1137
 20
416805.231
  0
LWPOLYLINE
  5
4D
330
17
100
AcDbEntity
  8
SANITARY_ALIGN
100
AcDbPolyline
 90
4
 70
0
 10
2489897.1137
 20
416805.231
 10
2489897.1945
 20
416571.8866
 10
2489897.2754
 20
416338.6907
 10
2489897.362
 20
416088.6907
  0
LWPOLYLINE
  5
4E
330
17
100
AcDbEntity
  8
SANITARY_ALIGN
100
AcDbPolyline
 90
2
 70
0
 10
2489897.1137
 20
416805.231
 10
2489897.0075
 20
417111.3756
  0
LINE
  5
4F
330
17
100
AcDbEntity
  8
SANITARY_BORE
100
AcDbLine
 10
2488604.9014
 20
415356.001
 30
0.0
 11
2488557.5341
 21
415550.311
 31
0.0
  0
LINE
  5
50
330
17
100
AcDbEntity
  8
SANITARY_BORE
100
AcDbLine
 10
2489693.4255
 20
416805.2565
 30
0.0
 11
2489773.4254
 21
416805.1882
 31
0.0
  0
POINT
  5
51
330
17
100
AcDbEntity
  8
SANITARY_ALIGN
100
AcDbPoint
 10
2488731.5685
 20
415172.2261
 30
825.13
  0
POINT
  5
52
330
17
100
AcDbEntity
  8
SANITARY_OFFSET
100
AcDbPoint
 10
2488751.318
 20
415187.5543
 30
0.0
  0
POINT
  5
53
330
17
100
AcDbEntity
  8
SANITARY_ALIGN
100
AcDbPoint
 10
2488612.2126
 20
415326.0087
 30
825.52
  0
POINT
  5
54
330
17
100
AcDbEntity
  8
SANITARY_OFFSET
100
AcDbPoint
 10
2488589.1887
 20
415314.8993
 30
0.0
  0
POINT
  5
55
330
17
100
AcDbEntity
  8
SANITARY_OFFSET
100
AcDbPoint
 10
2488635.2365
 20
415337.1182
 30
0.0
  0
POINT
  5
56
330
17
100
AcDbEntity
  8
SANITARY_BORE
100
AcDbPoint
 10
2488604.9014
 20
415356.001
 30
0.0
  0
POINT
  5
57
330
17
100
AcDbEntity
  8
SANITARY_BORE
100
AcDbPoint
 10
2488557.5341
 20
415550.311
 30
0.0
  0
POINT
  5
58
330
17
100
AcDbEntity
  8
SANITARY_ALIGN
100
AcDbPoint
 10
2488522.5134
 20
415693.9729
 30
826.38
  0
POINT
  5
59
330
17
100
AcDbEntity
  8
SANITARY_OFFSET
100
AcDbPoint
 10
2488548.9662
 20
415691.0166
 30
0.0
  0
POINT
  5
5A
330
17
100
AcDbEntity
  8
SANITARY_ALIGN
100
AcDbPoint
 10
2488600.4046
 20
415850.5176
 30
826.98
  0
POINT
  5
5B
330
17
100
AcDbEntity
  8
SANITARY_OFFSET
100
AcDbPoint
 10
2488622.7871
 20
415839.3809
 30
0.0
  0
POINT
  5
5C
330
17
100
AcDbEntity
  8
SANITARY_ALIGN
100
AcDbPoint
 10
2488588.7427
 20
415858.2634
 30
0.0
  0
POINT
  5
5D
330
17
100
AcDbEntity
  8
SANITARY_ALIGN
100
AcDbPoint
 10
2488700.701
 20
416052.0919
 30
827.53
  0
POINT
  5
5E
330
17
100
AcDbEntity
  8
SANITARY_OFFSET
100
AcDbPoint
 10
2488720.0086
 20
416034.7754
 30
0.0
  0
POINT
  5
5F
330
17
100
AcDbEntity
  8
SANITARY_ALIGN
100
AcDbPoint
 10
2488982.7251
 20
416232.9887
 30
828.45
  0
POINT
  5
60
330
17
100
AcDbEntity
  8
SANITARY_OFFSET
100
AcDbPoint
 10
2488992.273
 20
416209.4121
 30
0.0
  0
POINT
  5
61
330
17
100
AcDbEntity
  8
SANITARY_ALIGN
100
AcDbPoint
 10
2489220.9975
 20
416281.1034
 30
829.04
  0
POINT
  5
62
330
17
100
AcDbEntity
  8
SANITARY_OFFSET
100
AcDbPoint
 10
2489232.1993
 20
416257.8608
 30
0.0
  0
POINT
  5
63
330
17
100
AcDbEntity
  8
SANITARY_ALIGN
100
AcDbPoint
 10
2489387.1654
 20
416420.7701
 30
829.72
  0
POINT
  5
64
330
17
100
AcDbEntity
  8
SANITARY_OFFSET
100
AcDbPoint
 10
2489407.41
 20
416405.1281
 30
0.0
  0
POINT
  5
65
330
17
100
AcDbEntity
  8
SANITARY_ALIGN
100
AcDbPoint
 10
2489460.4519
 20
416574.8989
 30
830.16
  0
POINT
  5
66
330
17
100
AcDbEntity
  8
SANITARY_OFFSET
100
AcDbPoint
 10
2489485.3685
 20
416569.0827
 30
0.0
  0
POINT
  5
67
330
17
100
AcDbEntity
  8
SANITARY_ALIGN
100
AcDbPoint
 10
2489463.6122
 20
416788.5305
 30
830.69
  0
POINT
  5
68
330
17
100
AcDbEntity
  8
SANITARY_ALIGN
100
AcDbPoint
 10
2489452.0653
 20
416796.4469
 30
0.0
  0
POINT
  5
69
330
17
100
AcDbEntity
  8
SANITARY_ALIGN
100
AcDbPoint
 10
2489660.6335
 20
416805.2846
 30
830.69
  0
POINT
  5
6A
330
17
100
AcDbEntity
  8
SANITARY_OFFSET
100
AcDbPoint
 10
2489661.6839
 20
416780.2837
 30
0.0
  0
POINT
  5
6B
330
17
100
AcDbEntity
  8
SANITARY_OFFSET
100
AcDbPoint
 10
2489659.5831
 20
416830.2855
 30
0.0
  0
POINT
  5
6C
330
17
100
AcDbEntity
  8
SANITARY_BORE
100
AcDbPoint
 10
2489693.4255
 20
416805.2565
 30
0.0
  0
POINT
  5
6D
330
17
100
AcDbEntity
  8
SANITARY_BORE
100
AcDbPoint
 10
2489773.4254
 20
416805.1882
 30
0.0
  0
POINT
  5
6E
330
17
100
AcDbEntity
  8
SANITARY_ALIGN
100
AcDbPoint
 10
2489897.1137
 20
416805.231
 30
831.92
  0
POINT
  5
6F
330
17
100
AcDbEntity
  8
SANITARY_ALIGN
100
AcDbPoint
 10
2489897.0075
 20
417111.3756
 30
833.25
  0
POINT
  5
70
330
17
100
AcDbEntity
  8
SANITARY_ALIGN
100
AcDbPoint
 10
2489897.1945
 20
416571.8866
 30
833.73
  0
POINT
  5
71
330
17
100
AcDbEntity
  8
SANITARY_OFFSET
100
AcDbPoint
 10
2489872.1945
 20
416571.8779
 30
0.0
  0
POINT
  5
72
330
17
100
AcDbEntity
  8
SANITARY_ALIGN
100
AcDbPoint
 10
2489897.2754
 20
416338.6907
 30
834.81
  0
POINT
  5
73
330
17
100
AcDbEntity
  8
SANITARY_ALIGN
100
AcDbPoint
 10
2489872.2754
 20
416338.4782
 30
0.0
  0
POINT
  5
74
330
17
100
AcDbEntity
  8
SANITARY_ALIGN
100
AcDbPoint
 10
2489897.362
 20
416088.6907
 30
836.28
  0
POINT
  5
75
330
17
100
AcDbEntity
  8
SANITARY_OFFSET
100
AcDbPoint
 10
2489872.362
 20
416088.682
 30
0.0
  0
LINE
  5
76
330
17
100
AcDbEntity
  8
BUFFER_BORING
100
AcDbLine
 10
2488499.8399833236
 20
415285.01529062976
 30
0.0
 11
2488502.736851267
 21
415286.3736406288
 31
0.0
  0
LINE
  5
77
330
17
100
AcDbEntity
  8
BUFFER_BORING
100
AcDbLine
 10
2488499.750181321
 20
415281.43960455724
 30
0.0
 11
2488507.376108759
 21
415285.89898752794
 31
0.0
  0
LINE
  5
78
330
17
100
AcDbEntity
  8
BUFFER_BORING
100
AcDbLine
 10
2488499.6600109944
 20
415277.86374577647
 30
0.0
 11
2488513.079305995
 21
415285.03965603706
 31
0.0
  0
LINE
  5
79
330
17
100
AcDbEntity
  8
BUFFER_BORING
100
AcDbLine
 10
2488498.89084983
 20
415275.7364073214
 30
0.0
 11
2488518.782503231
 21
415284.18032454624
 31
0.0
  0
LINE
  5
7A
330
17
100
AcDbEntity
  8
BUFFER_BORING
100
AcDbLine
 10
2488498.8007773114
 20
415272.1608190568
 30
0.0
 11
2488523.421760723
 21
415283.70567144535
 31
0.0
  0
LINE
  5
7B
330
17
100
AcDbEntity
  8
BUFFER_BORING
100
AcDbLine
 10
2488498.710606985
 20
415268.584960276
 30
0.0
 11
2488529.1249579587
 21
415282.84633995447
 31
0.0
  0
LINE
  5
7C
330
17
100
AcDbEntity
  8
BUFFER_BORING
100
AcDbLine
 10
2488497.5568652386
 20
415265.39395259344
 30
0.0
 11
2488535.2128335843
 21
415283.0509482072
 31
0.0
  0
LINE
  5
7D
330
17
100
AcDbEntity
  8
BUFFER_BORING
100
AcDbLine
 10
2488497.466694912
 20
415261.81809381273
 30
0.0
 11
2488539.852091077
 21
415282.5762951064
 31
0.0
  0
LINE
  5
7E
330
17
100
AcDbEntity
  8
BUFFER_BORING
100
AcDbLine
 10
2488497.3766223933
 20
415258.24250554806
 30
0.0
 11
2488545.5555588286
 21
415281.7168658076
 31
0.0
  0
LINE
  5
7F
330
17
100
AcDbEntity
  8
BUFFER_BORING
100
AcDbLine
 10
2488496.607363421
 20
415256.1148965769
 30
0.0
 11
2488551.258485548
 21
415280.8576321246
 31
0.0
  0
LINE
  5
80
330
17
100
AcDbEntity
  8
BUFFER_BORING
100
AcDbLine
 10
2488496.5172909023
 20
415252.53930831223
 30
0.0
 11
2488556.961780592
 21
415279.9985711499
 31
0.0
  0
LINE
  5
81
330
17
100
AcDbEntity
  8
BUFFER_BORING
100
AcDbLine
 10
2488496.4271205757
 20
415248.9634495315
 30
0.0
 11
2488561.6013086
 21
415279.5238202411
 31
0.0
  0
LINE
  5
82
330
17
100
AcDbEntity
  8
BUFFER_BORING
100
AcDbLine
 10
2488495.273378829
 20
415245.77244184894
 30
0.0
 11
2488567.30423532
 21
415278.6645865581
 31
0.0
  0
LINE
  5
83
330
17
100
AcDbEntity
  8
BUFFER_BORING
100
AcDbLine
 10
2488495.1833063103
 20
415242.19685358426
 30
0.0
 11
2488573.392283654
 21
415278.8688264869
 31
0.0
  0
LINE
  5
84
330
17
100
AcDbEntity
  8
BUFFER_BORING
100
AcDbLine
 10
2488495.0934065
 20
415238.62089699565
 30
0.0
 11
2488578.031541146
 21
415278.39417338604
 31
0.0
  0
LINE
  5
85
330
17
100
AcDbEntity
  8
BUFFER_BORING
100
AcDbLine
 10
2488495.003236173
 20
415235.0450382149
 30
0.0
 11
2488583.734467866
 21
415277.53493970307
 31
0.0
  0
LINE
  5
86
330
17
100
AcDbEntity
  8
BUFFER_BORING
100
AcDbLine
 10
2488494.234075009
 20
415232.9176997598
 30
0.0
 11
2488589.4380334257
 21
415276.6757809204
 31
0.0
  0
LINE
  5
87
330
17
100
AcDbEntity
  8
BUFFER_BORING
100
AcDbLine
 10
2488494.14400249
 20
415229.3421114952
 30
0.0
 11
2488594.0772909177
 21
415276.20112781954
 31
0.0
  0
LINE
  5
88
330
17
100
AcDbEntity
  8
BUFFER_BORING
100
AcDbLine
 10
2488494.0541026797
 20
415225.76615490654
 30
0.0
 11
2488599.7804881535
 21
415275.34179632866
 31
0.0
  0
LINE
  5
89
330
17
100
AcDbEntity
  8
BUFFER_BORING
100
AcDbLine
 10
2488492.9003609335
 20
415222.575147224
 30
0.0
 11
2488605.483685389
 21
415274.48246483784
 31
0.0
  0
LINE
  5
8A
330
17
100
AcDbEntity
  8
BUFFER_BORING
100
AcDbLine
 10
2488492.810190607
 20
415218.99928844324
 30
0.0
 11
2488610.5076212715
 21
415275.0717514805
 31
0.0
  0
LINE
  5
8B
330
17
100
AcDbEntity
  8
BUFFER_BORING
100
AcDbLine
 10
2488492.7201180877
 20
415215.42370017857
 30
0.0
 11
2488611.8657007543
 21
415272.1749813452
 31
0.0
  0
LINE
  5
8C
330
17
100
AcDbEntity
  8
BUFFER_BORING
100
AcDbLine
 10
2488491.950956924
 20
415213.2963617235
 30
0.0
 11
2488611.775898752
 21
415268.59929527267
 31
0.0
  0
LINE
  5
8D
330
17
100
AcDbEntity
  8
BUFFER_BORING
100
AcDbLine
 10
2488491.8607865972
 20
415209.7205029428
 30
0.0
 11
2488611.685728425
 21
415265.0234364919
 31
0.0
  0
LINE
  5
8E
330
17
100
AcDbEntity
  8
BUFFER_BORING
100
AcDbLine
 10
2488491.7706162706
 20
415206.14464416204
 30
0.0
 11
2488611.9802364884
 21
415262.51151745475
 31
0.0
  0
LINE
  5
8F
330
17
100
AcDbEntity
  8
BUFFER_BORING
100
AcDbLine
 10
2488490.616874524
 20
415202.95363647945
 30
0.0
 11
2488610.826396934
 21
415259.32023925614
 31
0.0
  0
LINE
  5
90
330
17
100
AcDbEntity
  8
BUFFER_BORING
100
AcDbLine
 10
2488490.5268020052
 20
415199.3780482148
 30
0.0
 11
2488610.7365949317
 21
415255.7445531836
 31
0.0
  0
LINE
  5
91
330
17
100
AcDbEntity
  8
BUFFER_BORING
100
AcDbLine
 10
2488490.4366316786
 20
415195.80218943406
 30
0.0
 11
2488610.646424605
 21
415252.16869440285
 31
0.0
  0
LINE
  5
92
330
17
100
AcDbEntity
  8
BUFFER_BORING
100
AcDbLine
 10
2488490.34655916
 20
415192.2266011694
 30
0.0
 11
2488609.4926828584
 21
415248.97768672026
 31
0.0
  0
LINE
  5
93
330
17
100
AcDbEntity
  8
BUFFER_BORING
100
AcDbLine
 10
2488489.5773001877
 20
415190.09899219824
 30
0.0
 11
2488609.4025125317
 21
415245.40182793955
 31
0.0
  0
LINE
  5
94
330
17
100
AcDbEntity
  8
BUFFER_BORING
100
AcDbLine
 10
2488489.487227669
 20
415186.5234039336
 30
0.0
 11
2488609.6970205954
 21
415242.8899089024
 31
0.0
  0
LINE
  5
95
330
17
100
AcDbEntity
  8
BUFFER_BORING
100
AcDbLine
 10
2488489.3970573423
 20
415182.94754515286
 30
0.0
 11
2488608.5432788488
 21
415239.6989012198
 31
0.0
  0
LINE
  5
96
330
17
100
AcDbEntity
  8
BUFFER_BORING
100
AcDbLine
 10
2488488.243315596
 20
415179.75653747027
 30
0.0
 11
2488608.453108522
 21
415236.12304243905
 31
0.0
  0
LINE
  5
97
330
17
100
AcDbEntity
  8
BUFFER_BORING
100
AcDbLine
 10
2488488.1534157856
 20
415176.18058088166
 30
0.0
 11
2488608.3630360034
 21
415232.5474541744
 31
0.0
  0
LINE
  5
98
330
17
100
AcDbEntity
  8
BUFFER_BORING
100
AcDbLine
 10
2488488.063343267
 20
415172.604992617
 30
0.0
 11
2488607.2091964493
 21
415229.35617597576
 31
0.0
  0
LINE
  5
99
330
17
100
AcDbEntity
  8
BUFFER_BORING
100
AcDbLine
 10
2488487.2941821027
 20
415170.4776541619
 30
0.0
 11
2488607.1191239306
 21
415225.7805877111
 31
0.0
  0
LINE
  5
9A
330
17
100
AcDbEntity
  8
BUFFER_BORING
100
AcDbLine
 10
2488487.204011776
 20
415166.9017953812
 30
0.0
 11
2488607.413534186
 21
415223.26839815784
 31
0.0
  0
LINE
  5
9B
330
17
100
AcDbEntity
  8
BUFFER_BORING
100
AcDbLine
 10
2488487.114209773
 20
415163.32610930863
 30
0.0
 11
2488607.323461667
 21
415219.69280989317
 31
0.0
  0
LINE
  5
9C
330
17
100
AcDbEntity
  8
BUFFER_BORING
100
AcDbLine
 10
2488485.960370219
 20
415160.13483111
 30
0.0
 11
2488606.169622113
 21
415216.50153169455
 31
0.0
  0
LINE
  5
9D
330
17
100
AcDbEntity
  8
BUFFER_BORING
100
AcDbLine
 10
2488485.8702977
 20
415156.55924284534
 30
0.0
 11
2488606.0798201105
 21
415212.925845622
 31
0.0
  0
LINE
  5
9E
330
17
100
AcDbEntity
  8
BUFFER_BORING
100
AcDbLine
 10
2488485.7801273735
 20
415152.9833840646
 30
0.0
 11
2488605.989649784
 21
415209.34998684126
 31
0.0
  0
LINE
  5
9F
330
17
100
AcDbEntity
  8
BUFFER_BORING
100
AcDbLine
 10
2488486.0746354368
 20
415150.4714650274
 30
0.0
 11
2488604.8359080376
 21
415206.1589791587
 31
0.0
  0
LINE
  5
A0
330
17
100
AcDbEntity
  8
BUFFER_BORING
100
AcDbLine
 10
2488484.9207958826
 20
415147.2801868288
 30
0.0
 11
2488604.7458355185
 21
415202.583390894
 31
0.0
  0
LINE
  5
A1
330
17
100
AcDbEntity
  8
BUFFER_BORING
100
AcDbLine
 10
2488484.830723364
 20
415143.70459856413
 30
0.0
 11
2488605.0405162903
 21
415200.0711035329
 31
0.0
  0
LINE
  5
A2
330
17
100
AcDbEntity
  8
BUFFER_BORING
100
AcDbLine
 10
2488484.7405530373
 20
415140.12873978337
 30
0.0
 11
2488603.8867745437
 21
415196.8800958503
 31
0.0
  0
LINE
  5
A3
330
17
100
AcDbEntity
  8
BUFFER_BORING
100
AcDbLine
 10
2488483.586811291
 20
415136.93773210084
 30
0.0
 11
2488603.796604217
 21
415193.3042370696
 31
0.0
  0
LINE
  5
A4
330
17
100
AcDbEntity
  8
BUFFER_BORING
100
AcDbLine
 10
2488483.4966409644
 20
415133.3618733201
 30
0.0
 11
2488603.7065316983
 21
415189.72864880494
 31
0.0
  0
LINE
  5
A5
330
17
100
AcDbEntity
  8
BUFFER_BORING
100
AcDbLine
 10
2488483.4065684457
 20
415129.7862850554
 30
0.0
 11
2488602.552692144
 21
415186.53737060627
 31
0.0
  0
LINE
  5
A6
330
17
100
AcDbEntity
  8
BUFFER_BORING
100
AcDbLine
 10
2488482.6374072814
 20
415127.65894660034
 30
0.0
 11
2488602.4626196255
 21
415182.96178234165
 31
0.0
  0
LINE
  5
A7
330
17
100
AcDbEntity
  8
BUFFER_BORING
100
AcDbLine
 10
2488482.547236955
 20
415124.0830878196
 30
0.0
 11
2488602.757029881
 21
415180.4495927884
 31
0.0
  0
LINE
  5
A8
330
17
100
AcDbEntity
  8
BUFFER_BORING
100
AcDbLine
 10
2488482.457434952
 20
415120.50740174705
 30
0.0
 11
2488602.666957362
 21
415176.87400452374
 31
0.0
  0
LINE
  5
A9
330
17
100
AcDbEntity
  8
BUFFER_BORING
100
AcDbLine
 10
2488481.3035953976
 20
415117.31612354843
 30
0.0
 11
2488601.513215616
 21
415173.68299684115
 31
0.0
  0
LINE
  5
AA
330
17
100
AcDbEntity
  8
BUFFER_BORING
100
AcDbLine
 10
2488481.213522879
 20
415113.74053528375
 30
0.0
 11
2488601.4230452892
 21
415170.10713806044
 31
0.0
  0
LINE
  5
AB
330
17
100
AcDbEntity
  8
BUFFER_BORING
100
AcDbLine
 10
2488481.1233525523
 20
415110.164676503
 30
0.0
 11
2488601.3328749626
 21
415166.5312792797
 31
0.0
  0
LINE
  5
AC
330
17
100
AcDbEntity
  8
BUFFER_BORING
100
AcDbLine
 10
2488481.4181311317
 20
415107.652659658
 30
0.0
 11
2488600.1791332164
 21
415163.3402715971
 31
0.0
  0
LINE
  5
AD
330
17
100
AcDbEntity
  8
BUFFER_BORING
100
AcDbLine
 10
2488480.2642915775
 20
415104.4613814593
 30
0.0
 11
2488600.0890606972
 21
415159.7646833324
 31
0.0
  0
LINE
  5
AE
330
17
100
AcDbEntity
  8
BUFFER_BORING
100
AcDbLine
 10
2488480.174219059
 20
415100.8857931947
 30
0.0
 11
2488600.383470953
 21
415157.25249377923
 31
0.0
  0
LINE
  5
AF
330
17
100
AcDbEntity
  8
BUFFER_BORING
100
AcDbLine
 10
2488480.08414654
 20
415097.31020493
 30
0.0
 11
2488599.2297292068
 21
415154.06148609665
 31
0.0
  0
LINE
  5
B0
330
17
100
AcDbEntity
  8
BUFFER_BORING
100
AcDbLine
 10
2488478.930306986
 20
415094.11892673135
 30
0.0
 11
2488599.139829396
 21
415150.48552950803
 31
0.0
  0
LINE
  5
B1
330
17
100
AcDbEntity
  8
BUFFER_BORING
100
AcDbLine
 10
2488478.8401366593
 20
415090.54306795064
 30
0.0
 11
2488599.049756877
 21
415146.90994124336
 31
0.0
  0
LINE
  5
B2
330
17
100
AcDbEntity
  8
BUFFER_BORING
100
AcDbLine
 10
2488478.7500641407
 20
415086.96747968596
 30
0.0
 11
2488597.895917323
 21
415143.7186630447
 31
0.0
  0
LINE
  5
B3
330
17
100
AcDbEntity
  8
BUFFER_BORING
100
AcDbLine
 10
2488477.9809029764
 20
415084.8401412309
 30
0.0
 11
2488597.8058448043
 21
415140.14307478006
 31
0.0
  0
LINE
  5
B4
330
17
100
AcDbEntity
  8
BUFFER_BORING
100
AcDbLine
 10
2488477.8907326497
 20
415081.26428245014
 30
0.0
 11
2488598.1005255757
 21
415137.6307874189
 31
0.0
  0
LINE
  5
B5
330
17
100
AcDbEntity
  8
BUFFER_BORING
100
AcDbLine
 10
2488477.8006601306
 20
415077.68869418546
 30
0.0
 11
2488598.010453057
 21
415134.05519915425
 31
0.0
  0
LINE
  5
B6
330
17
100
AcDbEntity
  8
BUFFER_BORING
100
AcDbLine
 10
2488476.6468205764
 20
415074.49741598684
 30
0.0
 11
2488596.856711311
 21
415130.8641914717
 31
0.0
  0
LINE
  5
B7
330
17
100
AcDbEntity
  8
BUFFER_BORING
100
AcDbLine
 10
2488476.5567480577
 20
415070.92182772217
 30
0.0
 11
2488596.766540984
 21
415127.28833269095
 31
0.0
  0
LINE
  5
B8
330
17
100
AcDbEntity
  8
BUFFER_BORING
100
AcDbLine
 10
2488476.466577731
 20
415067.3459689414
 30
0.0
 11
2488596.6764684655
 21
415123.7127444263
 31
0.0
  0
LINE
  5
B9
330
17
100
AcDbEntity
  8
BUFFER_BORING
100
AcDbLine
 10
2488476.7610857943
 20
415064.83404990425
 30
0.0
 11
2488595.5226289113
 21
415120.52146622766
 31
0.0
  0
LINE
  5
BA
330
17
100
AcDbEntity
  8
BUFFER_BORING
100
AcDbLine
 10
2488475.60724624
 20
415061.64277170564
 30
0.0
 11
2488595.8171369745
 21
415118.0095471905
 31
0.0
  0
LINE
  5
BB
330
17
100
AcDbEntity
  8
BUFFER_BORING
100
AcDbLine
 10
2488481.3108118
 20
415060.783612923
 30
0.0
 11
2488595.726966648
 21
415114.43368840974
 31
0.0
  0
LINE
  5
BC
330
17
100
AcDbEntity
  8
BUFFER_BORING
100
AcDbLine
 10
2488487.01373852
 20
415059.92437924
 30
0.0
 11
2488594.573224901
 21
415111.24268072715
 31
0.0
  0
LINE
  5
BD
330
17
100
AcDbEntity
  8
BUFFER_BORING
100
AcDbLine
 10
2488491.653266528
 20
415059.44962833123
 30
0.0
 11
2488594.4830545746
 21
415107.66682194645
 31
0.0
  0
LINE
  5
BE
330
17
100
AcDbEntity
  8
BUFFER_BORING
100
AcDbLine
 10
2488497.356463764
 20
415058.5902968404
 30
0.0
 11
2488594.392982056
 21
415104.0912336818
 31
0.0
  0
LINE
  5
BF
330
17
100
AcDbEntity
  8
BUFFER_BORING
100
AcDbLine
 10
2488503.4440688738
 20
415058.795002901
 30
0.0
 11
2488593.2391425017
 21
415100.8999554831
 31
0.0
  0
LINE
  5
C0
330
17
100
AcDbEntity
  8
BUFFER_BORING
100
AcDbLine
 10
2488509.1475366256
 20
415057.93557360227
 30
0.0
 11
2488593.149069983
 21
415097.3243672185
 31
0.0
  0
LINE
  5
C1
330
17
100
AcDbEntity
  8
BUFFER_BORING
100
AcDbLine
 10
2488513.7867941177
 20
415057.4609205014
 30
0.0
 11
2488593.4438485624
 21
415094.8123503734
 31
0.0
  0
LINE
  5
C2
330
17
100
AcDbEntity
  8
BUFFER_BORING
100
AcDbLine
 10
2488519.4899913534
 20
415056.60158901056
 30
0.0
 11
2488593.353678236
 21
415091.23649159266
 31
0.0
  0
LINE
  5
C3
330
17
100
AcDbEntity
  8
BUFFER_BORING
100
AcDbLine
 10
2488525.193188589
 20
415055.7422575197
 30
0.0
 11
2488592.1999364896
 21
415088.04548391013
 31
0.0
  0
LINE
  5
C4
330
17
100
AcDbEntity
  8
BUFFER_BORING
100
AcDbLine
 10
2488529.8324460816
 20
415055.2676044188
 30
0.0
 11
2488592.109766163
 21
415084.46962512936
 31
0.0
  0
LINE
  5
C5
330
17
100
AcDbEntity
  8
BUFFER_BORING
100
AcDbLine
 10
2488535.5356433173
 20
415054.408272928
 30
0.0
 11
2488592.01996416
 21
415080.89393905684
 31
0.0
  0
LINE
  5
C6
330
17
100
AcDbEntity
  8
BUFFER_BORING
100
AcDbLine
 10
2488541.623518943
 20
415054.6128811807
 30
0.0
 11
2488590.8661246058
 21
415077.70266085817
 31
0.0
  0
LINE
  5
C7
330
17
100
AcDbEntity
  8
BUFFER_BORING
100
AcDbLine
 10
2488546.2627764354
 20
415054.1382280798
 30
0.0
 11
2488591.1606326695
 21
415075.190741821
 31
0.0
  0
LINE
  5
C8
330
17
100
AcDbEntity
  8
BUFFER_BORING
100
AcDbLine
 10
2488551.966244187
 20
415053.2787987811
 30
0.0
 11
2488591.070462343
 21
415071.6148830403
 31
0.0
  0
LINE
  5
C9
330
17
100
AcDbEntity
  8
BUFFER_BORING
100
AcDbLine
 10
2488557.669170907
 20
415052.4195650981
 30
0.0
 11
2488589.916720596
 21
415068.4238753577
 31
0.0
  0
LINE
  5
CA
330
17
100
AcDbEntity
  8
BUFFER_BORING
100
AcDbLine
 10
2488562.308428399
 20
415051.94491199724
 30
0.0
 11
2488589.8265502695
 21
415064.84801657696
 31
0.0
  0
LINE
  5
CB
330
17
100
AcDbEntity
  8
BUFFER_BORING
100
AcDbLine
 10
2488568.0119939586
 20
415051.08575321455
 30
0.0
 11
2488589.736477751
 21
415061.2724283123
 31
0.0
  0
LINE
  5
CC
330
17
100
AcDbEntity
  8
BUFFER_BORING
100
AcDbLine
 10
2488573.714920678
 20
415050.22651953157
 30
0.0
 11
2488589.646405232
 21
415057.69684004766
 31
0.0
  0
LINE
  5
CD
330
17
100
AcDbEntity
  8
BUFFER_BORING
100
AcDbLine
 10
2488578.7390292687
 20
415050.81543785037
 30
0.0
 11
2488588.492565678
 21
415054.505561849
 31
0.0
  0
LINE
  5
CE
330
17
100
AcDbEntity
  8
BUFFER_BORING
100
AcDbLine
 10
2488584.4422265044
 20
415049.9561063595
 30
0.0
 11
2488588.787073741
 21
415051.99364281184
 31
0.0
  0
LWPOLYLINE
  5
CF
330
17
100
AcDbEntity
  8
CLEARING_LIMITS
100
AcDbPolyline
 90
4
 70
0
 10
2488516.404910233
 20
415473.8743885919
 10
2488524.6203948297
 20
415473.30973787257
 10
2488522.1253542816
 20
415516.3085155714
 10
2488516.404910233
 20
415473.8743885919
  0
LWPOLYLINE
  5
D0
330
17
100
AcDbEntity
  8
CLEARING_LIMITS
100
AcDbPolyline
 90
4
 70
0
 10
2488524.6203948297
 20
415473.30973787257
 10
2488522.1253542816
 20
415516.3085155714
 10
2488530.3405683623
 20
415515.74396265997
 10
2488524.6203948297
 20
415473.30973787257
  0
LWPOLYLINE
  5
D1
330
17
100
AcDbEntity
  8
CLEARING_LIMITS
100
AcDbPolyline
 90
4
 70
0
 10
2488523.6394090103
 20
415533.80278566875
 10
2488532.918465027
 20
415532.85328385123
 10
2488526.217305675
 20
415550.91210686
 10
2488523.6394090103
 20
415533.80278566875
  0
LWPOLYLINE
  5
D2
330
17
100
AcDbEntity
  8
CLEARING_LIMITS
100
AcDbPolyline
 90
4
 70
0
 10
2488532.918465027
 20
415532.85328385123
 10
2488526.217305675
 20
415550.91210686
 10
2488535.1115105934
 20
415548.8990336229
 10
2488532.918465027
 20
415532.85328385123
  0
LWPOLYLINE
  5
D3
330
17
100
AcDbEntity
  8
CLEARING_LIMITS
100
AcDbPolyline
 90
4
 70
0
 10
2488528.4106217576
 20
415566.9577588238
 10
2488537.689136742
 20
415566.00845262205
 10
2488531.2827559696
 20
415581.55525878584
 10
2488528.4106217576
 20
415566.9577588238
  0
LWPOLYLINE
  5
D4
330
17
100
AcDbEntity
  8
CLEARING_LIMITS
100
AcDbPolyline
 90
4
 70
0
 10
2488537.689136742
 20
415566.00845262205
 10
2488531.2827559696
 20
415581.55525878584
 10
2488539.1132916603
 20
415579.9267661308
 10
2488537.689136742
 20
415566.00845262205
  0
LWPOLYLINE
  5
D5
330
17
100
AcDbEntity
  8
CLEARING_LIMITS
100
AcDbPolyline
 90
4
 70
0
 10
2488531.667336552
 20
415582.61892801337
 10
2488538.7287110784
 20
415578.86309690325
 10
2488532.821176106
 20
415585.81020621205
 10
2488531.667336552
 20
415582.61892801337
  0
LWPOLYLINE
  5
D6
330
17
100
AcDbEntity
  8
CLEARING_LIMITS
100
AcDbPolyline
 90
4
 70
0
 10
2488538.7287110784
 20
415578.86309690325
 10
2488532.821176106
 20
415585.81020621205
 10
2488540.561639278
 20
415580.6061252923
 10
2488538.7287110784
 20
415578.86309690325
  0
LWPOLYLINE
  5
D7
330
17
100
AcDbEntity
  8
CLEARING_LIMITS
100
AcDbPolyline
 90
4
 70
0
 10
2488541.39677807
 20
415599.54827687534
 10
2488548.45788208
 20
415595.7925435731
 10
2488583.68515583
 20
415673.26330272184
 10
2488541.39677807
 20
415599.54827687534
  0
LWPOLYLINE
  5
D8
330
17
100
AcDbEntity
  8
CLEARING_LIMITS
100
AcDbPolyline
 90
4
 70
0
 10
2488548.45788208
 20
415595.7925435731
 10
2488583.68515583
 20
415673.26330272184
 10
2488590.7465303564
 20
415669.5074716118
 10
2488548.45788208
 20
415595.7925435731
  0
LWPOLYLINE
  5
D9
330
17
100
AcDbEntity
  8
CLEARING_LIMITS
100
AcDbPolyline
 90
4
 70
0
 10
2488591.58149644
 20
415688.44999151875
 10
2488599.706712902
 20
415684.30921150255
 10
2488600.54140847
 20
415703.2518292174
 10
2488591.58149644
 20
415688.44999151875
  0
LWPOLYLINE
  5
DA
330
17
100
AcDbEntity
  8
CLEARING_LIMITS
100
AcDbPolyline
 90
4
 70
0
 10
2488599.706712902
 20
415684.30921150255
 10
2488600.54140847
 20
415703.2518292174
 10
2488608.2821421577
 20
415698.04765048984
 10
2488599.706712902
 20
415684.30921150255
  0
LWPOLYLINE
  5
DB
330
17
100
AcDbEntity
  8
CLEARING_LIMITS
100
AcDbPolyline
 90
4
 70
0
 10
2488608.437921788
 20
415718.43814969034
 10
2488616.17838496
 20
415713.2340687706
 10
2488617.013523752
 20
415732.17622035363
 10
2488608.437921788
 20
415718.43814969034
  0
LWPOLYLINE
  5
DC
330
17
100
AcDbEntity
  8
CLEARING_LIMITS
100
AcDbPolyline
 90
4
 70
0
 10
2488616.17838496
 20
415713.2340687706
 10
2488617.013523752
 20
415732.17622035363
 10
2488625.13829699
 20
415728.03590646933
 10
2488616.17838496
 20
415713.2340687706
  0
LWPOLYLINE
  5
DD
330
17
100
AcDbEntity
  8
CLEARING_LIMITS
100
AcDbPolyline
 90
4
 70
0
 10
2488625.9735335894
 20
415746.9783285684
 10
2488633.0349081163
 20
415743.22249745834
 10
2488668.2619113494
 20
415820.69335441495
 10
2488625.9735335894
 20
415746.9783285684
  0
LWPOLYLINE
  5
DE
330
17
100
AcDbEntity
  8
CLEARING_LIMITS
100
AcDbPolyline
 90
4
 70
0
 10
2488633.0349081163
 20
415743.22249745834
 10
2488668.2619113494
 20
415820.69335441495
 10
2488676.386857296
 20
415816.5526722067
 10
2488633.0349081163
 20
415743.22249745834
  0
LWPOLYLINE
  5
DF
330
17
100
AcDbEntity
  8
CLEARING_LIMITS
100
AcDbPolyline
 90
4
 70
0
 10
2488676.158154152
 20
415835.8797726958
 10
2488683.89888784
 20
415830.67559396813
 10
2488685.1181639894
 20
415850.68188091053
 10
2488676.158154152
 20
415835.8797726958
  0
LWPOLYLINE
  5
E0
330
17
100
AcDbEntity
  8
CLEARING_LIMITS
100
AcDbPolyline
 90
4
 70
0
 10
2488683.89888784
 20
415830.67559396813
 10
2488685.1181639894
 20
415850.68188091053
 10
2488692.8587998697
 20
415845.47743166686
 10
2488683.89888784
 20
415830.67559396813
  0
LWPOLYLINE
  5
E1
330
17
100
AcDbEntity
  8
CLEARING_LIMITS
100
AcDbPolyline
 90
4
 70
0
 10
2488692.6300967257
 20
415864.8045321559
 10
2488700.75514048
 20
415860.6641204637
 10
2488701.590279272
 20
415879.60627204675
 10
2488692.6300967257
 20
415864.8045321559
  0
LWPOLYLINE
  5
E2
330
17
100
AcDbEntity
  8
CLEARING_LIMITS
100
AcDbPolyline
 90
4
 70
0
 10
2488700.75514048
 20
415860.6641204637
 10
2488701.590279272
 20
415879.60627204675
 10
2488709.7150525097
 20
415875.46595816244
 10
2488700.75514048
 20
415860.6641204637
  0
LWPOLYLINE
  5
E3
330
17
100
AcDbEntity
  8
CLEARING_LIMITS
100
AcDbPolyline
 90
4
 70
0
 10
2488710.5501913014
 20
415894.4081097454
 10
2488718.675235056
 20
415890.2676980532
 10
2488752.8385690614
 20
415968.123135592
 10
2488710.5501913014
 20
415894.4081097454
  0
LWPOLYLINE
  5
E4
330
17
100
AcDbEntity
  8
CLEARING_LIMITS
100
AcDbPolyline
 90
4
 70
0
 10
2488718.675235056
 20
415890.2676980532
 10
2488752.8385690614
 20
415968.123135592
 10
2488760.5793027496
 20
415962.9189568644
 10
2488718.675235056
 20
415890.2676980532
  0
LWPOLYLINE
  5
E5
330
17
100
AcDbEntity
  8
CLEARING_LIMITS
100
AcDbPolyline
 90
4
 70
0
 10
2488760.734909672
 20
415983.3098243889
 10
2488768.475545552
 20
415978.10537514515
 10
2488769.3105116356
 20
415997.0478950522
 10
2488760.734909672
 20
415983.3098243889
  0
LWPOLYLINE
  5
E6
330
17
100
AcDbEntity
  8
CLEARING_LIMITS
100
AcDbPolyline
 90
4
 70
0
 10
2488768.475545552
 20
415978.10537514515
 10
2488769.3105116356
 20
415997.0478950522
 10
2488777.4355553896
 20
415992.90748336
 10
2488768.475545552
 20
415978.10537514515
  0
LWPOLYLINE
  5
E7
330
17
100
AcDbEntity
  8
CLEARING_LIMITS
100
AcDbPolyline
 90
4
 70
0
 10
2488778.270743085
 20
416011.849770201
 10
2488785.331847096
 20
416008.0940368988
 10
2488786.1670347913
 20
416027.03632373986
 10
2488778.270743085
 20
416011.849770201
  0
LWPOLYLINE
  5
E8
330
17
100
AcDbEntity
  8
CLEARING_LIMITS
100
AcDbPolyline
 90
4
 70
0
 10
2488785.331847096
 20
416008.0940368988
 10
2488786.1670347913
 20
416027.03632373986
 10
2488794.2920296416
 20
416022.89577678964
 10
2488785.331847096
 20
416008.0940368988
  0
LWPOLYLINE
  5
E9
330
17
100
AcDbEntity
  8
CLEARING_LIMITS
100
AcDbPolyline
 90
4
 70
0
 10
2488795.1269468213
 20
416041.8381614385
 10
2488802.8676805096
 20
416036.63398271095
 10
2488837.4153245813
 20
416115.5531872851
 10
2488795.1269468213
 20
416041.8381614385
  0
LWPOLYLINE
  5
EA
330
17
100
AcDbEntity
  8
CLEARING_LIMITS
100
AcDbPolyline
 90
4
 70
0
 10
2488802.8676805096
 20
416036.63398271095
 10
2488837.4153245813
 20
416115.5531872851
 10
2488845.1560093653
 20
416110.34887329943
 10
2488802.8676805096
 20
416036.63398271095
  0
LWPOLYLINE
  5
EB
330
17
100
AcDbEntity
  8
CLEARING_LIMITS
100
AcDbPolyline
 90
4
 70
0
 10
2488844.927035705
 20
416129.6760715964
 10
2488853.0523010716
 20
416125.53542683827
 10
2488853.8872182514
 20
416144.4778114872
 10
2488844.927035705
 20
416129.6760715964
  0
LWPOLYLINE
  5
EC
330
17
100
AcDbEntity
  8
CLEARING_LIMITS
100
AcDbPolyline
 90
4
 70
0
 10
2488853.0523010716
 20
416125.53542683827
 10
2488853.8872182514
 20
416144.4778114872
 10
2488862.0122620054
 20
416140.337399795
 10
2488853.0523010716
 20
416125.53542683827
  0
LWPOLYLINE
  5
ED
330
17
100
AcDbEntity
  8
CLEARING_LIMITS
100
AcDbPolyline
 90
4
 70
0
 10
2488862.8474497013
 20
416159.27968663606
 10
2488869.9085537116
 20
416155.52395333385
 10
2488870.7437414075
 20
416174.4662401749
 10
2488862.8474497013
 20
416159.27968663606
  0
LWPOLYLINE
  5
EE
330
17
100
AcDbEntity
  8
CLEARING_LIMITS
100
AcDbPolyline
 90
4
 70
0
 10
2488869.9085537116
 20
416155.52395333385
 10
2488870.7437414075
 20
416174.4662401749
 10
2488878.4841556754
 20
416169.26202399714
 10
2488869.9085537116
 20
416155.52395333385
  0
LWPOLYLINE
  5
EF
330
17
100
AcDbEntity
  8
CLEARING_LIMITS
100
AcDbPolyline
 90
4
 70
0
 10
2488879.7037023413
 20
416189.26821313164
 10
2488887.4443871253
 20
416184.063899146
 10
2488921.607450615
 20
416261.91943449265
 10
2488879.7037023413
 20
416189.26821313164
  0
LWPOLYLINE
  5
F0
330
17
100
AcDbEntity
  8
CLEARING_LIMITS
100
AcDbPolyline
 90
4
 70
0
 10
2488887.4443871253
 20
416184.063899146
 10
2488921.607450615
 20
416261.91943449265
 10
2488929.7327648853
 20
416257.77892499254
 10
2488887.4443871253
 20
416184.063899146
  0
LWPOLYLINE
  5
F1
330
17
100
AcDbEntity
  8
CLEARING_LIMITS
100
AcDbPolyline
 90
4
 70
0
 10
2488929.5037423214
 20
416277.1059880315
 10
2488937.6290565915
 20
416272.9654785314
 10
2488938.463973771
 20
416291.9078631803
 10
2488929.5037423214
 20
416277.1059880315
  0
LWPOLYLINE
  5
F2
330
17
100
AcDbEntity
  8
CLEARING_LIMITS
100
AcDbPolyline
 90
4
 70
0
 10
2488937.6290565915
 20
416272.9654785314
 10
2488938.463973771
 20
416291.9078631803
 10
2488946.588968621
 20
416287.7673162301
 10
2488937.6290565915
 20
416272.9654785314
  0
LWPOLYLINE
  5
F3
330
17
100
AcDbEntity
  8
CLEARING_LIMITS
100
AcDbPolyline
 90
4
 70
0
 10
2488947.424156317
 20
416306.70960307115
 10
2488955.164619489
 20
416301.5055221514
 10
2488955.3204480233
 20
416321.89615661
 10
2488947.424156317
 20
416306.70960307115
  0
LWPOLYLINE
  5
F4
330
17
100
AcDbEntity
  8
CLEARING_LIMITS
100
AcDbPolyline
 90
4
 70
0
 10
2488955.164619489
 20
416301.5055221514
 10
2488955.3204480233
 20
416321.89615661
 10
2488963.0609111954
 20
416316.69207569025
 10
2488955.164619489
 20
416301.5055221514
  0
LWPOLYLINE
  5
F5
330
17
100
AcDbEntity
  8
CLEARING_LIMITS
100
AcDbPolyline
 90
4
 70
0
 10
2488963.8958283747
 20
416335.6344603392
 10
2488972.021093741
 20
416331.4938155811
 10
2489006.184157231
 20
416409.3493509277
 10
2488963.8958283747
 20
416335.6344603392
  0
LWPOLYLINE
  5
F6
330
17
100
AcDbEntity
  8
CLEARING_LIMITS
100
AcDbPolyline
 90
4
 70
0
 10
2488972.021093741
 20
416331.4938155811
 10
2489006.184157231
 20
416409.3493509277
 10
2489014.309471501
 20
416405.20884142764
 10
2488972.021093741
 20
416331.4938155811
  0
LWPOLYLINE
  5
F7
330
17
100
AcDbEntity
  8
CLEARING_LIMITS
100
AcDbPolyline
 90
4
 70
0
 10
2489014.0807194533
 20
416424.5358066587
 10
2489022.2057632073
 20
416420.3953949665
 10
2489022.656370321
 20
416438.27401258
 10
2489014.0807194533
 20
416424.5358066587
  0
LWPOLYLINE
  5
F8
330
17
100
AcDbEntity
  8
CLEARING_LIMITS
100
AcDbPolyline
 90
4
 70
0
 10
2489022.2057632073
 20
416420.3953949665
 10
2489022.656370321
 20
416438.27401258
 10
2489030.396514073
 20
416433.0698942101
 10
2489022.2057632073
 20
416420.3953949665
  0
LWPOLYLINE
  5
F9
330
17
100
AcDbEntity
  8
CLEARING_LIMITS
100
AcDbPolyline
 90
4
 70
0
 10
2489023.924377285
 20
416431.80165418
 10
2489029.128507109
 20
416439.5422526101
 10
2489022.8607080574
 20
416432.1862347621
 10
2489023.924377285
 20
416431.80165418
  0
LWPOLYLINE
  5
FA
330
17
100
AcDbEntity
  8
CLEARING_LIMITS
100
AcDbPolyline
 90
4
 70
0
 10
2489029.128507109
 20
416439.5422526101
 10
2489022.8607080574
 20
416432.1862347621
 10
2489027.001168654
 20
416440.31141377427
 10
2489029.128507109
 20
416439.5422526101
  0
LWPOLYLINE
  5
FB
330
17
100
AcDbEntity
  8
CLEARING_LIMITS
100
AcDbPolyline
 90
4
 70
0
 10
2489008.058648747
 20
416441.14637985785
 10
2489013.2630490866
 20
416448.88688048004
 10
2488992.8722793697
 20
416449.0427579182
 10
2489008.058648747
 20
416441.14637985785
  0
LWPOLYLINE
  5
FC
330
17
100
AcDbEntity
  8
CLEARING_LIMITS
100
AcDbPolyline
 90
4
 70
0
 10
2489013.2630490866
 20
416448.88688048004
 10
2488992.8722793697
 20
416449.0427579182
 10
2488998.0763602895
 20
416456.78322109027
 10
2489013.2630490866
 20
416448.88688048004
  0
LWPOLYLINE
  5
FD
330
17
100
AcDbEntity
  8
CLEARING_LIMITS
100
AcDbPolyline
 90
4
 70
0
 10
2488979.133889287
 20
416457.6183224318
 10
2488983.274300979
 20
416465.743366186
 10
2488905.41886344
 20
416499.9067001917
 10
2488979.133889287
 20
416457.6183224318
  0
LWPOLYLINE
  5
FE
330
17
100
AcDbEntity
  8
CLEARING_LIMITS
100
AcDbPolyline
 90
4
 70
0
 10
2488983.274300979
 20
416465.743366186
 10
2488905.41886344
 20
416499.9067001917
 10
2488909.5595456483
 20
416508.031646138
 10
2488983.274300979
 20
416465.743366186
  0
LWPOLYLINE
  5
FF
330
17
100
AcDbEntity
  8
CLEARING_LIMITS
100
AcDbPolyline
 90
4
 70
0
 10
2488890.617074645
 20
416508.8667474796
 10
2488894.3729057554
 20
416515.92812200624
 10
2488875.4306563647
 20
416516.7629902819
 10
2488890.617074645
 20
416508.8667474796
  0
LWPOLYLINE
  5
100
330
17
100
AcDbEntity
  8
CLEARING_LIMITS
100
AcDbPolyline
 90
4
 70
0
 10
2488894.3729057554
 20
416515.92812200624
 10
2488875.4306563647
 20
416516.7629902819
 10
2488880.634786188
 20
416524.503588712
 10
2488894.3729057554
 20
416515.92812200624
  0
LWPOLYLINE
  5
101
330
17
100
AcDbEntity
  8
CLEARING_LIMITS
100
AcDbPolyline
 90
4
 70
0
 10
2488860.62886757
 20
416525.7230375698
 10
2488865.8329973933
 20
416533.4636359999
 10
2488846.50616742
 20
416533.23483504803
 10
2488860.62886757
 20
416525.7230375698
  0
LWPOLYLINE
  5
102
330
17
100
AcDbEntity
  8
CLEARING_LIMITS
100
AcDbPolyline
 90
4
 70
0
 10
2488865.8329973933
 20
416533.4636359999
 10
2488846.50616742
 20
416533.23483504803
 10
2488850.6466280166
 20
416541.3600140602
 10
2488865.8329973933
 20
416533.4636359999
  0
LWPOLYLINE
  5
103
330
17
100
AcDbEntity
  8
CLEARING_LIMITS
100
AcDbPolyline
 90
4
 70
0
 10
2488831.7041081097
 20
416542.19498014374
 10
2488835.8445687057
 20
416550.32015915593
 10
2488757.989082263
 20
416584.48335790366
 10
2488831.7041081097
 20
416542.19498014374
  0
LWPOLYLINE
  5
104
330
17
100
AcDbEntity
  8
CLEARING_LIMITS
100
AcDbPolyline
 90
4
 70
0
 10
2488835.8445687057
 20
416550.32015915593
 10
2488757.989082263
 20
416584.48335790366
 10
2488762.1295428593
 20
416592.60853691585
 10
2488835.8445687057
 20
416550.32015915593
  0
LWPOLYLINE
  5
105
330
17
100
AcDbEntity
  8
CLEARING_LIMITS
100
AcDbPolyline
 90
4
 70
0
 10
2488742.80244237
 20
416592.37983377185
 10
2488748.006793806
 20
416600.120199136
 10
2488728.000653575
 20
416601.3398810597
 10
2488742.80244237
 20
416592.37983377185
  0
LWPOLYLINE
  5
106
330
17
100
AcDbEntity
  8
CLEARING_LIMITS
100
AcDbPolyline
 90
4
 70
0
 10
2488748.006793806
 20
416600.120199136
 10
2488728.000653575
 20
416601.3398810597
 10
2488733.204734495
 20
416609.0803442318
 10
2488748.006793806
 20
416600.120199136
  0
LWPOLYLINE
  5
107
330
17
100
AcDbEntity
  8
CLEARING_LIMITS
100
AcDbPolyline
 90
4
 70
0
 10
2488714.262534008
 20
416609.9153477655
 10
2488718.4029457
 20
416618.04039151967
 10
2488699.0761157274
 20
416617.8115905678
 10
2488714.262534008
 20
416609.9153477655
  0
LWPOLYLINE
  5
108
330
17
100
AcDbEntity
  8
CLEARING_LIMITS
100
AcDbPolyline
 90
4
 70
0
 10
2488718.4029457
 20
416618.04039151967
 10
2488699.0761157274
 20
416617.8115905678
 10
2488703.2165763234
 20
416625.93676958
 10
2488718.4029457
 20
416618.04039151967
  0
LWPOLYLINE
  5
109
330
17
100
AcDbEntity
  8
CLEARING_LIMITS
100
AcDbPolyline
 90
4
 70
0
 10
2488684.2740564165
 20
416626.7717356635
 10
2488689.478456756
 20
416634.5122362858
 10
2488610.559301086
 20
416669.06001561554
 10
2488684.2740564165
 20
416626.7717356635
  0
LWPOLYLINE
  5
10A
330
17
100
AcDbEntity
  8
CLEARING_LIMITS
100
AcDbPolyline
 90
4
 70
0
 10
2488689.478456756
 20
416634.5122362858
 10
2488610.559301086
 20
416669.06001561554
 10
2488615.7634309097
 20
416676.80061404564
 10
2488689.478456756
 20
416634.5122362858
  0
LWPOLYLINE
  5
10B
330
17
100
AcDbEntity
  8
CLEARING_LIMITS
100
AcDbPolyline
 90
4
 70
0
 10
2488595.372661193
 20
416676.9564914838
 10
2488600.577061533
 20
416684.69699210604
 10
2488581.6345416256
 20
416685.53195818956
 10
2488595.372661193
 20
416676.9564914838
  0
LWPOLYLINE
  5
10C
330
17
100
AcDbEntity
  8
CLEARING_LIMITS
100
AcDbPolyline
 90
4
 70
0
 10
2488600.577061533
 20
416684.69699210604
 10
2488581.6345416256
 20
416685.53195818956
 10
2488585.775002222
 20
416693.65713720175
 10
2488600.577061533
 20
416684.69699210604
  0
LWPOLYLINE
  5
10D
330
17
100
AcDbEntity
  8
CLEARING_LIMITS
100
AcDbPolyline
 90
4
 70
0
 10
2488566.832482315
 20
416694.4921032853
 10
2488570.9732134272
 20
416702.6171844896
 10
2488551.646112938
 20
416702.38848134567
 10
2488566.832482315
 20
416694.4921032853
  0
LWPOLYLINE
  5
10E
330
17
100
AcDbEntity
  8
CLEARING_LIMITS
100
AcDbPolyline
 90
4
 70
0
 10
2488570.9732134272
 20
416702.6171844896
 10
2488551.646112938
 20
416702.38848134567
 10
2488556.8501938577
 20
416710.1289445177
 10
2488570.9732134272
 20
416702.6171844896
  0
LWPOLYLINE
  5
10F
330
17
100
AcDbEntity
  8
CLEARING_LIMITS
100
AcDbPolyline
 90
4
 70
0
 10
2488536.844324143
 20
416711.34852863353
 10
2488542.048405063
 20
416719.08899180556
 10
2488464.1929675243
 20
416753.2523258113
 10
2488536.844324143
 20
416711.34852863353
  0
LWPOLYLINE
  5
110
330
17
100
AcDbEntity
  8
CLEARING_LIMITS
100
AcDbPolyline
 90
4
 70
0
 10
2488542.048405063
 20
416719.08899180556
 10
2488464.1929675243
 20
416753.2523258113
 10
2488468.3333792165
 20
416761.3773695655
 10
2488542.048405063
 20
416719.08899180556
  0
LWPOLYLINE
  5
111
330
17
100
AcDbEntity
  8
CLEARING_LIMITS
100
AcDbPolyline
 90
4
 70
0
 10
2488449.0062787277
 20
416761.1486664215
 10
2488453.14700984
 20
416769.2737476258
 10
2488434.204489933
 20
416770.10871370934
 10
2488449.0062787277
 20
416761.1486664215
  0
LWPOLYLINE
  5
112
330
17
100
AcDbEntity
  8
CLEARING_LIMITS
100
AcDbPolyline
 90
4
 70
0
 10
2488453.14700984
 20
416769.2737476258
 10
2488434.204489933
 20
416770.10871370934
 10
2488438.344950529
 20
416778.23389272153
 10
2488453.14700984
 20
416769.2737476258
  0
LWPOLYLINE
  5
113
330
17
100
AcDbEntity
  8
CLEARING_LIMITS
100
AcDbPolyline
 90
4
 70
0
 10
2488419.402701138
 20
416779.0687609972
 10
2488424.2222503796
 20
416785.7456901998
 10
2488404.216061245
 20
416786.96523686545
 10
2488419.402701138
 20
416779.0687609972
  0
LWPOLYLINE
  5
114
330
17
100
AcDbEntity
  8
CLEARING_LIMITS
100
AcDbPolyline
 90
4
 70
0
 10
2488424.2222503796
 20
416785.7456901998
 10
2488404.216061245
 20
416786.96523686545
 10
2488409.420461585
 20
416794.70573748765
 10
2488424.2222503796
 20
416785.7456901998
  0
LWPOLYLINE
  5
115
330
17
100
AcDbEntity
  8
CLEARING_LIMITS
100
AcDbPolyline
 90
4
 70
0
 10
2488390.477941678
 20
416795.5407035712
 10
2488394.61835337
 20
416803.66574732534
 10
2488316.762915831
 20
416837.8290813311
 10
2488390.477941678
 20
416795.5407035712
  0
LWPOLYLINE
  5
116
330
17
100
AcDbEntity
  8
CLEARING_LIMITS
100
AcDbPolyline
 90
4
 70
0
 10
2488394.61835337
 20
416803.66574732534
 10
2488316.762915831
 20
416837.8290813311
 10
2488320.9033764275
 20
416845.95426034334
 10
2488394.61835337
 20
416803.66574732534
  0
LWPOLYLINE
  5
117
330
17
100
AcDbEntity
  8
CLEARING_LIMITS
100
AcDbPolyline
 90
4
 70
0
 10
2488301.5765464543
 20
416845.7254593914
 10
2488305.7169581465
 20
416853.8505031456
 10
2488286.7744871434
 20
416854.6856044872
 10
2488301.5765464543
 20
416845.7254593914
  0
LWPOLYLINE
  5
118
330
17
100
AcDbEntity
  8
CLEARING_LIMITS
100
AcDbPolyline
 90
4
 70
0
 10
2488305.7169581465
 20
416853.8505031456
 10
2488286.7744871434
 20
416854.6856044872
 10
2488291.9788385793
 20
416862.4259698514
 10
2488305.7169581465
 20
416853.8505031456
  0
LWPOLYLINE
  5
119
330
17
100
AcDbEntity
  8
CLEARING_LIMITS
100
AcDbPolyline
 90
4
 70
0
 10
2488271.9726983486
 20
416863.64565177506
 10
2488276.7921986864
 20
416870.3224457196
 10
2488257.8499492956
 20
416871.15731399524
 10
2488271.9726983486
 20
416863.64565177506
  0
LWPOLYLINE
  5
11A
330
17
100
AcDbEntity
  8
CLEARING_LIMITS
100
AcDbPolyline
 90
4
 70
0
 10
2488276.7921986864
 20
416870.3224457196
 10
2488257.8499492956
 20
416871.15731399524
 10
2488261.9904098916
 20
416879.2824930075
 10
2488276.7921986864
 20
416870.3224457196
  0
LWPOLYLINE
  5
11B
330
17
100
AcDbEntity
  8
CLEARING_LIMITS
100
AcDbPolyline
 90
4
 70
0
 10
2488243.0478899847
 20
416880.117459091
 10
2488247.188621097
 20
416888.24254029535
 10
2488169.333134654
 20
416922.405739043
 10
2488243.0478899847
 20
416880.117459091
  0
LWPOLYLINE
  5
11C
330
17
100
AcDbEntity
  8
CLEARING_LIMITS
100
AcDbPolyline
 90
4
 70
0
 10
2488247.188621097
 20
416888.24254029535
 10
2488169.333134654
 20
416922.405739043
 10
2488173.4735952504
 20
416930.5309180552
 10
2488247.188621097
 20
416888.24254029535
  0
LWPOLYLINE
  5
11D
330
17
100
AcDbEntity
  8
CLEARING_LIMITS
100
AcDbPolyline
 90
4
 70
0
 10
2488154.146494761
 20
416930.30221491127
 10
2488159.350624585
 20
416938.04281334137
 10
2488139.3447059663
 20
416939.26226219913
 10
2488154.146494761
 20
416930.30221491127
  0
LWPOLYLINE
  5
11E
330
17
100
AcDbEntity
  8
CLEARING_LIMITS
100
AcDbPolyline
 90
4
 70
0
 10
2488159.350624585
 20
416938.04281334137
 10
2488139.3447059663
 20
416939.26226219913
 10
2488144.5488357903
 20
416947.00286062923
 10
2488159.350624585
 20
416938.04281334137
  0
LWPOLYLINE
  5
11F
330
17
100
AcDbEntity
  8
CLEARING_LIMITS
100
AcDbPolyline
 90
4
 70
0
 10
2488125.6065863995
 20
416947.8377289049
 10
2488129.3624175093
 20
416954.8991034315
 10
2488110.419946506
 20
416955.7342047731
 10
2488125.6065863995
 20
416947.8377289049
  0
LWPOLYLINE
  5
120
330
17
100
AcDbEntity
  8
CLEARING_LIMITS
100
AcDbPolyline
 90
4
 70
0
 10
2488129.3624175093
 20
416954.8991034315
 10
2488110.419946506
 20
416955.7342047731
 10
2488114.5603581984
 20
416963.85924852727
 10
2488129.3624175093
 20
416954.8991034315
  0
LWPOLYLINE
  5
121
330
17
100
AcDbEntity
  8
CLEARING_LIMITS
100
AcDbPolyline
 90
4
 70
0
 10
2488095.618157712
 20
416964.69425206096
 10
2488099.758569404
 20
416972.81929581513
 10
2488021.903131865
 20
417006.9826298209
 10
2488095.618157712
 20
416964.69425206096
  0
LWPOLYLINE
  5
122
330
17
100
AcDbEntity
  8
CLEARING_LIMITS
100
AcDbPolyline
 90
4
 70
0
 10
2488099.758569404
 20
416972.81929581513
 10
2488021.903131865
 20
417006.9826298209
 10
2488027.1072127847
 20
417014.7230929929
 10
2488099.758569404
 20
416972.81929581513
  0
LWPOLYLINE
  5
123
330
17
100
AcDbEntity
  8
CLEARING_LIMITS
100
AcDbPolyline
 90
4
 70
0
 10
2488006.7164430683
 20
417014.87897043105
 10
2488011.920843408
 20
417022.61947105324
 10
2487992.978323501
 20
417023.4544371368
 10
2488006.7164430683
 20
417014.87897043105
  0
LWPOLYLINE
  5
124
330
17
100
AcDbEntity
  8
CLEARING_LIMITS
100
AcDbPolyline
 90
4
 70
0
 10
2488011.920843408
 20
417022.61947105324
 10
2487992.978323501
 20
417023.4544371368
 10
2487997.118784097
 20
417031.579616149
 10
2488011.920843408
 20
417022.61947105324
  0
LWPOLYLINE
  5
125
330
17
100
AcDbEntity
  8
CLEARING_LIMITS
100
AcDbPolyline
 90
4
 70
0
 10
2487977.791954124
 20
417031.35081519716
 10
2487981.9324147203
 20
417039.47599420935
 10
2487962.9898948134
 20
417040.31096029293
 10
2487977.791954124
 20
417031.35081519716
  0
LWPOLYLINE
  5
126
330
17
100
AcDbEntity
  8
CLEARING_LIMITS
100
AcDbPolyline
 90
4
 70
0
 10
2487981.9324147203
 20
417039.47599420935
 10
2487962.9898948134
 20
417040.31096029293
 10
2487967.1305770217
 20
417048.4359062392
 10
2487981.9324147203
 20
417039.47599420935
  0
LWPOLYLINE
  5
127
330
17
100
AcDbEntity
  8
CLEARING_LIMITS
100
AcDbPolyline
 90
4
 70
0
 10
2487948.6628080234
 20
417053.910400331
 10
2487958.0317638502
 20
417056.5368551021
 10
2487930.343700061
 20
417136.30817476485
 10
2487948.6628080234
 20
417053.910400331
  0
LWPOLYLINE
  5
128
330
17
100
AcDbEntity
  8
CLEARING_LIMITS
100
AcDbPolyline
 90
4
 70
0
 10
2487958.0317638502
 20
417056.5368551021
 10
2487930.343700061
 20
417136.30817476485
 10
2487938.6489866604
 20
417139.3192101181
 10
2487958.0317638502
 20
417056.5368551021
  0
LWPOLYLINE
  5
129
330
17
100
AcDbEntity
  8
CLEARING_LIMITS
100
AcDbPolyline
 90
4
 70
0
 10
2487926.833818908
 20
417153.21315821947
 10
2487934.7545249253
 20
417155.1605243452
 10
2487921.8756879447
 20
417169.4390530287
 10
2487926.833818908
 20
417153.21315821947
  0
LWPOLYLINE
  5
12A
330
17
100
AcDbEntity
  8
CLEARING_LIMITS
100
AcDbPolyline
 90
4
 70
0
 10
2487934.7545249253
 20
417155.1605243452
 10
2487921.8756879447
 20
417169.4390530287
 10
2487931.244643772
 20
417172.0655077998
 10
2487934.7545249253
 20
417155.1605243452
  0
LWPOLYLINE
  5
12B
330
17
100
AcDbEntity
  8
CLEARING_LIMITS
100
AcDbPolyline
 90
4
 70
0
 10
2487918.365536276
 20
417186.3441342912
 10
2487927.350182037
 20
417187.90682202694
 10
2487914.8557040263
 20
417203.24925300386
 10
2487918.365536276
 20
417186.3441342912
  0
LWPOLYLINE
  5
12C
330
17
100
AcDbEntity
  8
CLEARING_LIMITS
100
AcDbPolyline
 90
4
 70
0
 10
2487927.350182037
 20
417187.90682202694
 10
2487914.8557040263
 20
417203.24925300386
 10
2487923.8400303675
 20
417204.8119032894
 10
2487927.350182037
 20
417187.90682202694
  0
LWPOLYLINE
  5
12D
330
17
100
AcDbEntity
  8
CLEARING_LIMITS
100
AcDbPolyline
 90
4
 70
0
 10
2487910.961193387
 20
417219.09043197293
 10
2487920.3301492142
 20
417221.7168867441
 10
2487891.5784651013
 20
417301.8729222469
 10
2487910.961193387
 20
417219.09043197293
  0
LWPOLYLINE
  5
12E
330
17
100
AcDbEntity
  8
CLEARING_LIMITS
100
AcDbPolyline
 90
4
 70
0
 10
2487920.3301492142
 20
417221.7168867441
 10
2487891.5784651013
 20
417301.8729222469
 10
2487900.9473720244
 20
417304.49924176
 10
2487920.3301492142
 20
417221.7168867441
  0
LWPOLYLINE
  5
12F
330
17
100
AcDbEntity
  8
CLEARING_LIMITS
100
AcDbPolyline
 90
4
 70
0
 10
2487886.6202852344
 20
417318.0986817981
 10
2487895.9892410617
 20
417320.72513656924
 10
2487881.6618837556
 20
417334.32467441517
 10
2487886.6202852344
 20
417318.0986817981
  0
LWPOLYLINE
  5
130
330
17
100
AcDbEntity
  8
CLEARING_LIMITS
100
AcDbPolyline
 90
4
 70
0
 10
2487895.9892410617
 20
417320.72513656924
 10
2487881.6618837556
 20
417334.32467441517
 10
2487891.0311100986
 20
417336.9510313784
 10
2487895.9892410617
 20
417320.72513656924
  0
LWPOLYLINE
  5
131
330
17
100
AcDbEntity
  8
CLEARING_LIMITS
100
AcDbPolyline
 90
4
 70
0
 10
2487876.703752793
 20
417350.5505692244
 10
2487886.0727086198
 20
417353.1770239955
 10
2487871.7456218298
 20
417366.7764640336
 10
2487876.703752793
 20
417350.5505692244
  0
LWPOLYLINE
  5
132
330
17
100
AcDbEntity
  8
CLEARING_LIMITS
100
AcDbPolyline
 90
4
 70
0
 10
2487886.0727086198
 20
417353.1770239955
 10
2487871.7456218298
 20
417366.7764640336
 10
2487881.114577657
 20
417369.4029188047
 10
2487886.0727086198
 20
417353.1770239955
  0
LWPOLYLINE
  5
133
330
17
100
AcDbEntity
  8
CLEARING_LIMITS
100
AcDbPolyline
 90
4
 70
0
 10
2487866.787220351
 20
417383.00245665066
 10
2487876.156127274
 20
417385.62877616374
 10
2487841.9959756006
 20
417464.13199105446
 10
2487866.787220351
 20
417383.00245665066
  0
LWPOLYLINE
  5
134
330
17
100
AcDbEntity
  8
CLEARING_LIMITS
100
AcDbPolyline
 90
4
 70
0
 10
2487876.156127274
 20
417385.62877616374
 10
2487841.9959756006
 20
417464.13199105446
 10
2487851.364931428
 20
417466.75844582554
 10
2487876.156127274
 20
417385.62877616374
  0
LWPOLYLINE
  5
135
330
17
100
AcDbEntity
  8
CLEARING_LIMITS
100
AcDbPolyline
 90
4
 70
0
 10
2487837.037795734
 20
417480.3577506056
 10
2487846.406751561
 20
417482.9842053767
 10
2487832.0793942553
 20
417496.5837432227
 10
2487837.037795734
 20
417480.3577506056
  0
LWPOLYLINE
  5
136
330
17
100
AcDbEntity
  8
CLEARING_LIMITS
100
AcDbPolyline
 90
4
 70
0
 10
2487846.406751561
 20
417482.9842053767
 10
2487832.0793942553
 20
417496.5837432227
 10
2487841.448350082
 20
417499.2101979938
 10
2487846.406751561
 20
417482.9842053767
  0
LWPOLYLINE
  5
137
330
17
100
AcDbEntity
  8
CLEARING_LIMITS
100
AcDbPolyline
 90
4
 70
0
 10
2487827.121263292
 20
417512.8096380319
 10
2487836.4902191195
 20
417515.436092803
 10
2487822.1628618133
 20
417529.035630649
 10
2487827.121263292
 20
417512.8096380319
  0
LWPOLYLINE
  5
138
330
17
100
AcDbEntity
  8
CLEARING_LIMITS
100
AcDbPolyline
 90
4
 70
0
 10
2487836.4902191195
 20
417515.436092803
 10
2487822.1628618133
 20
417529.035630649
 10
2487831.5318176406
 20
417531.6620854201
 10
2487836.4902191195
 20
417515.436092803
  0
LWPOLYLINE
  5
139
330
17
100
AcDbEntity
  8
CLEARING_LIMITS
100
AcDbPolyline
 90
4
 70
0
 10
2487817.114658332
 20
417541.6859371935
 10
2487821.9341586693
 20
417548.36273113807
 10
2487768.6342679467
 20
417577.25590878865
 10
2487817.114658332
 20
417541.6859371935
  0
LWPOLYLINE
  5
13A
330
17
100
AcDbEntity
  8
CLEARING_LIMITS
100
AcDbPolyline
 90
4
 70
0
 10
2487821.9341586693
 20
417548.36273113807
 10
2487768.6342679467
 20
417577.25590878865
 10
2487773.8383488664
 20
417584.99637196073
 10
2487821.9341586693
 20
417548.36273113807
  0
LWPOLYLINE
  5
13B
330
17
100
AcDbEntity
  8
CLEARING_LIMITS
100
AcDbPolyline
 90
4
 70
0
 10
2487769.6979371742
 20
417576.87132820656
 10
2487772.774679639
 20
417585.3809525428
 10
2487746.9754912658
 20
417583.8841446268
 10
2487769.6979371742
 20
417576.87132820656
  0
LWPOLYLINE
  5
13C
330
17
100
AcDbEntity
  8
CLEARING_LIMITS
100
AcDbPolyline
 90
4
 70
0
 10
2487772.774679639
 20
417585.3809525428
 10
2487746.9754912658
 20
417583.8841446268
 10
2487748.9882939872
 20
417592.778447353
 10
2487772.774679639
 20
417585.3809525428
  0
LWPOLYLINE
  5
13D
330
17
100
AcDbEntity
  8
CLEARING_LIMITS
100
AcDbPolyline
 90
4
 70
0
 10
2487731.019641305
 20
417589.6531467819
 10
2487733.032714542
 20
417598.54735170025
 10
2487714.6794812777
 20
417594.35838190163
 10
2487731.019641305
 20
417589.6531467819
  0
LWPOLYLINE
  5
13E
330
17
100
AcDbEntity
  8
CLEARING_LIMITS
100
AcDbPolyline
 90
4
 70
0
 10
2487733.032714542
 20
417598.54735170025
 10
2487714.6794812777
 20
417594.35838190163
 10
2487716.692554515
 20
417603.25258682
 10
2487733.032714542
 20
417598.54735170025
  0
LWPOLYLINE
  5
13F
330
17
100
AcDbEntity
  8
CLEARING_LIMITS
100
AcDbPolyline
 90
4
 70
0
 10
2487698.3390507344
 20
417599.0637148293
 10
2487700.352123972
 20
417607.9579197476
 10
2487682.3834712896
 20
417604.83261917654
 10
2487698.3390507344
 20
417599.0637148293
  0
LWPOLYLINE
  5
140
330
17
100
AcDbEntity
  8
CLEARING_LIMITS
100
AcDbPolyline
 90
4
 70
0
 10
2487700.352123972
 20
417607.9579197476
 10
2487682.3834712896
 20
417604.83261917654
 10
2487684.396544527
 20
417613.7268240949
 10
2487700.352123972
 20
417607.9579197476
  0
LWPOLYLINE
  5
141
330
17
100
AcDbEntity
  8
CLEARING_LIMITS
100
AcDbPolyline
 90
4
 70
0
 10
2487666.0432134545
 20
417609.5375837802
 10
2487668.0561139835
 20
417618.4321570225
 10
2487585.1110334513
 20
417635.19129344966
 10
2487666.0432134545
 20
417609.5375837802
  0
LWPOLYLINE
  5
142
330
17
100
AcDbEntity
  8
CLEARING_LIMITS
100
AcDbPolyline
 90
4
 70
0
 10
2487668.0561139835
 20
417618.4321570225
 10
2487585.1110334513
 20
417635.19129344966
 10
2487587.1238361723
 20
417644.0855961759
 10
2487668.0561139835
 20
417618.4321570225
  0
LWPOLYLINE
  5
143
330
17
100
AcDbEntity
  8
CLEARING_LIMITS
100
AcDbPolyline
 90
4
 70
0
 10
2487568.770602908
 20
417639.89662637725
 10
2487570.783676145
 20
417648.79083129566
 10
2487552.430442881
 20
417644.601861497
 10
2487568.770602908
 20
417639.89662637725
  0
LWPOLYLINE
  5
144
330
17
100
AcDbEntity
  8
CLEARING_LIMITS
100
AcDbPolyline
 90
4
 70
0
 10
2487570.783676145
 20
417648.79083129566
 10
2487552.430442881
 20
417644.601861497
 10
2487554.443516118
 20
417653.4960664154
 10
2487570.783676145
 20
417648.79083129566
  0
LWPOLYLINE
  5
145
330
17
100
AcDbEntity
  8
CLEARING_LIMITS
100
AcDbPolyline
 90
4
 70
0
 10
2487536.47459292
 20
417650.37086365215
 10
2487538.487666157
 20
417659.2650685705
 10
2487520.134335085
 20
417655.0758282558
 10
2487536.47459292
 20
417650.37086365215
  0
LWPOLYLINE
  5
146
330
17
100
AcDbEntity
  8
CLEARING_LIMITS
100
AcDbPolyline
 90
4
 70
0
 10
2487538.487666157
 20
417659.2650685705
 10
2487520.134335085
 20
417655.0758282558
 10
2487522.14750613
 20
417663.97030369024
 10
2487538.487666157
 20
417659.2650685705
  0
LWPOLYLINE
  5
147
330
17
100
AcDbEntity
  8
CLEARING_LIMITS
100
AcDbPolyline
 90
4
 70
0
 10
2487504.17875564
 20
417660.84473260306
 10
2487506.191656169
 20
417669.7393058454
 10
2487422.8619950544
 20
417685.434773045
 10
2487504.17875564
 20
417660.84473260306
  0
LWPOLYLINE
  5
148
330
17
100
AcDbEntity
  8
CLEARING_LIMITS
100
AcDbPolyline
 90
4
 70
0
 10
2487506.191656169
 20
417669.7393058454
 10
2487422.8619950544
 20
417685.434773045
 10
2487425.938737519
 20
417693.9443973813
 10
2487506.191656169
 20
417669.7393058454
  0
LWPOLYLINE
  5
149
330
17
100
AcDbEntity
  8
CLEARING_LIMITS
100
AcDbPolyline
 90
4
 70
0
 10
2487406.9061450935
 20
417691.2037752002
 10
2487409.982887558
 20
417699.71339953644
 10
2487390.5659850664
 20
417695.9090103199
 10
2487406.9061450935
 20
417691.2037752002
  0
LWPOLYLINE
  5
14A
330
17
100
AcDbEntity
  8
CLEARING_LIMITS
100
AcDbPolyline
 90
4
 70
0
 10
2487409.982887558
 20
417699.71339953644
 10
2487390.5659850664
 20
417695.9090103199
 10
2487393.642727531
 20
417704.4186346562
 10
2487409.982887558
 20
417699.71339953644
  0
LWPOLYLINE
  5
14B
330
17
100
AcDbEntity
  8
CLEARING_LIMITS
100
AcDbPolyline
 90
4
 70
0
 10
2487374.225456715
 20
417700.6140727314
 10
2487377.3022969877
 20
417709.12396758376
 10
2487358.2698772703
 20
417706.38297707867
 10
2487374.225456715
 20
417700.6140727314
  0
LWPOLYLINE
  5
14C
330
17
100
AcDbEntity
  8
CLEARING_LIMITS
100
AcDbPolyline
 90
4
 70
0
 10
2487377.3022969877
 20
417709.12396758376
 10
2487358.2698772703
 20
417706.38297707867
 10
2487361.346717543
 20
417714.892871931
 10
2487377.3022969877
 20
417709.12396758376
  0
LWPOLYLINE
  5
14D
330
17
100
AcDbEntity
  8
CLEARING_LIMITS
100
AcDbPolyline
 90
4
 70
0
 10
2487341.929717243
 20
417711.0882121984
 10
2487345.006557516
 20
417719.59810705076
 10
2487284.7836523755
 20
417729.3445248656
 10
2487341.929717243
 20
417711.0882121984
  0
LWPOLYLINE
  5
14E
330
17
100
AcDbEntity
  8
CLEARING_LIMITS
100
AcDbPolyline
 90
4
 70
0
 10
2487345.006557516
 20
417719.59810705076
 10
2487284.7836523755
 20
417729.3445248656
 10
2487287.86039484
 20
417737.8541492018
 10
2487345.006557516
 20
417719.59810705076
  0
LWPOLYLINE
  5
14F
330
17
100
AcDbEntity
  8
CLEARING_LIMITS
100
AcDbPolyline
 90
4
 70
0
 10
2487284.7836523755
 20
417729.3445248656
 10
2487287.86039484
 20
417737.8541492018
 10
2487261.382117822
 20
417737.8055910954
 10
2487284.7836523755
 20
417729.3445248656
  0
LWPOLYLINE
  5
150
330
17
100
AcDbEntity
  8
CLEARING_LIMITS
100
AcDbPolyline
 90
4
 70
0
 10
2487287.86039484
 20
417737.8541492018
 10
2487261.382117822
 20
417737.8055910954
 10
2487264.4588602865
 20
417746.3152154317
 10
2487287.86039484
 20
417737.8541492018
  0
LWPOLYLINE
  5
151
330
17
100
AcDbEntity
  8
CLEARING_LIMITS
100
AcDbPolyline
 90
4
 70
0
 10
2487245.4262678605
 20
417743.5745932506
 10
2487248.503010325
 20
417752.08421758685
 10
2487229.4706884157
 20
417749.34349759785
 10
2487245.4262678605
 20
417743.5745932506
  0
LWPOLYLINE
  5
152
330
17
100
AcDbEntity
  8
CLEARING_LIMITS
100
AcDbPolyline
 90
4
 70
0
 10
2487248.503010325
 20
417752.08421758685
 10
2487229.4706884157
 20
417749.34349759785
 10
2487232.5474308804
 20
417757.8531219341
 10
2487248.503010325
 20
417752.08421758685
  0
LWPOLYLINE
  5
153
330
17
100
AcDbEntity
  8
CLEARING_LIMITS
100
AcDbPolyline
 90
4
 70
0
 10
2487213.514838455
 20
417755.11249975296
 10
2487216.5915809195
 20
417763.6221240892
 10
2487197.5592590095
 20
417760.8814041002
 10
2487213.514838455
 20
417755.11249975296
  0
LWPOLYLINE
  5
154
330
17
100
AcDbEntity
  8
CLEARING_LIMITS
100
AcDbPolyline
 90
4
 70
0
 10
2487216.5915809195
 20
417763.6221240892
 10
2487197.5592590095
 20
417760.8814041002
 10
2487200.636001474
 20
417769.3910284365
 10
2487216.5915809195
 20
417763.6221240892
  0
LWPOLYLINE
  5
155
330
17
100
AcDbEntity
  8
CLEARING_LIMITS
100
AcDbPolyline
 90
4
 70
0
 10
2487181.603679565
 20
417766.6503084475
 10
2487184.6804220295
 20
417775.15993278375
 10
2487101.8252413073
 20
417795.49502579955
 10
2487181.603679565
 20
417766.6503084475
  0
LWPOLYLINE
  5
156
330
17
100
AcDbEntity
  8
CLEARING_LIMITS
100
AcDbPolyline
 90
4
 70
0
 10
2487184.6804220295
 20
417775.15993278375
 10
2487101.8252413073
 20
417795.49502579955
 10
2487104.9019837724
 20
417804.0046501358
 10
2487184.6804220295
 20
417775.15993278375
  0
LWPOLYLINE
  5
157
330
17
100
AcDbEntity
  8
CLEARING_LIMITS
100
AcDbPolyline
 90
4
 70
0
 10
2487086.2539719287
 20
417802.3276971822
 10
2487089.3307143934
 20
417810.83732151845
 10
2487070.2983924835
 20
417808.09660152945
 10
2487086.2539719287
 20
417802.3276971822
  0
LWPOLYLINE
  5
158
330
17
100
AcDbEntity
  8
CLEARING_LIMITS
100
AcDbPolyline
 90
4
 70
0
 10
2487089.3307143934
 20
417810.83732151845
 10
2487070.2983924835
 20
417808.09660152945
 10
2487073.375134948
 20
417816.6062258657
 10
2487089.3307143934
 20
417810.83732151845
  0
LWPOLYLINE
  5
159
330
17
100
AcDbEntity
  8
CLEARING_LIMITS
100
AcDbPolyline
 90
4
 70
0
 10
2487054.3425425226
 20
417813.86560368456
 10
2487057.4192849873
 20
417822.3752280208
 10
2487038.3869630774
 20
417819.6345080318
 10
2487054.3425425226
 20
417813.86560368456
  0
LWPOLYLINE
  5
15A
330
17
100
AcDbEntity
  8
CLEARING_LIMITS
100
AcDbPolyline
 90
4
 70
0
 10
2487057.4192849873
 20
417822.3752280208
 10
2487038.3869630774
 20
417819.6345080318
 10
2487041.463705542
 20
417828.1441323681
 10
2487057.4192849873
 20
417822.3752280208
  0
LWPOLYLINE
  5
15B
330
17
100
AcDbEntity
  8
CLEARING_LIMITS
100
AcDbPolyline
 90
4
 70
0
 10
2487022.4313836326
 20
417825.4034123791
 10
2487025.5081260973
 20
417833.91303671536
 10
2486942.6529453755
 20
417854.24812973116
 10
2487022.4313836326
 20
417825.4034123791
  0
LWPOLYLINE
  5
15C
330
17
100
AcDbEntity
  8
CLEARING_LIMITS
100
AcDbPolyline
 90
4
 70
0
 10
2487025.5081260973
 20
417833.91303671536
 10
2486942.6529453755
 20
417854.24812973116
 10
2486945.72968784
 20
417862.7577540674
 10
2487025.5081260973
 20
417833.91303671536
  0
LWPOLYLINE
  5
15D
330
17
100
AcDbEntity
  8
CLEARING_LIMITS
100
AcDbPolyline
 90
4
 70
0
 10
2486926.697095414
 20
417860.01713188627
 10
2486929.773837879
 20
417868.52675622253
 10
2486910.7415159694
 20
417865.78603623353
 10
2486926.697095414
 20
417860.01713188627
  0
LWPOLYLINE
  5
15E
330
17
100
AcDbEntity
  8
CLEARING_LIMITS
100
AcDbPolyline
 90
4
 70
0
 10
2486929.773837879
 20
417868.52675622253
 10
2486910.7415159694
 20
417865.78603623353
 10
2486913.818258434
 20
417874.2956605698
 10
2486929.773837879
 20
417868.52675622253
  0
LWPOLYLINE
  5
15F
330
17
100
AcDbEntity
  8
CLEARING_LIMITS
100
AcDbPolyline
 90
4
 70
0
 10
2486894.785666008
 20
417871.5550383887
 10
2486897.8624084727
 20
417880.06466272497
 10
2486878.8300865632
 20
417877.32394273597
 10
2486894.785666008
 20
417871.5550383887
  0
LWPOLYLINE
  5
160
330
17
100
AcDbEntity
  8
CLEARING_LIMITS
100
AcDbPolyline
 90
4
 70
0
 10
2486897.8624084727
 20
417880.06466272497
 10
2486878.8300865632
 20
417877.32394273597
 10
2486881.906829028
 20
417885.83356707223
 10
2486897.8624084727
 20
417880.06466272497
  0
LWPOLYLINE
  5
161
330
17
100
AcDbEntity
  8
CLEARING_LIMITS
100
AcDbPolyline
 90
4
 70
0
 10
2486862.874507118
 20
417883.09284708323
 10
2486865.9512495827
 20
417891.60247141944
 10
2486817.519417304
 20
417900.69416599616
 10
2486862.874507118
 20
417883.09284708323
  0
LWPOLYLINE
  5
162
330
17
100
AcDbEntity
  8
CLEARING_LIMITS
100
AcDbPolyline
 90
4
 70
0
 10
2486865.9512495827
 20
417891.60247141944
 10
2486817.519417304
 20
417900.69416599616
 10
2486820.5962575767
 20
417909.2040608485
 10
2486865.9512495827
 20
417891.60247141944
  0
LWPOLYLINE
  5
163
330
17
100
AcDbEntity
  8
CLEARING_LIMITS
100
AcDbPolyline
 90
4
 70
0
 10
2486817.519417304
 20
417900.69416599616
 10
2486820.5962575767
 20
417909.2040608485
 10
2486783.4806494433
 20
417913.00123366277
 10
2486817.519417304
 20
417900.69416599616
  0
LWPOLYLINE
  5
164
330
17
100
AcDbEntity
  8
CLEARING_LIMITS
100
AcDbPolyline
 90
4
 70
0
 10
2486820.5962575767
 20
417909.2040608485
 10
2486783.4806494433
 20
417913.00123366277
 10
2486786.5574897155
 20
417921.5111285151
 10
2486820.5962575767
 20
417909.2040608485
  0
LWPOLYLINE
  5
165
330
17
100
AcDbEntity
  8
CLEARING_LIMITS
100
AcDbPolyline
 90
4
 70
0
 10
2486767.9093800643
 20
417919.8339050454
 10
2486770.9862203365
 20
417928.34379989776
 10
2486751.953800619
 20
417925.6028093927
 10
2486767.9093800643
 20
417919.8339050454
  0
LWPOLYLINE
  5
166
330
17
100
AcDbEntity
  8
CLEARING_LIMITS
100
AcDbPolyline
 90
4
 70
0
 10
2486770.9862203365
 20
417928.34379989776
 10
2486751.953800619
 20
417925.6028093927
 10
2486755.0306408918
 20
417934.112704245
 10
2486770.9862203365
 20
417928.34379989776
  0
LWPOLYLINE
  5
167
330
17
100
AcDbEntity
  8
CLEARING_LIMITS
100
AcDbPolyline
 90
4
 70
0
 10
2486736.382629048
 20
417932.43575129146
 10
2486739.4593715128
 20
417940.94537562766
 10
2486720.4270496033
 20
417938.20465563866
 10
2486736.382629048
 20
417932.43575129146
  0
LWPOLYLINE
  5
168
330
17
100
AcDbEntity
  8
CLEARING_LIMITS
100
AcDbPolyline
 90
4
 70
0
 10
2486739.4593715128
 20
417940.94537562766
 10
2486720.4270496033
 20
417938.20465563866
 10
2486723.503792068
 20
417946.7142799749
 10
2486739.4593715128
 20
417940.94537562766
  0
LWPOLYLINE
  5
169
330
17
100
AcDbEntity
  8
CLEARING_LIMITS
100
AcDbPolyline
 90
4
 70
0
 10
2486704.471470158
 20
417943.9735599859
 10
2486707.5482126228
 20
417952.4831843222
 10
2486695.2824866604
 20
417948.4986500681
 10
2486704.471470158
 20
417943.9735599859
  0
LWPOLYLINE
  5
16A
330
17
100
AcDbEntity
  8
CLEARING_LIMITS
100
AcDbPolyline
 90
4
 70
0
 10
2486707.5482126228
 20
417952.4831843222
 10
2486695.2824866604
 20
417948.4986500681
 10
2486698.359229125
 20
417957.0082744044
 10
2486707.5482126228
 20
417952.4831843222
  0
LWPOLYLINE
  5
16B
330
17
100
AcDbEntity
  8
CLEARING_LIMITS
100
AcDbPolyline
 90
4
 70
0
 10
2486693.1551482053
 20
417949.2678112323
 10
2486701.1659267414
 20
417954.7907656227
 10
2486652.546635215
 20
418013.26352377946
 10
2486693.1551482053
 20
417949.2678112323
  0
LWPOLYLINE
  5
16C
330
17
100
AcDbEntity
  8
CLEARING_LIMITS
100
AcDbPolyline
 90
4
 70
0
 10
2486701.1659267414
 20
417954.7907656227
 10
2486652.546635215
 20
418013.26352377946
 10
2486660.1728331693
 20
418017.72280894226
 10
2486701.1659267414
 20
417954.7907656227
  0
LWPOLYLINE
  5
16D
330
17
100
AcDbEntity
  8
CLEARING_LIMITS
100
AcDbPolyline
 90
4
 70
0
 10
2486644.012915988
 20
418029.57949110743
 10
2486652.997291233
 20
418031.142276651
 10
2486641.566433546
 20
418046.0999917878
 10
2486644.012915988
 20
418029.57949110743
  0
LWPOLYLINE
  5
16E
330
17
100
AcDbEntity
  8
CLEARING_LIMITS
100
AcDbPolyline
 90
4
 70
0
 10
2486652.997291233
 20
418031.142276651
 10
2486641.566433546
 20
418046.0999917878
 10
2486650.551079307
 20
418047.6626795235
 10
2486652.997291233
 20
418031.142276651
  0
LWPOLYLINE
  5
16F
330
17
100
AcDbEntity
  8
CLEARING_LIMITS
100
AcDbPolyline
 90
4
 70
0
 10
2486639.5048022023
 20
418063.68406388786
 10
2486648.1045968654
 20
418064.18318020395
 10
2486635.994921049
 20
418080.5890473425
 10
2486639.5048022023
 20
418063.68406388786
  0
LWPOLYLINE
  5
170
330
17
100
AcDbEntity
  8
CLEARING_LIMITS
100
AcDbPolyline
 90
4
 70
0
 10
2486648.1045968654
 20
418064.18318020395
 10
2486635.994921049
 20
418080.5890473425
 10
2486644.979296294
 20
418082.1518328861
 10
2486648.1045968654
 20
418064.18318020395
  0
LWPOLYLINE
  5
171
330
17
100
AcDbEntity
  8
CLEARING_LIMITS
100
AcDbPolyline
 90
4
 70
0
 10
2486633.5488069314
 20
418097.1097207311
 10
2486642.533084369
 20
418098.6722357586
 10
2486620.2538075596
 20
418180.0964134837
 10
2486633.5488069314
 20
418097.1097207311
  0
LWPOLYLINE
  5
172
330
17
100
AcDbEntity
  8
CLEARING_LIMITS
100
AcDbPolyline
 90
4
 70
0
 10
2486642.533084369
 20
418098.6722357586
 10
2486620.2538075596
 20
418180.0964134837
 10
2486629.2381828045
 20
418181.65919902734
 10
2486642.533084369
 20
418098.6722357586
  0
LWPOLYLINE
  5
173
330
17
100
AcDbEntity
  8
CLEARING_LIMITS
100
AcDbPolyline
 90
4
 70
0
 10
2486616.7439264064
 20
418197.00139693834
 10
2486625.7283016513
 20
418198.56418248196
 10
2486614.2977144807
 20
418213.52179981093
 10
2486616.7439264064
 20
418197.00139693834
  0
LWPOLYLINE
  5
174
330
17
100
AcDbEntity
  8
CLEARING_LIMITS
100
AcDbPolyline
 90
4
 70
0
 10
2486625.7283016513
 20
418198.56418248196
 10
2486614.2977144807
 20
418213.52179981093
 10
2486623.2820897256
 20
418215.0845853545
 10
2486625.7283016513
 20
418198.56418248196
  0
LWPOLYLINE
  5
175
330
17
100
AcDbEntity
  8
CLEARING_LIMITS
100
AcDbPolyline
 90
4
 70
0
 10
2486612.236083137
 20
418231.1058719109
 10
2486621.220458382
 20
418232.66865745455
 10
2486608.725931468
 20
418248.01095317345
 10
2486612.236083137
 20
418231.1058719109
  0
LWPOLYLINE
  5
176
330
17
100
AcDbEntity
  8
CLEARING_LIMITS
100
AcDbPolyline
 90
4
 70
0
 10
2486621.220458382
 20
418232.66865745455
 10
2486608.725931468
 20
418248.01095317345
 10
2486617.710306713
 20
418249.57373871707
 10
2486621.220458382
 20
418232.66865745455
  0
LWPOLYLINE
  5
177
330
17
100
AcDbEntity
  8
CLEARING_LIMITS
100
AcDbPolyline
 90
4
 70
0
 10
2486603.5875576595
 20
418257.08540093724
 10
2486607.7280671597
 20
418265.2107152075
 10
2486543.226119702
 20
418289.7347780219
 10
2486603.5875576595
 20
418257.08540093724
  0
LWPOLYLINE
  5
178
330
17
100
AcDbEntity
  8
CLEARING_LIMITS
100
AcDbPolyline
 90
4
 70
0
 10
2486607.7280671597
 20
418265.2107152075
 10
2486543.226119702
 20
418289.7347780219
 10
2486547.3665313944
 20
418297.85982177604
 10
2486607.7280671597
 20
418265.2107152075
  0
LWPOLYLINE
  5
179
330
17
100
AcDbEntity
  8
CLEARING_LIMITS
100
AcDbPolyline
 90
4
 70
0
 10
2486541.098781247
 20
418290.5039391861
 10
2486549.1098302994
 20
418296.0267957686
 10
2486531.795532531
 20
418304.69239535084
 10
2486541.098781247
 20
418290.5039391861
  0
LWPOLYLINE
  5
17A
330
17
100
AcDbEntity
  8
CLEARING_LIMITS
100
AcDbPolyline
 90
4
 70
0
 10
2486549.1098302994
 20
418296.0267957686
 10
2486531.795532531
 20
418304.69239535084
 10
2486539.806581584
 20
418310.2152519333
 10
2486549.1098302994
 20
418296.0267957686
  0
LWPOLYLINE
  5
17B
330
17
100
AcDbEntity
  8
CLEARING_LIMITS
100
AcDbPolyline
 90
4
 70
0
 10
2486522.4923816235
 20
418318.88112203166
 10
2486530.5034306757
 20
418324.40397861414
 10
2486515.6115204585
 20
418329.7883023793
 10
2486522.4923816235
 20
418318.88112203166
  0
LWPOLYLINE
  5
17C
330
17
100
AcDbEntity
  8
CLEARING_LIMITS
100
AcDbPolyline
 90
4
 70
0
 10
2486530.5034306757
 20
418324.40397861414
 10
2486515.6115204585
 20
418329.7883023793
 10
2486523.6220284784
 20
418335.31135457754
 10
2486530.5034306757
 20
418324.40397861414
  0
LWPOLYLINE
  5
17D
330
17
100
AcDbEntity
  8
CLEARING_LIMITS
100
AcDbPolyline
 90
4
 70
0
 10
2486515.0219632997
 20
418334.81233606936
 10
2486523.531858152
 20
418331.7354957968
 10
2486516.175802854
 20
418338.003614268
 10
2486515.0219632997
 20
418334.81233606936
  0
LWPOLYLINE
  5
17E
330
17
100
AcDbEntity
  8
CLEARING_LIMITS
100
AcDbPolyline
 90
4
 70
0
 10
2486523.531858152
 20
418331.7354957968
 10
2486516.175802854
 20
418338.003614268
 10
2486524.685697706
 20
418334.92677399545
 10
2486523.531858152
 20
418331.7354957968
  0
LWPOLYLINE
  5
17F
330
17
100
AcDbEntity
  8
CLEARING_LIMITS
100
AcDbPolyline
 90
4
 70
0
 10
2486523.0083764284
 20
418353.5746131309
 10
2486531.518271281
 20
418350.4977728583
 10
2486528.777378584
 20
418369.53046309197
 10
2486523.0083764284
 20
418353.5746131309
  0
LWPOLYLINE
  5
180
330
17
100
AcDbEntity
  8
CLEARING_LIMITS
100
AcDbPolyline
 90
4
 70
0
 10
2486531.518271281
 20
418350.4977728583
 10
2486528.777378584
 20
418369.53046309197
 10
2486537.287273436
 20
418366.4536228194
 10
2486531.518271281
 20
418350.4977728583
  0
LWPOLYLINE
  5
181
330
17
100
AcDbEntity
  8
CLEARING_LIMITS
100
AcDbPolyline
 90
4
 70
0
 10
2486534.5462829308
 20
418385.48604253697
 10
2486543.0561777833
 20
418382.4092022644
 10
2486565.5188797703
 20
418464.49512401415
 10
2486534.5462829308
 20
418385.48604253697
  0
LWPOLYLINE
  5
182
330
17
100
AcDbEntity
  8
CLEARING_LIMITS
100
AcDbPolyline
 90
4
 70
0
 10
2486543.0561777833
 20
418382.4092022644
 10
2486565.5188797703
 20
418464.49512401415
 10
2486574.0282335905
 20
418461.4184793573
 10
2486543.0561777833
 20
418382.4092022644
  0
LWPOLYLINE
  5
183
330
17
100
AcDbEntity
  8
CLEARING_LIMITS
100
AcDbPolyline
 90
4
 70
0
 10
2486571.2878819252
 20
418480.4509739752
 10
2486579.7972357455
 20
418477.3743293184
 10
2486577.0567862727
 20
418496.4065534202
 10
2486571.2878819252
 20
418480.4509739752
  0
LWPOLYLINE
  5
184
330
17
100
AcDbEntity
  8
CLEARING_LIMITS
100
AcDbPolyline
 90
4
 70
0
 10
2486579.7972357455
 20
418477.3743293184
 10
2486577.0567862727
 20
418496.4065534202
 10
2486585.566140093
 20
418493.3299087634
 10
2486579.7972357455
 20
418477.3743293184
  0
LWPOLYLINE
  5
185
330
17
100
AcDbEntity
  8
CLEARING_LIMITS
100
AcDbPolyline
 90
4
 70
0
 10
2486582.8256906196
 20
418512.3621328652
 10
2486591.33504444
 20
418509.2854882084
 10
2486589.6583620026
 20
418527.9334022442
 10
2486582.8256906196
 20
418512.3621328652
  0
LWPOLYLINE
  5
186
330
17
100
AcDbEntity
  8
CLEARING_LIMITS
100
AcDbPolyline
 90
4
 70
0
 10
2486591.33504444
 20
418509.2854882084
 10
2486589.6583620026
 20
418527.9334022442
 10
2486598.167715823
 20
418524.85675758735
 10
2486591.33504444
 20
418509.2854882084
  0
LWPOLYLINE
  5
187
330
17
100
AcDbEntity
  8
CLEARING_LIMITS
100
AcDbPolyline
 90
4
 70
0
 10
2486595.42726635
 20
418543.8889816892
 10
2486603.93662017
 20
418540.81233703234
 10
2486625.3356529293
 20
418623.2828393642
 10
2486595.42726635
 20
418543.8889816892
  0
LWPOLYLINE
  5
188
330
17
100
AcDbEntity
  8
CLEARING_LIMITS
100
AcDbPolyline
 90
4
 70
0
 10
2486603.93662017
 20
418540.81233703234
 10
2486625.3356529293
 20
418623.2828393642
 10
2486633.8450067495
 20
418620.2061947074
 10
2486603.93662017
 20
418540.81233703234
  0
LWPOLYLINE
  5
189
330
17
100
AcDbEntity
  8
CLEARING_LIMITS
100
AcDbPolyline
 90
4
 70
0
 10
2486632.168324312
 20
418638.8541087432
 10
2486640.6776781324
 20
418635.77746408636
 10
2486637.937228659
 20
418654.8096881882
 10
2486632.168324312
 20
418638.8541087432
  0
LWPOLYLINE
  5
18A
330
17
100
AcDbEntity
  8
CLEARING_LIMITS
100
AcDbPolyline
 90
4
 70
0
 10
2486640.6776781324
 20
418635.77746408636
 10
2486637.937228659
 20
418654.8096881882
 10
2486646.4465824794
 20
418651.73304353136
 10
2486640.6776781324
 20
418635.77746408636
  0
LWPOLYLINE
  5
18B
330
17
100
AcDbEntity
  8
CLEARING_LIMITS
100
AcDbPolyline
 90
4
 70
0
 10
2486643.7061330066
 20
418670.76526763313
 10
2486652.215486827
 20
418667.68862297636
 10
2486649.4751351615
 20
418686.7211175942
 10
2486643.7061330066
 20
418670.76526763313
  0
LWPOLYLINE
  5
18C
330
17
100
AcDbEntity
  8
CLEARING_LIMITS
100
AcDbPolyline
 90
4
 70
0
 10
2486652.215486827
 20
418667.68862297636
 10
2486649.4751351615
 20
418686.7211175942
 10
2486657.984488982
 20
418683.64447293745
 10
2486652.215486827
 20
418667.68862297636
  0
LWPOLYLINE
  5
18D
330
17
100
AcDbEntity
  8
CLEARING_LIMITS
100
AcDbPolyline
 90
4
 70
0
 10
2486656.3077087365
 20
418702.29211645713
 10
2486664.8176035886
 20
418699.21527618455
 10
2486660.9228713373
 20
418715.05668821954
 10
2486656.3077087365
 20
418702.29211645713
  0
LWPOLYLINE
  5
18E
330
17
100
AcDbEntity
  8
CLEARING_LIMITS
100
AcDbPolyline
 90
4
 70
0
 10
2486664.8176035886
 20
418699.21527618455
 10
2486660.9228713373
 20
418715.05668821954
 10
2486669.43276619
 20
418711.979847947
 10
2486664.8176035886
 20
418699.21527618455
  0
LWPOLYLINE
  5
18F
330
17
100
AcDbEntity
  8
CLEARING_LIMITS
100
AcDbPolyline
 90
4
 70
0
 10
2486662.755701729
 20
418716.7994460925
 10
2486667.5993947657
 20
418710.2372856898
 10
2486696.6317440737
 20
418740.63429204293
 10
2486662.755701729
 20
418716.7994460925
  0
LWPOLYLINE
  5
190
330
17
100
AcDbEntity
  8
CLEARING_LIMITS
100
AcDbPolyline
 90
4
 70
0
 10
2486667.5993947657
 20
418710.2372856898
 10
2486696.6317440737
 20
418740.63429204293
 10
2486701.0907587204
 20
418733.00819189666
 10
2486667.5993947657
 20
418710.2372856898
  0
LWPOLYLINE
  5
191
330
17
100
AcDbEntity
  8
CLEARING_LIMITS
100
AcDbPolyline
 90
4
 70
0
 10
2486701.655582148
 20
418741.2233081696
 10
2486696.4515012284
 20
418733.48284499755
 10
2486727.3891612175
 20
418725.9054756659
 10
2486701.655582148
 20
418741.2233081696
  0
LWPOLYLINE
  5
192
330
17
100
AcDbEntity
  8
CLEARING_LIMITS
100
AcDbPolyline
 90
4
 70
0
 10
2486696.4515012284
 20
418733.48284499755
 10
2486727.3891612175
 20
418725.9054756659
 10
2486722.18498249
 20
418718.16474197776
 10
2486696.4515012284
 20
418733.48284499755
  0
LWPOLYLINE
  5
193
330
17
100
AcDbEntity
  8
CLEARING_LIMITS
100
AcDbPolyline
 90
4
 70
0
 10
2486741.127231881
 20
418717.3298737021
 10
2486736.986820189
 20
418709.2048299479
 10
2486756.3139206776
 20
418709.43353309185
 10
2486741.127231881
 20
418717.3298737021
  0
LWPOLYLINE
  5
194
330
17
100
AcDbEntity
  8
CLEARING_LIMITS
100
AcDbPolyline
 90
4
 70
0
 10
2486736.986820189
 20
418709.2048299479
 10
2486756.3139206776
 20
418709.43353309185
 10
2486752.1735089854
 20
418701.30848933774
 10
2486736.986820189
 20
418709.2048299479
  0
LWPOLYLINE
  5
195
330
17
100
AcDbEntity
  8
CLEARING_LIMITS
100
AcDbPolyline
 90
4
 70
0
 10
2486771.1156605687
 20
418700.473350546
 10
2486765.911579649
 20
418692.73288737395
 10
2486785.9177687834
 20
418691.5133407083
 10
2486771.1156605687
 20
418700.473350546
  0
LWPOLYLINE
  5
196
330
17
100
AcDbEntity
  8
CLEARING_LIMITS
100
AcDbPolyline
 90
4
 70
0
 10
2486765.911579649
 20
418692.73288737395
 10
2486785.9177687834
 20
418691.5133407083
 10
2486780.7134173475
 20
418683.7729753441
 10
2486765.911579649
 20
418692.73288737395
  0
LWPOLYLINE
  5
197
330
17
100
AcDbEntity
  8
CLEARING_LIMITS
100
AcDbPolyline
 90
4
 70
0
 10
2486799.6558394465
 20
418682.9377387445
 10
2486795.9000083366
 20
418675.87636421784
 10
2486873.3708652933
 20
418640.64936098456
 10
2486799.6558394465
 20
418682.9377387445
  0
LWPOLYLINE
  5
198
330
17
100
AcDbEntity
  8
CLEARING_LIMITS
100
AcDbPolyline
 90
4
 70
0
 10
2486795.9000083366
 20
418675.87636421784
 10
2486873.3708652933
 20
418640.64936098456
 10
2486869.230183085
 20
418632.5244150383
 10
2486795.9000083366
 20
418675.87636421784
  0
LWPOLYLINE
  5
199
330
17
100
AcDbEntity
  8
CLEARING_LIMITS
100
AcDbPolyline
 90
4
 70
0
 10
2486888.172702992
 20
418631.68944895477
 10
2486884.0322912997
 20
418623.5644052006
 10
2486902.9744428825
 20
418622.72926640883
 10
2486888.172702992
 20
418631.68944895477
  0
LWPOLYLINE
  5
19A
330
17
100
AcDbEntity
  8
CLEARING_LIMITS
100
AcDbPolyline
 90
4
 70
0
 10
2486884.0322912997
 20
418623.5644052006
 10
2486902.9744428825
 20
418622.72926640883
 10
2486898.154942545
 20
418616.0524724643
 10
2486884.0322912997
 20
418623.5644052006
  0
LWPOLYLINE
  5
19B
330
17
100
AcDbEntity
  8
CLEARING_LIMITS
100
AcDbPolyline
 90
4
 70
0
 10
2486917.097462452
 20
418615.21750638075
 10
2486912.95705076
 20
418607.0924626266
 10
2486931.8993001506
 20
418606.25759435096
 10
2486917.097462452
 20
418615.21750638075
  0
LWPOLYLINE
  5
19C
330
17
100
AcDbEntity
  8
CLEARING_LIMITS
100
AcDbPolyline
 90
4
 70
0
 10
2486912.95705076
 20
418607.0924626266
 10
2486931.8993001506
 20
418606.25759435096
 10
2486927.7587906504
 20
418598.1322800807
 10
2486912.95705076
 20
418607.0924626266
  0
LWPOLYLINE
  5
19D
330
17
100
AcDbEntity
  8
CLEARING_LIMITS
100
AcDbPolyline
 90
4
 70
0
 10
2486946.7010400416
 20
418597.297411805
 10
2486942.5606283494
 20
418589.17236805084
 10
2487012.291022134
 20
418559.1494457373
 10
2486946.7010400416
 20
418597.297411805
  0
LWPOLYLINE
  5
19E
330
17
100
AcDbEntity
  8
CLEARING_LIMITS
100
AcDbPolyline
 90
4
 70
0
 10
2486942.5606283494
 20
418589.17236805084
 10
2487012.291022134
 20
418559.1494457373
 10
2487007.0869412143
 20
418551.4089825653
 10
2486942.5606283494
 20
418589.17236805084
  0
LWPOLYLINE
  5
19F
330
17
100
AcDbEntity
  8
CLEARING_LIMITS
100
AcDbPolyline
 90
4
 70
0
 10
2487012.291022134
 20
418559.1494457373
 10
2487006.4078525687
 20
418552.8572323749
 10
2487019.262324142
 20
418551.81802636257
 10
2487012.291022134
 20
418559.1494457373
  0
LWPOLYLINE
  5
1A0
330
17
100
AcDbEntity
  8
CLEARING_LIMITS
100
AcDbPolyline
 90
4
 70
0
 10
2487006.4078525687
 20
418552.8572323749
 10
2487019.262324142
 20
418551.81802636257
 10
2487013.3790567685
 20
418545.525542484
 10
2487006.4078525687
 20
418552.8572323749
  0
LWPOLYLINE
  5
1A1
330
17
100
AcDbEntity
  8
CLEARING_LIMITS
100
AcDbPolyline
 90
4
 70
0
 10
2487031.846923575
 20
418540.0513189083
 10
2487024.8997164583
 20
418534.1435134198
 10
2487043.367583264
 20
418528.66928984405
 10
2487031.846923575
 20
418540.0513189083
  0
LWPOLYLINE
  5
1A2
330
17
100
AcDbEntity
  8
CLEARING_LIMITS
100
AcDbPolyline
 90
4
 70
0
 10
2487024.8997164583
 20
418534.1435134198
 10
2487043.367583264
 20
418528.66928984405
 10
2487037.484143183
 20
418522.3771742895
 10
2487024.8997164583
 20
418534.1435134198
  0
LWPOLYLINE
  5
1A3
330
17
100
AcDbEntity
  8
CLEARING_LIMITS
100
AcDbPolyline
 90
4
 70
0
 10
2487055.9519121815
 20
418516.9026801977
 10
2487050.0684721
 20
418510.6105646431
 10
2487068.5362410983
 20
418505.1360705513
 10
2487055.9519121815
 20
418516.9026801977
  0
LWPOLYLINE
  5
1A4
330
17
100
AcDbEntity
  8
CLEARING_LIMITS
100
AcDbPolyline
 90
4
 70
0
 10
2487050.0684721
 20
418510.6105646431
 10
2487068.5362410983
 20
418505.1360705513
 10
2487061.2044533994
 20
418498.1645958352
 10
2487050.0684721
 20
418510.6105646431
  0
LWPOLYLINE
  5
1A5
330
17
100
AcDbEntity
  8
CLEARING_LIMITS
100
AcDbPolyline
 90
4
 70
0
 10
2487080.0569007876
 20
418493.754041487
 10
2487073.7890528324
 20
418486.397888381
 10
2487130.688995035
 20
418444.1755860565
 10
2487080.0569007876
 20
418493.754041487
  0
LWPOLYLINE
  5
1A6
330
17
100
AcDbEntity
  8
CLEARING_LIMITS
100
AcDbPolyline
 90
4
 70
0
 10
2487073.7890528324
 20
418486.397888381
 10
2487130.688995035
 20
418444.1755860565
 10
2487123.7420584345
 20
418438.2676827601
 10
2487073.7890528324
 20
418486.397888381
  0
LWPOLYLINE
  5
1A7
330
17
100
AcDbEntity
  8
CLEARING_LIMITS
100
AcDbPolyline
 90
4
 70
0
 10
2487129.6253258074
 20
418444.5601666386
 10
2487124.805727662
 20
418437.883102178
 10
2487142.6843078253
 20
418437.4328144844
 10
2487129.6253258074
 20
418444.5601666386
  0
LWPOLYLINE
  5
1A8
330
17
100
AcDbEntity
  8
CLEARING_LIMITS
100
AcDbPolyline
 90
4
 70
0
 10
2487124.805727662
 20
418437.883102178
 10
2487142.6843078253
 20
418437.4328144844
 10
2487137.4802269056
 20
418429.6923513124
 10
2487124.805727662
 20
418437.883102178
  0
LWPOLYLINE
  5
1A9
330
17
100
AcDbEntity
  8
CLEARING_LIMITS
100
AcDbPolyline
 90
4
 70
0
 10
2487157.4864160405
 20
418428.4728046467
 10
2487152.2820646046
 20
418420.7324392825
 10
2487171.2244867035
 20
418419.8972026829
 10
2487157.4864160405
 20
418428.4728046467
  0
LWPOLYLINE
  5
1AA
330
17
100
AcDbEntity
  8
CLEARING_LIMITS
100
AcDbPolyline
 90
4
 70
0
 10
2487152.2820646046
 20
418420.7324392825
 10
2487171.2244867035
 20
418419.8972026829
 10
2487167.0840750113
 20
418411.77215892874
 10
2487152.2820646046
 20
418420.7324392825
  0
LWPOLYLINE
  5
1AB
330
17
100
AcDbEntity
  8
CLEARING_LIMITS
100
AcDbPolyline
 90
4
 70
0
 10
2487186.026324402
 20
418410.93729065306
 10
2487180.8222434823
 20
418403.19682748104
 10
2487200.8283348093
 20
418401.9770102993
 10
2487186.026324402
 20
418410.93729065306
  0
LWPOLYLINE
  5
1AC
330
17
100
AcDbEntity
  8
CLEARING_LIMITS
100
AcDbPolyline
 90
4
 70
0
 10
2487180.8222434823
 20
418403.19682748104
 10
2487200.8283348093
 20
418401.9770102993
 10
2487195.6239833734
 20
418394.2366449351
 10
2487180.8222434823
 20
418403.19682748104
  0
LWPOLYLINE
  5
1AD
330
17
100
AcDbEntity
  8
CLEARING_LIMITS
100
AcDbPolyline
 90
4
 70
0
 10
2487214.5665032803
 20
418393.4016788516
 10
2487210.426091588
 20
418385.2766350974
 10
2487287.896948545
 20
418350.0496318642
 10
2487214.5665032803
 20
418393.4016788516
  0
LWPOLYLINE
  5
1AE
330
17
100
AcDbEntity
  8
CLEARING_LIMITS
100
AcDbPolyline
 90
4
 70
0
 10
2487210.426091588
 20
418385.2766350974
 10
2487287.896948545
 20
418350.0496318642
 10
2487282.692499301
 20
418342.3089959839
 10
2487210.426091588
 20
418385.2766350974
  0
LWPOLYLINE
  5
1AF
330
17
100
AcDbEntity
  8
CLEARING_LIMITS
100
AcDbPolyline
 90
4
 70
0
 10
2487302.6986884354
 20
418341.08944931824
 10
2487297.4946075156
 20
418333.3489861462
 10
2487316.436856907
 20
418332.51411787054
 10
2487302.6986884354
 20
418341.08944931824
  0
LWPOLYLINE
  5
1B0
330
17
100
AcDbEntity
  8
CLEARING_LIMITS
100
AcDbPolyline
 90
4
 70
0
 10
2487297.4946075156
 20
418333.3489861462
 10
2487316.436856907
 20
418332.51411787054
 10
2487312.2963474067
 20
418324.3888036003
 10
2487297.4946075156
 20
418333.3489861462
  0
LWPOLYLINE
  5
1B1
330
17
100
AcDbEntity
  8
CLEARING_LIMITS
100
AcDbPolyline
 90
4
 70
0
 10
2487331.2388673136
 20
418323.55383751675
 10
2487327.0984556214
 20
418315.4287937626
 10
2487346.040705012
 20
418314.5939254869
 10
2487331.2388673136
 20
418323.55383751675
  0
LWPOLYLINE
  5
1B2
330
17
100
AcDbEntity
  8
CLEARING_LIMITS
100
AcDbPolyline
 90
4
 70
0
 10
2487327.0984556214
 20
418315.4287937626
 10
2487346.040705012
 20
418314.5939254869
 10
2487340.836526285
 20
418306.8531917988
 10
2487327.0984556214
 20
418315.4287937626
  0
LWPOLYLINE
  5
1B3
330
17
100
AcDbEntity
  8
CLEARING_LIMITS
100
AcDbPolyline
 90
4
 70
0
 10
2487360.8427154194
 20
418305.6336451331
 10
2487355.6383639835
 20
418297.89327976893
 10
2487432.724640358
 20
418261.6026073082
 10
2487360.8427154194
 20
418305.6336451331
  0
LWPOLYLINE
  5
1B4
330
17
100
AcDbEntity
  8
CLEARING_LIMITS
100
AcDbPolyline
 90
4
 70
0
 10
2487355.6383639835
 20
418297.89327976893
 10
2487432.724640358
 20
418261.6026073082
 10
2487428.5842286656
 20
418253.477563554
 10
2487355.6383639835
 20
418297.89327976893
  0
LWPOLYLINE
  5
1B5
330
17
100
AcDbEntity
  8
CLEARING_LIMITS
100
AcDbPolyline
 90
4
 70
0
 10
2487447.526650765
 20
418252.6423269544
 10
2487442.706879911
 20
418245.96563081775
 10
2487462.3284884635
 20
418243.68241492455
 10
2487447.526650765
 20
418252.6423269544
  0
LWPOLYLINE
  5
1B6
330
17
100
AcDbEntity
  8
CLEARING_LIMITS
100
AcDbPolyline
 90
4
 70
0
 10
2487442.706879911
 20
418245.96563081775
 10
2487462.3284884635
 20
418243.68241492455
 10
2487457.5089881257
 20
418237.00562098
 10
2487442.706879911
 20
418245.96563081775
  0
LWPOLYLINE
  5
1B7
330
17
100
AcDbEntity
  8
CLEARING_LIMITS
100
AcDbPolyline
 90
4
 70
0
 10
2487476.451237517
 20
418236.1707527044
 10
2487472.310728017
 20
418228.0454384341
 10
2487491.2532479237
 20
418227.2104723506
 10
2487476.451237517
 20
418236.1707527044
  0
LWPOLYLINE
  5
1B8
330
17
100
AcDbEntity
  8
CLEARING_LIMITS
100
AcDbPolyline
 90
4
 70
0
 10
2487472.310728017
 20
418228.0454384341
 10
2487491.2532479237
 20
418227.2104723506
 10
2487486.048896488
 20
418219.4701069864
 10
2487472.310728017
 20
418228.0454384341
  0
LWPOLYLINE
  5
1B9
330
17
100
AcDbEntity
  8
CLEARING_LIMITS
100
AcDbPolyline
 90
4
 70
0
 10
2487506.0550856222
 20
418218.25056032074
 10
2487500.850906895
 20
418210.5098266326
 10
2487577.9371832693
 20
418174.2191541718
 10
2487506.0550856222
 20
418218.25056032074
  0
LWPOLYLINE
  5
1BA
330
17
100
AcDbEntity
  8
CLEARING_LIMITS
100
AcDbPolyline
 90
4
 70
0
 10
2487500.850906895
 20
418210.5098266326
 10
2487577.9371832693
 20
418174.2191541718
 10
2487573.796771577
 20
418166.09411041765
 10
2487500.850906895
 20
418210.5098266326
  0
LWPOLYLINE
  5
1BB
330
17
100
AcDbEntity
  8
CLEARING_LIMITS
100
AcDbPolyline
 90
4
 70
0
 10
2487592.739020968
 20
418165.25924214197
 10
2487587.5348422406
 20
418157.51850845385
 10
2487607.541031375
 20
418156.2989617882
 10
2487592.739020968
 20
418165.25924214197
  0
LWPOLYLINE
  5
1BC
330
17
100
AcDbEntity
  8
CLEARING_LIMITS
100
AcDbPolyline
 90
4
 70
0
 10
2487587.5348422406
 20
418157.51850845385
 10
2487607.541031375
 20
418156.2989617882
 10
2487602.336679939
 20
418148.558596424
 10
2487587.5348422406
 20
418157.51850845385
  0
LWPOLYLINE
  5
1BD
330
17
100
AcDbEntity
  8
CLEARING_LIMITS
100
AcDbPolyline
 90
4
 70
0
 10
2487621.279199846
 20
418147.7236303405
 10
2487617.138690346
 20
418139.5983160702
 10
2487636.080939737
 20
418138.7634477946
 10
2487621.279199846
 20
418147.7236303405
  0
LWPOLYLINE
  5
1BE
330
17
100
AcDbEntity
  8
CLEARING_LIMITS
100
AcDbPolyline
 90
4
 70
0
 10
2487617.138690346
 20
418139.5983160702
 10
2487636.080939737
 20
418138.7634477946
 10
2487632.325108627
 20
418131.70207326795
 10
2487617.138690346
 20
418139.5983160702
  0
LWPOLYLINE
  5
1BF
330
17
100
AcDbEntity
  8
CLEARING_LIMITS
100
AcDbPolyline
 90
4
 70
0
 10
2487650.883047952
 20
418129.8034379569
 10
2487646.063277098
 20
418123.1267418202
 10
2487723.1495534726
 20
418086.83606935944
 10
2487650.883047952
 20
418129.8034379569
  0
LWPOLYLINE
  5
1C0
330
17
100
AcDbEntity
  8
CLEARING_LIMITS
100
AcDbPolyline
 90
4
 70
0
 10
2487646.063277098
 20
418123.1267418202
 10
2487723.1495534726
 20
418086.83606935944
 10
2487719.0090439725
 20
418078.7107550892
 10
2487646.063277098
 20
418123.1267418202
  0
LWPOLYLINE
  5
1C1
330
17
100
AcDbEntity
  8
CLEARING_LIMITS
100
AcDbPolyline
 90
4
 70
0
 10
2487737.9515638794
 20
418077.87578900566
 10
2487733.810881671
 20
418069.7508430594
 10
2487752.753401578
 20
418068.9158769758
 10
2487737.9515638794
 20
418077.87578900566
  0
LWPOLYLINE
  5
1C2
330
17
100
AcDbEntity
  8
CLEARING_LIMITS
100
AcDbPolyline
 90
4
 70
0
 10
2487733.810881671
 20
418069.7508430594
 10
2487752.753401578
 20
418068.9158769758
 10
2487747.5492228507
 20
418061.1751432877
 10
2487733.810881671
 20
418069.7508430594
  0
LWPOLYLINE
  5
1C3
330
17
100
AcDbEntity
  8
CLEARING_LIMITS
100
AcDbPolyline
 90
4
 70
0
 10
2487767.555141469
 20
418059.9556944299
 10
2487762.3510605493
 20
418052.21523125784
 10
2487781.293580456
 20
418051.3802651743
 10
2487767.555141469
 20
418059.9556944299
  0
LWPOLYLINE
  5
1C4
330
17
100
AcDbEntity
  8
CLEARING_LIMITS
100
AcDbPolyline
 90
4
 70
0
 10
2487762.3510605493
 20
418052.21523125784
 10
2487781.293580456
 20
418051.3802651743
 10
2487777.153070956
 20
418043.25495090405
 10
2487762.3510605493
 20
418052.21523125784
  0
LWPOLYLINE
  5
1C5
330
17
100
AcDbEntity
  8
CLEARING_LIMITS
100
AcDbPolyline
 90
4
 70
0
 10
2487796.095320347
 20
418042.4200826284
 10
2487790.8912394275
 20
418034.67961945635
 10
2487869.4257656117
 20
417999.068035641
 10
2487796.095320347
 20
418042.4200826284
  0
LWPOLYLINE
  5
1C6
330
17
100
AcDbEntity
  8
CLEARING_LIMITS
100
AcDbPolyline
 90
4
 70
0
 10
2487790.8912394275
 20
418034.67961945635
 10
2487869.4257656117
 20
417999.068035641
 10
2487864.221684692
 20
417991.3275724689
 10
2487790.8912394275
 20
418034.67961945635
  0
LWPOLYLINE
  5
1C7
330
17
100
AcDbEntity
  8
CLEARING_LIMITS
100
AcDbPolyline
 90
4
 70
0
 10
2487883.1638362748
 20
417990.4924336772
 10
2487879.0234245826
 20
417982.367389923
 10
2487897.9659444895
 20
417981.5324238395
 10
2487883.1638362748
 20
417990.4924336772
  0
LWPOLYLINE
  5
1C8
330
17
100
AcDbEntity
  8
CLEARING_LIMITS
100
AcDbPolyline
 90
4
 70
0
 10
2487879.0234245826
 20
417982.367389923
 10
2487897.9659444895
 20
417981.5324238395
 10
2487893.825262281
 20
417973.40747789317
 10
2487879.0234245826
 20
417982.367389923
  0
LWPOLYLINE
  5
1C9
330
17
100
AcDbEntity
  8
CLEARING_LIMITS
100
AcDbPolyline
 90
4
 70
0
 10
2487912.7676843805
 20
417972.57224129356
 10
2487907.563603461
 20
417964.83177812153
 10
2487927.569522079
 20
417963.61232926376
 10
2487912.7676843805
 20
417972.57224129356
  0
LWPOLYLINE
  5
1CA
330
17
100
AcDbEntity
  8
CLEARING_LIMITS
100
AcDbPolyline
 90
4
 70
0
 10
2487907.563603461
 20
417964.83177812153
 10
2487927.569522079
 20
417963.61232926376
 10
2487922.7500217413
 20
417956.9355353192
 10
2487907.563603461
 20
417964.83177812153
  0
LWPOLYLINE
  5
1CB
330
17
100
AcDbEntity
  8
CLEARING_LIMITS
100
AcDbPolyline
 90
4
 70
0
 10
2487941.6925416486
 20
417956.1005692357
 10
2487937.5517616323
 20
417947.9753527733
 10
2488014.6380380066
 20
417911.6846803125
 10
2487941.6925416486
 20
417956.1005692357
  0
LWPOLYLINE
  5
1CC
330
17
100
AcDbEntity
  8
CLEARING_LIMITS
100
AcDbPolyline
 90
4
 70
0
 10
2487937.5517616323
 20
417947.9753527733
 10
2488014.6380380066
 20
417911.6846803125
 10
2488009.433957087
 20
417903.94421714044
 10
2487937.5517616323
 20
417947.9753527733
  0
LWPOLYLINE
  5
1CD
330
17
100
AcDbEntity
  8
CLEARING_LIMITS
100
AcDbPolyline
 90
4
 70
0
 10
2488029.440146222
 20
417902.7246704748
 10
2488024.236065302
 20
417894.98420730274
 10
2488043.178216885
 20
417894.14906851103
 10
2488029.440146222
 20
417902.7246704748
  0
LWPOLYLINE
  5
1CE
330
17
100
AcDbEntity
  8
CLEARING_LIMITS
100
AcDbPolyline
 90
4
 70
0
 10
2488024.236065302
 20
417894.98420730274
 10
2488043.178216885
 20
417894.14906851103
 10
2488039.4223857746
 20
417887.0876939844
 10
2488024.236065302
 20
417894.98420730274
  0
LWPOLYLINE
  5
1CF
330
17
100
AcDbEntity
  8
CLEARING_LIMITS
100
AcDbPolyline
 90
4
 70
0
 10
2488058.364635166
 20
417886.2528257087
 10
2488054.2242234736
 20
417878.12778195454
 10
2488073.1667433805
 20
417877.292815871
 10
2488058.364635166
 20
417886.2528257087
  0
LWPOLYLINE
  5
1D0
330
17
100
AcDbEntity
  8
CLEARING_LIMITS
100
AcDbPolyline
 90
4
 70
0
 10
2488054.2242234736
 20
417878.12778195454
 10
2488073.1667433805
 20
417877.292815871
 10
2488067.962564653
 20
417869.55208218284
 10
2488054.2242234736
 20
417878.12778195454
  0
LWPOLYLINE
  5
1D1
330
17
100
AcDbEntity
  8
CLEARING_LIMITS
100
AcDbPolyline
 90
4
 70
0
 10
2488087.968483271
 20
417868.3326333251
 10
2488082.7644023513
 20
417860.59217015305
 10
2488117.572331377
 20
417850.4124409415
 10
2488087.968483271
 20
417868.3326333251
  0
LWPOLYLINE
  5
1D2
330
17
100
AcDbEntity
  8
CLEARING_LIMITS
100
AcDbPolyline
 90
4
 70
0
 10
2488082.7644023513
 20
417860.59217015305
 10
2488117.572331377
 20
417850.4124409415
 10
2488113.4319196846
 20
417842.2873971873
 10
2488082.7644023513
 20
417860.59217015305
  0
LWPOLYLINE
  5
1D3
330
17
100
AcDbEntity
  8
CLEARING_LIMITS
100
AcDbPolyline
 90
4
 70
0
 10
2488118.6360006044
 20
417850.0278603594
 10
2488113.4319196846
 20
417842.2873971873
 10
2488159.466000336
 20
417823.2375579486
 10
2488118.6360006044
 20
417850.0278603594
  0
LWPOLYLINE
  5
1D4
330
17
100
AcDbEntity
  8
CLEARING_LIMITS
100
AcDbPolyline
 90
4
 70
0
 10
2488113.4319196846
 20
417842.2873971873
 10
2488159.466000336
 20
417823.2375579486
 10
2488154.2619194165
 20
417815.4970947766
 10
2488113.4319196846
 20
417842.2873971873
  0
LWPOLYLINE
  5
1D5
330
17
100
AcDbEntity
  8
CLEARING_LIMITS
100
AcDbPolyline
 90
4
 70
0
 10
2488174.267838035
 20
417814.27764591883
 10
2488169.063757115
 20
417806.53718274675
 10
2488187.621598632
 20
417804.6382769196
 10
2488174.267838035
 20
417814.27764591883
  0
LWPOLYLINE
  5
1D6
330
17
100
AcDbEntity
  8
CLEARING_LIMITS
100
AcDbPolyline
 90
4
 70
0
 10
2488169.063757115
 20
417806.53718274675
 10
2488187.621598632
 20
417804.6382769196
 10
2488182.8018277786
 20
417797.96158078295
 10
2488169.063757115
 20
417806.53718274675
  0
LWPOLYLINE
  5
1D7
330
17
100
AcDbEntity
  8
CLEARING_LIMITS
100
AcDbPolyline
 90
4
 70
0
 10
2488202.4234363306
 20
417795.6783648898
 10
2488197.219355411
 20
417787.9379017177
 10
2488216.161506994
 20
417787.10276292596
 10
2488202.4234363306
 20
417795.6783648898
  0
LWPOLYLINE
  5
1D8
330
17
100
AcDbEntity
  8
CLEARING_LIMITS
100
AcDbPolyline
 90
4
 70
0
 10
2488197.219355411
 20
417787.9379017177
 10
2488216.161506994
 20
417787.10276292596
 10
2488212.021095302
 20
417778.97771917185
 10
2488197.219355411
 20
417787.9379017177
  0
LWPOLYLINE
  5
1D9
330
17
100
AcDbEntity
  8
CLEARING_LIMITS
100
AcDbPolyline
 90
4
 70
0
 10
2488230.579034627
 20
417777.07908386074
 10
2488225.374683191
 20
417769.33871849655
 10
2488253.1212376896
 20
417762.9148203951
 10
2488230.579034627
 20
417777.07908386074
  0
LWPOLYLINE
  5
1DA
330
17
100
AcDbEntity
  8
CLEARING_LIMITS
100
AcDbPolyline
 90
4
 70
0
 10
2488225.374683191
 20
417769.33871849655
 10
2488253.1212376896
 20
417762.9148203951
 10
2488248.9808259974
 20
417754.78977664094
 10
2488225.374683191
 20
417769.33871849655
  0
LWPOLYLINE
  5
1DB
330
17
100
AcDbEntity
  8
CLEARING_LIMITS
100
AcDbPolyline
 90
4
 70
0
 10
2488254.184906917
 20
417762.53023981303
 10
2488247.91715677
 20
417755.1743572231
 10
2488296.1030390915
 20
417722.1163046651
 10
2488254.184906917
 20
417762.53023981303
  0
LWPOLYLINE
  5
1DC
330
17
100
AcDbEntity
  8
CLEARING_LIMITS
100
AcDbPolyline
 90
4
 70
0
 10
2488247.91715677
 20
417755.1743572231
 10
2488296.1030390915
 20
417722.1163046651
 10
2488289.8349206205
 20
417714.7602493669
 10
2488247.91715677
 20
417755.1743572231
  0
LWPOLYLINE
  5
1DD
330
17
100
AcDbEntity
  8
CLEARING_LIMITS
100
AcDbPolyline
 90
4
 70
0
 10
2488307.6236987812
 20
417710.7342756008
 10
2488301.355850826
 20
417703.3781224948
 10
2488319.8234471157
 20
417697.9039967269
 10
2488307.6236987812
 20
417710.7342756008
  0
LWPOLYLINE
  5
1DE
330
17
100
AcDbEntity
  8
CLEARING_LIMITS
100
AcDbPolyline
 90
4
 70
0
 10
2488301.355850826
 20
417703.3781224948
 10
2488319.8234471157
 20
417697.9039967269
 10
2488313.940179743
 20
417691.6115128484
 10
2488301.355850826
 20
417703.3781224948
  0
LWPOLYLINE
  5
1DF
330
17
100
AcDbEntity
  8
CLEARING_LIMITS
100
AcDbPolyline
 90
4
 70
0
 10
2488332.408046549
 20
417686.1372892727
 10
2488326.5245086597
 20
417679.844903202
 10
2488344.992375466
 20
417674.3706796263
 10
2488332.408046549
 20
417686.1372892727
  0
LWPOLYLINE
  5
1E0
330
17
100
AcDbEntity
  8
CLEARING_LIMITS
100
AcDbPolyline
 90
4
 70
0
 10
2488326.5245086597
 20
417679.844903202
 10
2488344.992375466
 20
417674.3706796263
 10
2488338.0452661575
 20
417668.4631446538
 10
2488326.5245086597
 20
417679.844903202
  0
LWPOLYLINE
  5
1E1
330
17
100
AcDbEntity
  8
CLEARING_LIMITS
100
AcDbPolyline
 90
4
 70
0
 10
2488356.5130351554
 20
417662.988650562
 10
2488350.6295950743
 20
417656.69653500745
 10
2488363.8688199376
 20
417656.7206298987
 10
2488356.5130351554
 20
417662.988650562
  0
LWPOLYLINE
  5
1E2
330
17
100
AcDbEntity
  8
CLEARING_LIMITS
100
AcDbPolyline
 90
4
 70
0
 10
2488350.6295950743
 20
417656.69653500745
 10
2488363.8688199376
 20
417656.7206298987
 10
2488357.6010697903
 20
417649.3647473087
 10
2488350.6295950743
 20
417656.69653500745
  0
LWPOLYLINE
  5
1E3
330
17
100
AcDbEntity
  8
CLEARING_LIMITS
100
AcDbPolyline
 90
4
 70
0
 10
2488361.7414814825
 20
417657.4897910629
 10
2488358.664739018
 20
417648.98016672663
 10
2488432.2411342394
 20
417629.5944777205
 10
2488361.7414814825
 20
417657.4897910629
  0
LWPOLYLINE
  5
1E4
330
17
100
AcDbEntity
  8
CLEARING_LIMITS
100
AcDbPolyline
 90
4
 70
0
 10
2488358.664739018
 20
417648.98016672663
 10
2488432.2411342394
 20
417629.5944777205
 10
2488429.1643917747
 20
417621.08485338424
 10
2488358.664739018
 20
417648.98016672663
  0
LWPOLYLINE
  5
1E5
330
17
100
AcDbEntity
  8
CLEARING_LIMITS
100
AcDbPolyline
 90
4
 70
0
 10
2488447.812133102
 20
417622.7619041457
 10
2488444.7352928296
 20
417614.25200929336
 10
2488463.767712547
 20
417616.99299979844
 10
2488447.812133102
 20
417622.7619041457
  0
LWPOLYLINE
  5
1E6
330
17
100
AcDbEntity
  8
CLEARING_LIMITS
100
AcDbPolyline
 90
4
 70
0
 10
2488444.7352928296
 20
417614.25200929336
 10
2488463.767712547
 20
417616.99299979844
 10
2488460.6908722743
 20
417608.4831049461
 10
2488444.7352928296
 20
417614.25200929336
  0
LWPOLYLINE
  5
1E7
330
17
100
AcDbEntity
  8
CLEARING_LIMITS
100
AcDbPolyline
 90
4
 70
0
 10
2488479.338981926
 20
417610.1603284158
 10
2488476.2621416533
 20
417601.65043356345
 10
2488495.294561371
 20
417604.39142406854
 10
2488479.338981926
 20
417610.1603284158
  0
LWPOLYLINE
  5
1E8
330
17
100
AcDbEntity
  8
CLEARING_LIMITS
100
AcDbPolyline
 90
4
 70
0
 10
2488476.2621416533
 20
417601.65043356345
 10
2488495.294561371
 20
417604.39142406854
 10
2488492.2177210986
 20
417595.8815292162
 10
2488476.2621416533
 20
417601.65043356345
  0
LWPOLYLINE
  5
1E9
330
17
100
AcDbEntity
  8
CLEARING_LIMITS
100
AcDbPolyline
 90
4
 70
0
 10
2488510.865462426
 20
417597.55857997766
 10
2488507.7887199614
 20
417589.0489556414
 10
2488589.874739519
 20
417566.5865241706
 10
2488510.865462426
 20
417597.55857997766
  0
LWPOLYLINE
  5
1EA
330
17
100
AcDbEntity
  8
CLEARING_LIMITS
100
AcDbPolyline
 90
4
 70
0
 10
2488507.7887199614
 20
417589.0489556414
 10
2488589.874739519
 20
417566.5865241706
 10
2488586.797997054
 20
417558.0768998343
 10
2488507.7887199614
 20
417589.0489556414
  0
LWPOLYLINE
  5
1EB
330
17
100
AcDbEntity
  8
CLEARING_LIMITS
100
AcDbPolyline
 90
4
 70
0
 10
2488605.446008898
 20
417559.7538527879
 10
2488601.3055972056
 20
417551.6288090338
 10
2488620.632427179
 20
417551.8576099856
 10
2488605.446008898
 20
417559.7538527879
  0
LWPOLYLINE
  5
1EC
330
17
100
AcDbEntity
  8
CLEARING_LIMITS
100
AcDbPolyline
 90
4
 70
0
 10
2488601.3055972056
 20
417551.6288090338
 10
2488620.632427179
 20
417551.8576099856
 10
2488616.4919176786
 20
417543.73229571537
 10
2488601.3055972056
 20
417551.6288090338
  0
LWPOLYLINE
  5
1ED
330
17
100
AcDbEntity
  8
CLEARING_LIMITS
100
AcDbPolyline
 90
4
 70
0
 10
2488635.819018168
 20
417543.9609988594
 10
2488631.6786064757
 20
417535.8359551052
 10
2488650.6208558665
 20
417535.0010868295
 10
2488635.819018168
 20
417543.9609988594
  0
LWPOLYLINE
  5
1EE
330
17
100
AcDbEntity
  8
CLEARING_LIMITS
100
AcDbPolyline
 90
4
 70
0
 10
2488631.6786064757
 20
417535.8359551052
 10
2488650.6208558665
 20
417535.0010868295
 10
2488646.4804441743
 20
417526.87604307535
 10
2488631.6786064757
 20
417535.8359551052
  0
LWPOLYLINE
  5
1EF
330
17
100
AcDbEntity
  8
CLEARING_LIMITS
100
AcDbPolyline
 90
4
 70
0
 10
2488665.8071763394
 20
417527.1045735111
 10
2488660.6030954197
 20
417519.3641103391
 10
2488740.291461158
 20
417486.94380472234
 10
2488665.8071763394
 20
417527.1045735111
  0
LWPOLYLINE
  5
1F0
330
17
100
AcDbEntity
  8
CLEARING_LIMITS
100
AcDbPolyline
 90
4
 70
0
 10
2488660.6030954197
 20
417519.3641103391
 10
2488740.291461158
 20
417486.94380472234
 10
2488736.150951658
 20
417478.81849045213
 10
2488660.6030954197
 20
417519.3641103391
  0
LWPOLYLINE
  5
1F1
330
17
100
AcDbEntity
  8
CLEARING_LIMITS
100
AcDbPolyline
 90
4
 70
0
 10
2488755.478052147
 20
417479.0471935961
 10
2488751.337640455
 20
417470.92214984196
 10
2488770.2798898458
 20
417470.0872815663
 10
2488755.478052147
 20
417479.0471935961
  0
LWPOLYLINE
  5
1F2
330
17
100
AcDbEntity
  8
CLEARING_LIMITS
100
AcDbPolyline
 90
4
 70
0
 10
2488751.337640455
 20
417470.92214984196
 10
2488770.2798898458
 20
417470.0872815663
 10
2488765.460389508
 20
417463.41048762173
 10
2488751.337640455
 20
417470.92214984196
  0
LWPOLYLINE
  5
1F3
330
17
100
AcDbEntity
  8
CLEARING_LIMITS
100
AcDbPolyline
 90
4
 70
0
 10
2488784.402638899
 20
417462.57561934605
 10
2488780.262129399
 20
417454.45030507585
 10
2488799.589229888
 20
417454.6790082198
 10
2488784.402638899
 20
417462.57561934605
  0
LWPOLYLINE
  5
1F4
330
17
100
AcDbEntity
  8
CLEARING_LIMITS
100
AcDbPolyline
 90
4
 70
0
 10
2488780.262129399
 20
417454.45030507585
 10
2488799.589229888
 20
417454.6790082198
 10
2488795.4488181956
 20
417446.5539644656
 10
2488780.262129399
 20
417454.45030507585
  0
LWPOLYLINE
  5
1F5
330
17
100
AcDbEntity
  8
CLEARING_LIMITS
100
AcDbPolyline
 90
4
 70
0
 10
2488814.7756481688
 20
417446.78276541753
 10
2488810.6352364765
 20
417438.65772166336
 10
2488889.2598351794
 20
417406.6217261127
 10
2488814.7756481688
 20
417446.78276541753
  0
LWPOLYLINE
  5
1F6
330
17
100
AcDbEntity
  8
CLEARING_LIMITS
100
AcDbPolyline
 90
4
 70
0
 10
2488810.6352364765
 20
417438.65772166336
 10
2488889.2598351794
 20
417406.6217261127
 10
2488885.119423487
 20
417398.4966823585
 10
2488810.6352364765
 20
417438.65772166336
  0
LWPOLYLINE
  5
1F7
330
17
100
AcDbEntity
  8
CLEARING_LIMITS
100
AcDbPolyline
 90
4
 70
0
 10
2488904.061943394
 20
417397.661716275
 10
2488900.305841768
 20
417390.6004395562
 10
2488919.248263867
 20
417389.76520295657
 10
2488904.061943394
 20
417397.661716275
  0
LWPOLYLINE
  5
1F8
330
17
100
AcDbEntity
  8
CLEARING_LIMITS
100
AcDbPolyline
 90
4
 70
0
 10
2488900.305841768
 20
417390.6004395562
 10
2488919.248263867
 20
417389.76520295657
 10
2488915.107852175
 20
417381.6401592024
 10
2488900.305841768
 20
417390.6004395562
  0
LWPOLYLINE
  5
1F9
330
17
100
AcDbEntity
  8
CLEARING_LIMITS
100
AcDbPolyline
 90
4
 70
0
 10
2488934.434682148
 20
417381.86896015424
 10
2488930.294270456
 20
417373.7439164001
 10
2488944.3027542913
 20
417375.8956202625
 10
2488934.434682148
 20
417381.86896015424
  0
LWPOLYLINE
  5
1FA
330
17
100
AcDbEntity
  8
CLEARING_LIMITS
100
AcDbPolyline
 90
4
 70
0
 10
2488930.294270456
 20
417373.7439164001
 10
2488944.3027542913
 20
417375.8956202625
 10
2488939.4832539535
 20
417369.2188263179
 10
2488930.294270456
 20
417373.7439164001
  0
LWPOLYLINE
  5
1FB
330
17
100
AcDbEntity
  8
CLEARING_LIMITS
100
AcDbPolyline
 90
4
 70
0
 10
2488944.3027542913
 20
417375.8956202625
 10
2488939.4832539535
 20
417369.2188263179
 10
2488949.621100429
 20
417373.972717352
 10
2488944.3027542913
 20
417375.8956202625
  0
LWPOLYLINE
  5
1FC
330
17
100
AcDbEntity
  8
CLEARING_LIMITS
100
AcDbPolyline
 90
4
 70
0
 10
2488939.4832539535
 20
417369.2188263179
 10
2488949.621100429
 20
417373.972717352
 10
2488944.4169217013
 20
417366.2319836638
 10
2488939.4832539535
 20
417369.2188263179
  0
LWPOLYLINE
  5
1FD
330
17
100
AcDbEntity
  8
CLEARING_LIMITS
100
AcDbPolyline
 90
4
 70
0
 10
2488963.359441608
 20
417365.3970175803
 10
2488959.2187594
 20
417357.272071634
 10
2489036.6896163565
 20
417322.04506840074
 10
2488963.359441608
 20
417365.3970175803
  0
LWPOLYLINE
  5
1FE
330
17
100
AcDbEntity
  8
CLEARING_LIMITS
100
AcDbPolyline
 90
4
 70
0
 10
2488959.2187594
 20
417357.272071634
 10
2489036.6896163565
 20
417322.04506840074
 10
2489032.933785246
 20
417314.9836938741
 10
2488959.2187594
 20
417357.272071634
  0
LWPOLYLINE
  5
1FF
330
17
100
AcDbEntity
  8
CLEARING_LIMITS
100
AcDbPolyline
 90
4
 70
0
 10
2489051.8763051536
 20
417314.14872779057
 10
2489047.7357956534
 20
417306.0234135203
 10
2489066.6783155603
 20
417305.1884474368
 10
2489051.8763051536
 20
417314.14872779057
  0
LWPOLYLINE
  5
200
330
17
100
AcDbEntity
  8
CLEARING_LIMITS
100
AcDbPolyline
 90
4
 70
0
 10
2489047.7357956534
 20
417306.0234135203
 10
2489066.6783155603
 20
417305.1884474368
 10
2489061.4739641245
 20
417297.4480820726
 10
2489047.7357956534
 20
417306.0234135203
  0
LWPOLYLINE
  5
201
330
17
100
AcDbEntity
  8
CLEARING_LIMITS
100
AcDbPolyline
 90
4
 70
0
 10
2489081.480153259
 20
417296.22853540693
 10
2489076.6606529215
 20
417289.5517414624
 10
2489095.6028045043
 20
417288.71660267067
 10
2489081.480153259
 20
417296.22853540693
  0
LWPOLYLINE
  5
202
330
17
100
AcDbEntity
  8
CLEARING_LIMITS
100
AcDbPolyline
 90
4
 70
0
 10
2489076.6606529215
 20
417289.5517414624
 10
2489095.6028045043
 20
417288.71660267067
 10
2489091.462392812
 20
417280.5915589165
 10
2489076.6606529215
 20
417289.5517414624
  0
LWPOLYLINE
  5
203
330
17
100
AcDbEntity
  8
CLEARING_LIMITS
100
AcDbPolyline
 90
4
 70
0
 10
2489110.404642203
 20
417279.7566906408
 10
2489106.2642305107
 20
417271.6316468867
 10
2489180.928660367
 20
417238.6220546272
 10
2489110.404642203
 20
417279.7566906408
  0
LWPOLYLINE
  5
204
330
17
100
AcDbEntity
  8
CLEARING_LIMITS
100
AcDbPolyline
 90
4
 70
0
 10
2489106.2642305107
 20
417271.6316468867
 10
2489180.928660367
 20
417238.6220546272
 10
2489175.7245794474
 20
417230.8815914552
 10
2489106.2642305107
 20
417271.6316468867
  0
LWPOLYLINE
  5
205
330
17
100
AcDbEntity
  8
CLEARING_LIMITS
100
AcDbPolyline
 90
4
 70
0
 10
2489180.928660367
 20
417238.6220546272
 10
2489175.7245794474
 20
417230.8815914552
 10
2489183.7350874674
 20
417236.4046436534
 10
2489180.928660367
 20
417238.6220546272
  0
LWPOLYLINE
  5
206
330
17
100
AcDbEntity
  8
CLEARING_LIMITS
100
AcDbPolyline
 90
4
 70
0
 10
2489175.7245794474
 20
417230.8815914552
 10
2489183.7350874674
 20
417236.4046436534
 10
2489178.91558713
 20
417229.72784970887
 10
2489175.7245794474
 20
417230.8815914552
  0
LWPOLYLINE
  5
207
330
17
100
AcDbEntity
  8
CLEARING_LIMITS
100
AcDbPolyline
 90
4
 70
0
 10
2489198.152246776
 20
417226.38079187996
 10
2489193.3327464387
 20
417219.70399793546
 10
2489211.8906857637
 20
417217.80536262435
 10
2489198.152246776
 20
417226.38079187996
  0
LWPOLYLINE
  5
208
330
17
100
AcDbEntity
  8
CLEARING_LIMITS
100
AcDbPolyline
 90
4
 70
0
 10
2489193.3327464387
 20
417219.70399793546
 10
2489211.8906857637
 20
417217.80536262435
 10
2489206.68623652
 20
417210.06472674414
 10
2489193.3327464387
 20
417219.70399793546
  0
LWPOLYLINE
  5
209
330
17
100
AcDbEntity
  8
CLEARING_LIMITS
100
AcDbPolyline
 90
4
 70
0
 10
2489226.3081155885
 20
417207.7814130431
 10
2489221.1037641526
 20
417200.0410476789
 10
2489239.6616056697
 20
417198.1421418517
 10
2489226.3081155885
 20
417207.7814130431
  0
LWPOLYLINE
  5
20A
330
17
100
AcDbEntity
  8
CLEARING_LIMITS
100
AcDbPolyline
 90
4
 70
0
 10
2489221.1037641526
 20
417200.0410476789
 10
2489239.6616056697
 20
417198.1421418517
 10
2489234.45752475
 20
417190.4016786797
 10
2489221.1037641526
 20
417200.0410476789
  0
LWPOLYLINE
  5
20B
330
17
100
AcDbEntity
  8
CLEARING_LIMITS
100
AcDbPolyline
 90
4
 70
0
 10
2489254.0788627863
 20
417188.1185605944
 10
2489248.8746840586
 20
417180.3778269063
 10
2489323.3589688772
 20
417140.2170581175
 10
2489254.0788627863
 20
417188.1185605944
  0
LWPOLYLINE
  5
20C
330
17
100
AcDbEntity
  8
CLEARING_LIMITS
100
AcDbPolyline
 90
4
 70
0
 10
2489248.8746840586
 20
417180.3778269063
 10
2489323.3589688772
 20
417140.2170581175
 10
2489318.1545196334
 20
417132.47642223723
 10
2489248.8746840586
 20
417180.3778269063
  0
LWPOLYLINE
  5
20D
330
17
100
AcDbEntity
  8
CLEARING_LIMITS
100
AcDbPolyline
 90
4
 70
0
 10
2489337.776128186
 20
417130.19320634403
 10
2489332.572047266
 20
417122.452743172
 10
2489351.129618267
 20
417120.5539351527
 10
2489337.776128186
 20
417130.19320634403
  0
LWPOLYLINE
  5
20E
330
17
100
AcDbEntity
  8
CLEARING_LIMITS
100
AcDbPolyline
 90
4
 70
0
 10
2489332.572047266
 20
417122.452743172
 10
2489351.129618267
 20
417120.5539351527
 10
2489345.9255373473
 20
417112.8134719807
 10
2489332.572047266
 20
417122.452743172
  0
LWPOLYLINE
  5
20F
330
17
100
AcDbEntity
  8
CLEARING_LIMITS
100
AcDbPolyline
 90
4
 70
0
 10
2489365.5468753837
 20
417110.5303538954
 10
2489360.727375046
 20
417103.85355995083
 10
2489378.900635981
 20
417100.89098489616
 10
2489365.5468753837
 20
417110.5303538954
  0
LWPOLYLINE
  5
210
330
17
100
AcDbEntity
  8
CLEARING_LIMITS
100
AcDbPolyline
 90
4
 70
0
 10
2489360.727375046
 20
417103.85355995083
 10
2489378.900635981
 20
417100.89098489616
 10
2489374.080865127
 20
417094.2142887595
 10
2489360.727375046
 20
417103.85355995083
  0
LWPOLYLINE
  5
211
330
17
100
AcDbEntity
  8
CLEARING_LIMITS
100
AcDbPolyline
 90
4
 70
0
 10
2489393.7024736796
 20
417091.93107286637
 10
2489388.498294952
 20
417084.1903391782
 10
2489429.2138567576
 20
417067.063771174
 10
2489393.7024736796
 20
417091.93107286637
  0
LWPOLYLINE
  5
212
330
17
100
AcDbEntity
  8
CLEARING_LIMITS
100
AcDbPolyline
 90
4
 70
0
 10
2489388.498294952
 20
417084.1903391782
 10
2489429.2138567576
 20
417067.063771174
 10
2489424.009775838
 20
417059.3233080019
 10
2489388.498294952
 20
417084.1903391782
  0
LINE
  5
213
330
17
100
AcDbEntity
  8
CLEARING_LIMITS
100
AcDbLine
 10
2489429.2138567576
 20
417067.063771174
 30
0.0
 11
2489424.009775838
 21
417059.3233080019
 31
0.0
  0
LWPOLYLINE
  5
214
330
17
100
AcDbEntity
  8
LANDSCAPE_POND
100
AcDbPolyline
 90
4
 70
0
 10
2488587.0927761667
 20
415027.3479256691
 10
2488584.196276548
 20
415025.9897483782
 10
2488615.279685756
 20
414938.9769091513
 10
2488587.0927761667
 20
415027.3479256691
  0
LWPOLYLINE
  5
215
330
17
100
AcDbEntity
  8
LANDSCAPE_POND
100
AcDbPolyline
 90
4
 70
0
 10
2488584.196276548
 20
415025.9897483782
 10
2488615.279685756
 20
414938.9769091513
 10
2488612.767766719
 20
414938.68240108795
 10
2488584.196276548
 20
415025.9897483782
  0
LWPOLYLINE
  5
216
330
17
100
AcDbEntity
  8
LANDSCAPE_POND
100
AcDbPolyline
 90
4
 70
0
 10
2488614.510524592
 20
414936.84957069624
 10
2488613.5369278835
 20
414940.809739543
 10
2488606.2052379926
 20
414933.83853534306
 10
2488614.510524592
 20
414936.84957069624
  0
LWPOLYLINE
  5
217
330
17
100
AcDbEntity
  8
LANDSCAPE_POND
100
AcDbPolyline
 90
4
 70
0
 10
2488613.5369278835
 20
414940.809739543
 10
2488606.2052379926
 20
414933.83853534306
 10
2488605.2316412837
 20
414937.79870418983
 10
2488613.5369278835
 20
414940.809739543
  0
LWPOLYLINE
  5
218
330
17
100
AcDbEntity
  8
LANDSCAPE_POND
100
AcDbPolyline
 90
4
 70
0
 10
2488592.8758428027
 20
414930.2385816711
 10
2488591.517665512
 20
414933.1350812903
 10
2488507.016745322
 20
414902.34618014493
 10
2488592.8758428027
 20
414930.2385816711
  0
LWPOLYLINE
  5
219
330
17
100
AcDbEntity
  8
LANDSCAPE_POND
100
AcDbPolyline
 90
4
 70
0
 10
2488591.517665512
 20
414933.1350812903
 10
2488507.016745322
 20
414902.34618014493
 10
2488505.658568031
 20
414905.24267976417
 10
2488591.517665512
 20
414933.1350812903
  0
LWPOLYLINE
  5
21A
330
17
100
AcDbEntity
  8
LANDSCAPE_POND
100
AcDbPolyline
 90
4
 70
0
 10
2488504.889406867
 20
414903.1153413091
 10
2488507.785906486
 20
414904.4735186
 10
2488501.5841339664
 20
414913.93244913797
 10
2488504.889406867
 20
414903.1153413091
  0
LWPOLYLINE
  5
21B
330
17
100
AcDbEntity
  8
LANDSCAPE_POND
100
AcDbPolyline
 90
4
 70
0
 10
2488507.785906486
 20
414904.4735186
 10
2488501.5841339664
 20
414913.93244913797
 10
2488504.4806335857
 20
414915.29062642885
 10
2488507.785906486
 20
414904.4735186
  0
LWPOLYLINE
  5
21C
330
17
100
AcDbEntity
  8
LANDSCAPE_POND
100
AcDbPolyline
 90
4
 70
0
 10
2488497.5993291964
 20
414926.1982729083
 10
2488500.4958288157
 20
414927.55645019916
 10
2488469.412419607
 20
415014.5692894261
 10
2488497.5993291964
 20
414926.1982729083
  0
LWPOLYLINE
  5
21D
330
17
100
AcDbEntity
  8
LANDSCAPE_POND
100
AcDbPolyline
 90
4
 70
0
 10
2488500.4958288157
 20
414927.55645019916
 10
2488469.412419607
 20
415014.5692894261
 10
2488471.924338644
 20
415014.8637974894
 10
2488500.4958288157
 20
414927.55645019916
  0
LWPOLYLINE
  5
21E
330
17
100
AcDbEntity
  8
LANDSCAPE_POND
100
AcDbPolyline
 90
4
 70
0
 10
2488469.412419607
 20
415014.5692894261
 10
2488472.9880078714
 20
415014.4792169073
 10
2488470.3618236165
 20
415023.8480749265
 10
2488469.412419607
 20
415014.5692894261
  0
LWPOLYLINE
  5
21F
330
17
100
AcDbEntity
  8
LANDSCAPE_POND
100
AcDbPolyline
 90
4
 70
0
 10
2488472.9880078714
 20
415014.4792169073
 10
2488470.3618236165
 20
415023.8480749265
 10
2488473.937411881
 20
415023.7580024078
 10
2488472.9880078714
 20
415014.4792169073
  0
LWPOLYLINE
  5
220
330
17
100
AcDbEntity
  8
LANDSCAPE_POND
100
AcDbPolyline
 90
4
 70
0
 10
2488471.7859785347
 20
415037.76638843527
 10
2488475.3615667997
 20
415037.67631591647
 10
2488482.9077226454
 20
415138.38598191045
 10
2488471.7859785347
 20
415037.76638843527
  0
LWPOLYLINE
  5
221
330
17
100
AcDbEntity
  8
LANDSCAPE_POND
100
AcDbPolyline
 90
4
 70
0
 10
2488475.3615667997
 20
415037.67631591647
 10
2488482.9077226454
 20
415138.38598191045
 10
2488485.419641683
 20
415138.68048997375
 10
2488475.3615667997
 20
415037.67631591647
  0
LWPOLYLINE
  5
222
330
17
100
AcDbEntity
  8
LANDSCAPE_POND
100
AcDbPolyline
 90
4
 70
0
 10
2488484.331877564
 20
415152.3042954192
 10
2488487.5228852467
 20
415151.15055367287
 10
2488494.3899524473
 20
415253.30846947647
 10
2488484.331877564
 20
415152.3042954192
  0
LWPOLYLINE
  5
223
330
17
100
AcDbEntity
  8
LANDSCAPE_POND
100
AcDbPolyline
 90
4
 70
0
 10
2488487.5228852467
 20
415151.15055367287
 10
2488494.3899524473
 20
415253.30846947647
 10
2488497.58096013
 20
415252.15472773014
 10
2488487.5228852467
 20
415151.15055367287
  0
LWPOLYLINE
  5
224
330
17
100
AcDbEntity
  8
LANDSCAPE_POND
100
AcDbPolyline
 90
4
 70
0
 10
2488496.493196011
 20
415265.77853317553
 10
2488500.0687842756
 20
415265.6884606568
 10
2488506.5511730863
 20
415366.7824367168
 10
2488496.493196011
 20
415265.77853317553
  0
LWPOLYLINE
  5
225
330
17
100
AcDbEntity
  8
LANDSCAPE_POND
100
AcDbPolyline
 90
4
 70
0
 10
2488500.0687842756
 20
415265.6884606568
 10
2488506.5511730863
 20
415366.7824367168
 10
2488510.1268591587
 20
415366.69263471407
 10
2488500.0687842756
 20
415265.6884606568
  0
LWPOLYLINE
  5
226
330
17
100
AcDbEntity
  8
LANDSCAPE_POND
100
AcDbPolyline
 90
4
 70
0
 10
2488509.038997232
 20
415380.31616964337
 10
2488512.614683305
 20
415380.22636764066
 10
2488518.532248688
 20
415473.10522742773
 10
2488509.038997232
 20
415380.31616964337
  0
LWPOLYLINE
  5
227
330
17
100
AcDbEntity
  8
LANDSCAPE_POND
100
AcDbPolyline
 90
4
 70
0
 10
2488512.614683305
 20
415380.22636764066
 10
2488518.532248688
 20
415473.10522742773
 10
2488522.1082052765
 20
415473.0153276171
 10
2488512.614683305
 20
415380.22636764066
  0
LWPOLYLINE
  5
228
330
17
100
AcDbEntity
  8
LANDSCAPE_POND
100
AcDbPolyline
 90
4
 70
0
 10
2488518.916927078
 20
415474.16916717135
 10
2488521.7235268867
 20
415471.95138787356
 10
2488524.8002693513
 20
415480.4610122098
 10
2488518.916927078
 20
415474.16916717135
  0
LWPOLYLINE
  5
229
330
17
100
AcDbEntity
  8
LANDSCAPE_POND
100
AcDbPolyline
 90
4
 70
0
 10
2488521.7235268867
 20
415471.95138787356
 10
2488524.8002693513
 20
415480.4610122098
 10
2488527.222386386
 20
415477.1798342006
 10
2488521.7235268867
 20
415471.95138787356
  0
LWPOLYLINE
  5
22A
330
17
100
AcDbEntity
  8
LANDSCAPE_POND
100
AcDbPolyline
 90
4
 70
0
 10
2488535.028556669
 20
415488.7906642167
 10
2488536.7713145423
 20
415486.95783382497
 10
2488608.7292475193
 20
415559.56757822377
 10
2488535.028556669
 20
415488.7906642167
  0
LWPOLYLINE
  5
22B
330
17
100
AcDbEntity
  8
LANDSCAPE_POND
100
AcDbPolyline
 90
4
 70
0
 10
2488536.7713145423
 20
415486.95783382497
 10
2488608.7292475193
 20
415559.56757822377
 10
2488610.087695326
 20
415556.6709807966
 10
2488536.7713145423
 20
415486.95783382497
  0
LWPOLYLINE
  5
22C
330
17
100
AcDbEntity
  8
LANDSCAPE_POND
100
AcDbPolyline
 90
4
 70
0
 10
2488617.8941361257
 20
415568.2817130049
 10
2488620.7004654184
 20
415566.064031515
 10
2488676.931349386
 20
415625.1159480959
 10
2488617.8941361257
 20
415568.2817130049
  0
LWPOLYLINE
  5
22D
330
17
100
AcDbEntity
  8
LANDSCAPE_POND
100
AcDbPolyline
 90
4
 70
0
 10
2488620.7004654184
 20
415566.064031515
 10
2488676.931349386
 20
415625.1159480959
 10
2488679.7380470023
 20
415622.8984393142
 10
2488620.7004654184
 20
415566.064031515
  0
LWPOLYLINE
  5
22E
330
17
100
AcDbEntity
  8
LANDSCAPE_POND
100
AcDbPolyline
 90
4
 70
0
 10
2488676.931349386
 20
415625.1159480959
 10
2488679.7380470023
 20
415622.8984393142
 10
2488691.5948269754
 20
415639.05862701195
 10
2488676.931349386
 20
415625.1159480959
  0
LWPOLYLINE
  5
22F
330
17
100
AcDbEntity
  8
LANDSCAPE_POND
100
AcDbPolyline
 90
4
 70
0
 10
2488679.7380470023
 20
415622.8984393142
 10
2488691.5948269754
 20
415639.05862701195
 10
2488692.9529064586
 20
415636.1618568766
 10
2488679.7380470023
 20
415622.8984393142
  0
LWPOLYLINE
  5
230
330
17
100
AcDbEntity
  8
LANDSCAPE_POND
100
AcDbPolyline
 90
4
 70
0
 10
2488700.759076742
 20
415647.7726868928
 10
2488703.5657743583
 20
415645.55517811107
 10
2488774.460038108
 20
415718.54950309196
 10
2488700.759076742
 20
415647.7726868928
  0
LWPOLYLINE
  5
231
330
17
100
AcDbEntity
  8
LANDSCAPE_POND
100
AcDbPolyline
 90
4
 70
0
 10
2488703.5657743583
 20
415645.55517811107
 10
2488774.460038108
 20
415718.54950309196
 10
2488776.8821551423
 20
415715.2683250827
 10
2488703.5657743583
 20
415645.55517811107
  0
LWPOLYLINE
  5
232
330
17
100
AcDbEntity
  8
LANDSCAPE_POND
100
AcDbPolyline
 90
4
 70
0
 10
2488783.6246561985
 20
415727.26373568096
 10
2488786.4310832988
 20
415725.04632470716
 10
2488857.325347048
 20
415798.04064968805
 10
2488783.6246561985
 20
415727.26373568096
  0
LWPOLYLINE
  5
233
330
17
100
AcDbEntity
  8
LANDSCAPE_POND
100
AcDbPolyline
 90
4
 70
0
 10
2488786.4310832988
 20
415725.04632470716
 10
2488857.325347048
 20
415798.04064968805
 10
2488859.747095759
 20
415794.75929897063
 10
2488786.4310832988
 20
415725.04632470716
  0
LWPOLYLINE
  5
234
330
17
100
AcDbEntity
  8
LANDSCAPE_POND
100
AcDbPolyline
 90
4
 70
0
 10
2488867.5535365585
 20
415806.37003117887
 10
2488869.2965649473
 20
415804.53710297926
 10
2488873.0523960576
 20
415811.5984775059
 10
2488867.5535365585
 20
415806.37003117887
  0
LWPOLYLINE
  5
235
330
17
100
AcDbEntity
  8
LANDSCAPE_POND
100
AcDbPolyline
 90
4
 70
0
 10
2488869.2965649473
 20
415804.53710297926
 10
2488873.0523960576
 20
415811.5984775059
 10
2488874.7951539303
 20
415809.7656471142
 10
2488869.2965649473
 20
415804.53710297926
  0
LWPOLYLINE
  5
236
330
17
100
AcDbEntity
  8
LANDSCAPE_POND
100
AcDbPolyline
 90
4
 70
0
 10
2488873.4370744475
 20
415812.6624172495
 10
2488874.4105733484
 20
415808.70197788667
 10
2488965.2033385765
 20
415833.6075367587
 10
2488873.4370744475
 20
415812.6624172495
  0
LWPOLYLINE
  5
237
330
17
100
AcDbEntity
  8
LANDSCAPE_POND
100
AcDbPolyline
 90
4
 70
0
 10
2488874.4105733484
 20
415808.70197788667
 10
2488965.2033385765
 20
415833.6075367587
 10
2488966.1772058015
 20
415829.64727010403
 10
2488874.4105733484
 20
415808.70197788667
  0
LWPOLYLINE
  5
238
330
17
100
AcDbEntity
  8
LANDSCAPE_POND
100
AcDbPolyline
 90
4
 70
0
 10
2488978.1482509924
 20
415836.14409171924
 10
2488979.506428283
 20
415833.2475921
 10
2489076.7719202354
 20
415859.4213306444
 10
2488978.1482509924
 20
415836.14409171924
  0
LWPOLYLINE
  5
239
330
17
100
AcDbEntity
  8
LANDSCAPE_POND
100
AcDbPolyline
 90
4
 70
0
 10
2488979.506428283
 20
415833.2475921
 10
2489076.7719202354
 20
415859.4213306444
 10
2489077.7454191362
 20
415855.46089128155
 10
2488979.506428283
 20
415833.2475921
  0
LWPOLYLINE
  5
23A
330
17
100
AcDbEntity
  8
LANDSCAPE_POND
100
AcDbPolyline
 90
4
 70
0
 10
2489090.780306263
 20
415861.57276399067
 10
2489090.690233744
 20
415857.997175726
 10
2489189.019394924
 20
415883.78633368836
 10
2489090.780306263
 20
415861.57276399067
  0
LWPOLYLINE
  5
23B
330
17
100
AcDbEntity
  8
LANDSCAPE_POND
100
AcDbPolyline
 90
4
 70
0
 10
2489090.690233744
 20
415857.997175726
 10
2489189.019394924
 20
415883.78633368836
 10
2489190.3775722147
 20
415880.8898340691
 10
2489090.690233744
 20
415857.997175726
  0
LWPOLYLINE
  5
23C
330
17
100
AcDbEntity
  8
LANDSCAPE_POND
100
AcDbPolyline
 90
4
 70
0
 10
2489202.348839018
 20
415887.38642261835
 10
2489203.3223868227
 20
415883.42611851357
 10
2489268.905201417
 20
415901.81079832936
 10
2489202.348839018
 20
415887.38642261835
  0
LWPOLYLINE
  5
23D
330
17
100
AcDbEntity
  8
LANDSCAPE_POND
100
AcDbPolyline
 90
4
 70
0
 10
2489203.3223868227
 20
415883.42611851357
 10
2489268.905201417
 20
415901.81079832936
 10
2489269.199660576
 20
415899.29874403414
 10
2489203.3223868227
 20
415883.42611851357
  0
LWPOLYLINE
  5
23E
330
17
100
AcDbEntity
  8
LANDSCAPE_POND
100
AcDbPolyline
 90
4
 70
0
 10
2489269.289781999
 20
415902.8744675569
 10
2489269.199660576
 20
415899.29874403414
 10
2489302.06027238
 20
415897.0398560981
 10
2489269.289781999
 20
415902.8744675569
  0
LWPOLYLINE
  5
23F
330
17
100
AcDbEntity
  8
LANDSCAPE_POND
100
AcDbPolyline
 90
4
 70
0
 10
2489269.199660576
 20
415899.29874403414
 10
2489302.06027238
 20
415897.0398560981
 10
2489302.354731539
 20
415894.52780180296
 10
2489269.199660576
 20
415899.29874403414
  0
LWPOLYLINE
  5
240
330
17
100
AcDbEntity
  8
LANDSCAPE_POND
100
AcDbPolyline
 90
4
 70
0
 10
2489315.9786347924
 20
415895.6158364378
 10
2489314.824844142
 20
415892.4246934972
 10
2489416.508009037
 20
415880.9180982883
 10
2489315.9786347924
 20
415895.6158364378
  0
LWPOLYLINE
  5
241
330
17
100
AcDbEntity
  8
LANDSCAPE_POND
100
AcDbPolyline
 90
4
 70
0
 10
2489314.824844142
 20
415892.4246934972
 10
2489416.508009037
 20
415880.9180982883
 10
2489415.3542183866
 20
415877.7269553477
 10
2489314.824844142
 20
415892.4246934972
  0
LWPOLYLINE
  5
242
330
17
100
AcDbEntity
  8
LANDSCAPE_POND
100
AcDbPolyline
 90
4
 70
0
 10
2489428.97812164
 20
415878.8149899825
 10
2489428.8880002173
 20
415875.2392664598
 10
2489529.5075447885
 20
415864.11738709104
 10
2489428.97812164
 20
415878.8149899825
  0
LWPOLYLINE
  5
243
330
17
100
AcDbEntity
  8
LANDSCAPE_POND
100
AcDbPolyline
 90
3
 70
0
 10
2489529.4174233656
 20
415860.54166356835
 10
2489428.8880002173
 20
415875.2392664598
 10
2489529.5075447885
 20
415864.11738709104
  0
LWPOLYLINE
  5
244
330
17
100
AcDbEntity
  8
LANDSCAPE_POND
100
AcDbPolyline
 90
6
 70
0
 10
2489478.487687627
 20
415756.2735208646
 10
2489378.342893964
 20
415772.0349282416
 10
2489377.1891033137
 20
415768.843785301
 10
2489478.487687627
 20
415756.2735208646
 10
2489377.1891033137
 20
415768.843785301
 10
2489477.7185264626
 20
415754.14618240955
  0
LWPOLYLINE
  5
245
330
17
100
AcDbEntity
  8
LANDSCAPE_POND
100
AcDbPolyline
 90
4
 70
0
 10
2489364.334680645
 20
415769.88312657137
 10
2489364.4245315515
 20
415773.45894790196
 10
2489273.084091901
 20
415783.63146071124
 10
2489364.334680645
 20
415769.88312657137
  0
LWPOLYLINE
  5
246
330
17
100
AcDbEntity
  8
LANDSCAPE_POND
100
AcDbPolyline
 90
4
 70
0
 10
2489364.4245315515
 20
415773.45894790196
 10
2489273.084091901
 20
415783.63146071124
 10
2489274.237931455
 20
415786.8227389099
 10
2489364.4245315515
 20
415773.45894790196
  0
LWPOLYLINE
  5
247
330
17
100
AcDbEntity
  8
LANDSCAPE_POND
100
AcDbPolyline
 90
4
 70
0
 10
2489274.1477611284
 20
415783.24688012915
 10
2489273.1742622275
 20
415787.207319492
 10
2489264.484297238
 20
415783.1323443952
 10
2489274.1477611284
 20
415783.24688012915
  0
LWPOLYLINE
  5
248
330
17
100
AcDbEntity
  8
LANDSCAPE_POND
100
AcDbPolyline
 90
4
 70
0
 10
2489273.1742622275
 20
415787.207319492
 10
2489264.484297238
 20
415783.1323443952
 10
2489264.1897891746
 20
415785.64426343236
 10
2489273.1742622275
 20
415787.207319492
  0
LWPOLYLINE
  5
249
330
17
100
AcDbEntity
  8
LANDSCAPE_POND
100
AcDbPolyline
 90
4
 70
0
 10
2489250.4759112103
 20
415780.98091104894
 10
2489250.565983729
 20
415784.55649931356
 10
2489185.842451722
 20
415771.8748814755
 10
2489250.4759112103
 20
415780.98091104894
  0
LWPOLYLINE
  5
24A
330
17
100
AcDbEntity
  8
LANDSCAPE_POND
100
AcDbPolyline
 90
4
 70
0
 10
2489250.565983729
 20
415784.55649931356
 10
2489185.842451722
 20
415771.8748814755
 10
2489184.868682305
 20
415775.8354186463
 10
2489250.565983729
 20
415784.55649931356
  0
LWPOLYLINE
  5
24B
330
17
100
AcDbEntity
  8
LANDSCAPE_POND
100
AcDbPolyline
 90
4
 70
0
 10
2489185.842451722
 20
415771.8748814755
 10
2489184.868682305
 20
415775.8354186463
 10
2489151.647806423
 20
415763.79117942555
 10
2489185.842451722
 20
415771.8748814755
  0
LWPOLYLINE
  5
24C
330
17
100
AcDbEntity
  8
LANDSCAPE_POND
100
AcDbPolyline
 90
4
 70
0
 10
2489184.868682305
 20
415775.8354186463
 10
2489151.647806423
 20
415763.79117942555
 10
2489150.289358616
 20
415766.6877768527
 10
2489184.868682305
 20
415775.8354186463
  0
LWPOLYLINE
  5
24D
330
17
100
AcDbEntity
  8
LANDSCAPE_POND
100
AcDbPolyline
 90
4
 70
0
 10
2489138.3185090404
 20
415760.19149626966
 10
2489136.9603317496
 20
415763.0879958889
 10
2489039.989520569
 20
415734.40196998336
 10
2489138.3185090404
 20
415760.19149626966
  0
LWPOLYLINE
  5
24E
330
17
100
AcDbEntity
  8
LANDSCAPE_POND
100
AcDbPolyline
 90
4
 70
0
 10
2489136.9603317496
 20
415763.0879958889
 10
2489039.989520569
 20
415734.40196998336
 10
2489039.0157511523
 20
415738.3625071541
 10
2489136.9603317496
 20
415763.0879958889
  0
LWPOLYLINE
  5
24F
330
17
100
AcDbEntity
  8
LANDSCAPE_POND
100
AcDbPolyline
 90
4
 70
0
 10
2489026.660125379
 20
415730.8020163114
 10
2489026.7501978977
 20
415734.37760457606
 10
2488929.779214009
 20
415705.69194699446
 10
2489026.660125379
 20
415730.8020163114
  0
LWPOLYLINE
  5
250
330
17
100
AcDbEntity
  8
LANDSCAPE_POND
100
AcDbPolyline
 90
4
 70
0
 10
2489026.7501978977
 20
415734.37760457606
 10
2488929.779214009
 20
415705.69194699446
 10
2488928.8056173003
 20
415709.6521158412
 10
2489026.7501978977
 20
415734.37760457606
  0
LINE
  5
251
330
17
100
AcDbEntity
  8
LANDSCAPE_POND
100
AcDbLine
 10
2488929.779214009
 20
415705.69194699446
 30
0.0
 11
2488928.421036718
 21
415708.58844661375
 31
0.0
  0
LWPOLYLINE
  5
252
330
17
100
AcDbEntity
  8
LANDSCAPE_POND
100
AcDbPolyline
 90
4
 70
0
 10
2488916.7442290746
 20
415699.5798037693
 10
2488915.3861495913
 20
415702.4765739046
 10
2488889.611326626
 20
415687.7404433174
 10
2488916.7442290746
 20
415699.5798037693
  0
LWPOLYLINE
  5
253
330
17
100
AcDbEntity
  8
LANDSCAPE_POND
100
AcDbPolyline
 90
4
 70
0
 10
2488915.3861495913
 20
415702.4765739046
 10
2488889.611326626
 20
415687.7404433174
 10
2488888.253149335
 20
415690.63694293663
 10
2488915.3861495913
 20
415702.4765739046
  0
LWPOLYLINE
  5
254
330
17
100
AcDbEntity
  8
LANDSCAPE_POND
100
AcDbPolyline
 90
4
 70
0
 10
2488890.6749958536
 20
415687.3558627353
 10
2488888.253149335
 20
415690.63694293663
 10
2488834.8040565443
 20
415642.60703586094
 10
2488890.6749958536
 20
415687.3558627353
  0
LWPOLYLINE
  5
255
330
17
100
AcDbEntity
  8
LANDSCAPE_POND
100
AcDbPolyline
 90
4
 70
0
 10
2488888.253149335
 20
415690.63694293663
 10
2488834.8040565443
 20
415642.60703586094
 10
2488831.9976294436
 20
415644.82444683474
 10
2488888.253149335
 20
415690.63694293663
  0
LWPOLYLINE
  5
256
330
17
100
AcDbEntity
  8
LANDSCAPE_POND
100
AcDbPolyline
 90
4
 70
0
 10
2488824.57613755
 20
415634.2775565622
 10
2488821.769439934
 20
415636.4950653439
 10
2488744.967543404
 20
415570.4475791557
 10
2488824.57613755
 20
415634.2775565622
  0
LWPOLYLINE
  5
257
330
17
100
AcDbEntity
  8
LANDSCAPE_POND
100
AcDbPolyline
 90
4
 70
0
 10
2488821.769439934
 20
415636.4950653439
 10
2488744.967543404
 20
415570.4475791557
 10
2488743.609463921
 20
415573.344349291
 10
2488821.769439934
 20
415636.4950653439
  0
LWPOLYLINE
  5
258
330
17
100
AcDbEntity
  8
LANDSCAPE_POND
100
AcDbPolyline
 90
4
 70
0
 10
2488734.739353894
 20
415562.11819766485
 10
2488732.996596021
 20
415563.9510280566
 10
2488710.6171184746
 20
415541.9733779052
 10
2488734.739353894
 20
415562.11819766485
  0
LWPOLYLINE
  5
259
330
17
100
AcDbEntity
  8
LANDSCAPE_POND
100
AcDbPolyline
 90
4
 70
0
 10
2488732.996596021
 20
415563.9510280566
 10
2488710.6171184746
 20
415541.9733779052
 10
2488708.19500144
 20
415545.2545559144
 10
2488732.996596021
 20
415563.9510280566
  0
LWPOLYLINE
  5
25A
330
17
100
AcDbEntity
  8
LANDSCAPE_POND
100
AcDbPolyline
 90
4
 70
0
 10
2488710.6171184746
 20
415541.9733779052
 10
2488707.8104208577
 20
415544.1908866869
 10
2488672.649124736
 20
415483.53494066605
 10
2488710.6171184746
 20
415541.9733779052
  0
LWPOLYLINE
  5
25B
330
17
100
AcDbEntity
  8
LANDSCAPE_POND
100
AcDbPolyline
 90
4
 70
0
 10
2488707.8104208577
 20
415544.1908866869
 10
2488672.649124736
 20
415483.53494066605
 10
2488669.8426976358
 20
415485.7523516399
 10
2488707.8104208577
 20
415544.1908866869
  0
LWPOLYLINE
  5
25C
330
17
100
AcDbEntity
  8
LANDSCAPE_POND
100
AcDbPolyline
 90
4
 70
0
 10
2488665.2275350345
 20
415472.9877798775
 10
2488662.036527352
 20
415474.14152162377
 10
2488630.246579566
 20
415419.4835514182
 10
2488665.2275350345
 20
415472.9877798775
  0
LWPOLYLINE
  5
25D
330
17
100
AcDbEntity
  8
LANDSCAPE_POND
100
AcDbPolyline
 90
4
 70
0
 10
2488662.036527352
 20
415474.14152162377
 10
2488630.246579566
 20
415419.4835514182
 10
2488627.055571884
 20
415420.63729316444
 10
2488662.036527352
 20
415474.14152162377
  0
LWPOLYLINE
  5
25E
330
17
100
AcDbEntity
  8
LANDSCAPE_POND
100
AcDbPolyline
 90
4
 70
0
 10
2488630.246579566
 20
415419.4835514182
 10
2488627.055571884
 20
415420.63729316444
 10
2488626.449308944
 20
415382.3676727684
 10
2488630.246579566
 20
415419.4835514182
  0
LWPOLYLINE
  5
25F
330
17
100
AcDbEntity
  8
LANDSCAPE_POND
100
AcDbPolyline
 90
4
 70
0
 10
2488627.055571884
 20
415420.63729316444
 10
2488626.449308944
 20
415382.3676727684
 10
2488622.8734501633
 20
415382.45784309506
 10
2488627.055571884
 20
415420.63729316444
  0
LWPOLYLINE
  5
260
330
17
100
AcDbEntity
  8
LANDSCAPE_POND
100
AcDbPolyline
 90
4
 70
0
 10
2488623.961484798
 20
415368.8339398418
 10
2488621.834146343
 20
415369.603101006
 10
2488613.903237207
 20
415267.8301341085
 10
2488623.961484798
 20
415368.8339398418
  0
LWPOLYLINE
  5
261
330
17
100
AcDbEntity
  8
LANDSCAPE_POND
100
AcDbPolyline
 90
4
 70
0
 10
2488621.834146343
 20
415369.603101006
 10
2488613.903237207
 20
415267.8301341085
 10
2488610.711959008
 20
415268.98397366266
 10
2488621.834146343
 20
415369.603101006
  0
LWPOLYLINE
  5
262
330
17
100
AcDbEntity
  8
LANDSCAPE_POND
100
AcDbPolyline
 90
4
 70
0
 10
2488612.8639333867
 20
415254.9753920194
 10
2488609.2880746056
 20
415255.065562346
 10
2488601.74191876
 20
415154.3558963521
 10
2488612.8639333867
 20
415254.9753920194
  0
LWPOLYLINE
  5
263
330
17
100
AcDbEntity
  8
LANDSCAPE_POND
100
AcDbPolyline
 90
4
 70
0
 10
2488609.2880746056
 20
415255.065562346
 10
2488601.74191876
 20
415154.3558963521
 10
2488598.1660599792
 20
415154.44606667873
 10
2488609.2880746056
 20
415255.065562346
  0
LWPOLYLINE
  5
264
330
17
100
AcDbEntity
  8
LANDSCAPE_POND
100
AcDbPolyline
 90
4
 70
0
 10
2488600.3180343574
 20
415140.4374850355
 10
2488596.7421755767
 20
415140.52765536215
 10
2488589.1960197305
 20
415039.81798936817
 10
2488600.3180343574
 20
415140.4374850355
  0
LWPOLYLINE
  5
265
330
17
100
AcDbEntity
  8
LANDSCAPE_POND
100
AcDbPolyline
 90
4
 70
0
 10
2488596.7421755767
 20
415140.52765536215
 10
2488589.1960197305
 20
415039.81798936817
 10
2488585.62016095
 20
415039.90815969487
 10
2488596.7421755767
 20
415140.52765536215
  0
LINE
  5
266
330
17
100
AcDbEntity
  8
LANDSCAPE_POND
100
AcDbLine
 10
2488587.7721353285
 20
415025.8995780516
 30
0.0
 11
2488584.58085713
 21
415027.05341760576
 31
0.0
  0
LWPOLYLINE
  5
267
330
17
100
AcDbEntity
  8
LANDSCAPE_POND
100
AcDbPolyline
 90
4
 70
0
 10
2488475.9919246305
 20
415062.70671144925
 10
2488475.9020248195
 20
415059.1307548606
 10
2488588.4023953513
 20
415050.9297030682
 10
2488475.9919246305
 20
415062.70671144925
  0
LWPOLYLINE
  5
268
330
17
100
AcDbEntity
  8
LANDSCAPE_POND
100
AcDbPolyline
 90
4
 70
0
 10
2488475.9020248195
 20
415059.1307548606
 10
2488588.4023953513
 20
415050.9297030682
 10
2488588.3123228326
 20
415047.3541148036
 10
2488475.9020248195
 20
415059.1307548606
  0
LWPOLYLINE
  5
269
330
17
100
AcDbEntity
  8
LANDSCAPE_POND
100
AcDbPolyline
 90
4
 70
0
 10
2488499.93015365
 20
415288.5911494105
 10
2488499.8399833236
 20
415285.01529062976
 10
2488613.0195403085
 20
415275.36625954387
 10
2488499.93015365
 20
415288.5911494105
  0
LWPOLYLINE
  5
26A
330
17
100
AcDbEntity
  8
LANDSCAPE_POND
100
AcDbPolyline
 90
4
 70
0
 10
2488499.8399833236
 20
415285.01529062976
 10
2488613.0195403085
 20
415275.36625954387
 10
2488611.8657007543
 20
415272.1749813452
 10
2488499.8399833236
 20
415285.01529062976
  0
LWPOLYLINE
  5
26B
330
17
100
AcDbEntity
  8
SANITARY_CLEAR_ZONE
100
AcDbPolyline
 90
4
 70
0
 10
2489118.8358016293
 20
415739.5719256012
 10
2489120.19397892
 20
415736.6754259819
 10
2489157.6455117217
 20
415760.4199288975
 10
2489118.8358016293
 20
415739.5719256012
  0
LWPOLYLINE
  5
26C
330
17
100
AcDbEntity
  8
SANITARY_CLEAR_ZONE
100
AcDbPolyline
 90
4
 70
0
 10
2489120.19397892
 20
415736.6754259819
 10
2489157.6455117217
 20
415760.4199288975
 10
2489159.0036890125
 20
415757.5234292783
 10
2489120.19397892
 20
415736.6754259819
  0
LWPOLYLINE
  5
26D
330
17
100
AcDbEntity
  8
SANITARY_CLEAR_ZONE
100
AcDbPolyline
 90
5
 70
0
 10
2489180.8427085388
 20
415758.0466404856
 10
2489179.3944587293
 20
415757.3675518402
 10
2489155.788315923
 20
415771.9164936958
 10
2489156.8519851505
 20
415771.53191311366
 10
2489180.8427085388
 20
415758.0466404856
  0
LWPOLYLINE
  5
26E
330
17
100
AcDbEntity
  8
SANITARY_CLEAR_ZONE
100
AcDbPolyline
 90
4
 70
0
 10
2489170.271280151
 20
415778.7078233743
 10
2489168.8229325335
 20
415778.0284642128
 10
2489167.4235113463
 20
415750.8710007411
 10
2489170.271280151
 20
415778.7078233743
  0
LWPOLYLINE
  5
26F
330
17
100
AcDbEntity
  8
SANITARY_CLEAR_ZONE
100
AcDbPolyline
 90
4
 70
0
 10
2489175.7944072494
 20
415770.69667651405
 10
2489177.15258454
 20
415767.8001768948
 10
2489184.484101723
 20
415774.77174941875
 10
2489175.7944072494
 20
415770.69667651405
  0
LWPOLYLINE
  5
270
330
17
100
AcDbEntity
  8
SANITARY_CLEAR_ZONE
100
AcDbPolyline
 90
4
 70
0
 10
2489177.15258454
 20
415767.8001768948
 10
2489184.484101723
 20
415774.77174941875
 10
2489185.842451722
 20
415771.8748814755
 10
2489177.15258454
 20
415767.8001768948
  0
LWPOLYLINE
  5
271
330
17
100
AcDbEntity
  8
SANITARY_CLEAR_ZONE
100
AcDbPolyline
 90
4
 70
0
 10
2489184.868682305
 20
415775.8354186463
 10
2489185.842451722
 20
415771.8748814755
 10
2489245.541875139
 20
415783.9675809948
 10
2489184.868682305
 20
415775.8354186463
  0
LWPOLYLINE
  5
272
330
17
100
AcDbEntity
  8
SANITARY_CLEAR_ZONE
100
AcDbPolyline
 90
4
 70
0
 10
2489185.842451722
 20
415771.8748814755
 10
2489245.541875139
 20
415783.9675809948
 10
2489246.5153740398
 20
415780.00714163197
 10
2489185.842451722
 20
415771.8748814755
  0
LINE
  5
273
330
17
100
AcDbEntity
  8
SANITARY_CLEAR_ZONE
100
AcDbLine
 10
2489245.541875139
 20
415783.9675809948
 30
0.0
 11
2489246.5153740398
 21
415780.00714163197
 31
0.0
  0
LWPOLYLINE
  5
274
330
17
100
AcDbEntity
  8
SANITARY_CLEAR_ZONE
100
AcDbPolyline
 90
5
 70
0
 10
2489266.726171427
 20
415772.69971934054
 10
2489265.6625021994
 20
415773.08429992263
 10
2489247.939528958
 20
415793.9254551407
 10
2489249.3877787674
 20
415794.60454378615
 10
2489266.726171427
 20
415772.69971934054
  0
LWPOLYLINE
  5
275
330
17
100
AcDbEntity
  8
SANITARY_CLEAR_ZONE
100
AcDbPolyline
 90
5
 70
0
 10
2489250.2057685545
 20
415770.2535074149
 10
2489261.9480127934
 20
415796.07715900306
 10
2489263.396262603
 20
415796.7562476485
 10
2489251.654018364
 20
415770.93259606033
 10
2489250.2057685545
 20
415770.2535074149
  0
LWPOLYLINE
  5
276
330
17
100
AcDbEntity
  8
SANITARY_CLEAR_ZONE
100
AcDbPolyline
 90
4
 70
0
 10
2489265.638136792
 20
415786.32362259383
 10
2489266.611635693
 20
415782.363183231
 10
2489273.1742622275
 20
415787.207319492
 10
2489265.638136792
 20
415786.32362259383
  0
LWPOLYLINE
  5
277
330
17
100
AcDbEntity
  8
SANITARY_CLEAR_ZONE
100
AcDbPolyline
 90
4
 70
0
 10
2489266.611635693
 20
415782.363183231
 10
2489273.1742622275
 20
415787.207319492
 10
2489274.1477611284
 20
415783.24688012915
 10
2489266.611635693
 20
415782.363183231
  0
LWPOLYLINE
  5
278
330
17
100
AcDbEntity
  8
SANITARY_CLEAR_ZONE
100
AcDbPolyline
 90
4
 70
0
 10
2489274.237931455
 20
415786.8227389099
 10
2489273.084091901
 20
415783.63146071124
 10
2489336.9726578244
 20
415777.3705586423
 10
2489274.237931455
 20
415786.8227389099
  0
LWPOLYLINE
  5
279
330
17
100
AcDbEntity
  8
SANITARY_CLEAR_ZONE
100
AcDbPolyline
 90
4
 70
0
 10
2489273.084091901
 20
415783.63146071124
 10
2489336.9726578244
 20
415777.3705586423
 10
2489336.20349666
 20
415775.24322018726
 10
2489273.084091901
 20
415783.63146071124
  0
LWPOLYLINE
  5
27A
330
17
100
AcDbEntity
  8
SANITARY_CLEAR_ZONE
100
AcDbPolyline
 90
5
 70
0
 10
2489354.1064422308
 20
415761.5536098225
 10
2489353.042773003
 20
415761.9381904046
 10
2489341.8822795846
 20
415787.62307610956
 10
2489342.945948812
 20
415787.2384955275
 10
2489354.1064422308
 20
415761.5536098225
  0
LWPOLYLINE
  5
27B
330
17
100
AcDbEntity
  8
SANITARY_CLEAR_ZONE
100
AcDbPolyline
 90
5
 70
0
 10
2489338.060790267
 20
415763.7469259051
 10
2489356.479730643
 20
415784.7508066396
 10
2489357.9279804523
 20
415785.429895285
 10
2489339.1244594944
 20
415763.362345323
 10
2489338.060790267
 20
415763.7469259051
  0
LWPOLYLINE
  5
27C
330
17
100
AcDbEntity
  8
SANITARY_CLEAR_ZONE
100
AcDbPolyline
 90
4
 70
0
 10
2489356.5942174727
 20
415775.0872074911
 10
2489356.504144954
 20
415771.5116192264
 10
2489427.159577341
 20
415764.00680508453
 10
2489356.5942174727
 20
415775.0872074911
  0
LWPOLYLINE
  5
27D
330
17
100
AcDbEntity
  8
SANITARY_CLEAR_ZONE
100
AcDbPolyline
 90
3
 70
0
 10
2489427.454085404
 20
415761.4948860474
 10
2489356.504144954
 20
415771.5116192264
 10
2489427.159577341
 20
415764.00680508453
  0
LWPOLYLINE
  5
27E
330
17
100
AcDbEntity
  8
SANITARY_CLEAR_ZONE
100
AcDbPolyline
 90
4
 70
0
 10
2488976.290105648
 20
416216.8902014857
 10
2488979.4811133305
 20
416215.7364597394
 10
2489001.3130142624
 20
416272.7924520882
 10
2488976.290105648
 20
416216.8902014857
  0
LWPOLYLINE
  5
27F
330
17
100
AcDbEntity
  8
SANITARY_CLEAR_ZONE
100
AcDbPolyline
 90
4
 70
0
 10
2488979.4811133305
 20
416215.7364597394
 10
2489001.3130142624
 20
416272.7924520882
 10
2489004.119662975
 20
416270.5748080485
 10
2488979.4811133305
 20
416215.7364597394
  0
LWPOLYLINE
  5
280
330
17
100
AcDbEntity
  8
SANITARY_CLEAR_ZONE
100
AcDbPolyline
 90
5
 70
0
 10
2489022.358458313
 20
416284.42751225363
 10
2489021.973828827
 20
416283.36370776803
 10
2488993.9571805764
 20
416279.0603374935
 10
2488994.3417611583
 20
416280.124006721
 10
2489022.358458313
 20
416284.42751225363
  0
LWPOLYLINE
  5
281
330
17
100
AcDbEntity
  8
SANITARY_CLEAR_ZONE
100
AcDbPolyline
 90
5
 70
0
 10
2489015.9104164164
 20
416269.9200473602
 10
2489000.0208635028
 20
416292.5039000935
 10
2489000.405444085
 20
416293.567569321
 10
2489016.2950459025
 20
416270.9838518458
 10
2489015.9104164164
 20
416269.9200473602
  0
LWPOLYLINE
  5
282
330
17
100
AcDbEntity
  8
SANITARY_CLEAR_ZONE
100
AcDbPolyline
 90
4
 70
0
 10
2489010.363047715
 20
416291.17001330963
 10
2489013.1697453316
 20
416288.95250452793
 10
2489045.908924419
 20
416352.88962855795
 10
2489010.363047715
 20
416291.17001330963
  0
LWPOLYLINE
  5
283
330
17
100
AcDbEntity
  8
SANITARY_CLEAR_ZONE
100
AcDbPolyline
 90
4
 70
0
 10
2489013.1697453316
 20
416288.95250452793
 10
2489045.908924419
 20
416352.88962855795
 10
2489048.7156220353
 20
416350.67211977625
 10
2489013.1697453316
 20
416288.95250452793
  0
LWPOLYLINE
  5
284
330
17
100
AcDbEntity
  8
SANITARY_CLEAR_ZONE
100
AcDbPolyline
 90
5
 70
0
 10
2489066.5697878874
 20
416363.4610194958
 10
2489066.1852073055
 20
416362.3973502683
 10
2489037.874050991
 20
416360.60589903087
 10
2489039.322300801
 20
416361.2849876763
 10
2489066.5697878874
 20
416363.4610194958
  0
LWPOLYLINE
  5
285
330
17
100
AcDbEntity
  8
SANITARY_CLEAR_ZONE
100
AcDbPolyline
 90
5
 70
0
 10
2489059.0581256673
 20
416349.33827044256
 10
2489046.065072373
 20
416373.2803004667
 10
2489046.449652955
 20
416374.34396969416
 10
2489059.442706249
 20
416350.4019396701
 10
2489059.0581256673
 20
416349.33827044256
  0
LWPOLYLINE
  5
286
330
17
100
AcDbEntity
  8
SANITARY_CLEAR_ZONE
100
AcDbPolyline
 90
4
 70
0
 10
2489056.022946519
 20
416370.8826466474
 10
2489058.4450146495
 20
416367.60133338015
 10
2489110.82989718
 20
416416.0160166537
 10
2489056.022946519
 20
416370.8826466474
  0
LWPOLYLINE
  5
287
330
17
100
AcDbEntity
  8
SANITARY_CLEAR_ZONE
100
AcDbPolyline
 90
4
 70
0
 10
2489058.4450146495
 20
416367.60133338015
 10
2489110.82989718
 20
416416.0160166537
 10
2489113.636324281
 20
416413.7986056799
 10
2489058.4450146495
 20
416367.60133338015
  0
LWPOLYLINE
  5
288
330
17
100
AcDbEntity
  8
SANITARY_CLEAR_ZONE
100
AcDbPolyline
 90
5
 70
0
 10
2489134.501796002
 20
416418.28212099196
 10
2489134.11721542
 20
416417.21845176443
 10
2489107.139822086
 20
416425.7696883209
 10
2489107.524402668
 20
416426.83335754846
 10
2489134.501796002
 20
416418.28212099196
  0
LWPOLYLINE
  5
289
330
17
100
AcDbEntity
  8
SANITARY_CLEAR_ZONE
100
AcDbPolyline
 90
5
 70
0
 10
2489122.4406782924
 20
416408.20971111214
 10
2489118.1372216637
 20
416436.2265435249
 10
2489119.5855203774
 20
416436.90576742834
 10
2489122.8253077785
 20
416409.2735155977
 10
2489122.4406782924
 20
416408.20971111214
  0
LWPOLYLINE
  5
28A
330
17
100
AcDbEntity
  8
SANITARY_CLEAR_ZONE
100
AcDbPolyline
 90
4
 70
0
 10
2489126.5569950934
 20
416429.5739797296
 10
2489128.9788416116
 20
416426.2928995282
 10
2489187.271529631
 20
416467.7603756852
 10
2489126.5569950934
 20
416429.5739797296
  0
LWPOLYLINE
  5
28B
330
17
100
AcDbEntity
  8
SANITARY_CLEAR_ZONE
100
AcDbPolyline
 90
4
 70
0
 10
2489128.9788416116
 20
416426.2928995282
 10
2489187.271529631
 20
416467.7603756852
 10
2489189.6933761495
 20
416464.47929548385
 10
2489128.9788416116
 20
416426.2928995282
  0
LWPOLYLINE
  5
28C
330
17
100
AcDbEntity
  8
SANITARY_CLEAR_ZONE
100
AcDbPolyline
 90
5
 70
0
 10
2489210.8533070306
 20
416466.45075650077
 10
2489210.4687264482
 20
416465.38708727324
 10
2489184.6451237644
 20
416477.12946677033
 10
2489186.093373574
 20
416477.8085554158
 10
2489210.8533070306
 20
416466.45075650077
  0
LWPOLYLINE
  5
28D
330
17
100
AcDbEntity
  8
SANITARY_CLEAR_ZONE
100
AcDbPolyline
 90
4
 70
0
 10
2489198.833531025
 20
416486.43258022796
 10
2489197.3852812154
 20
416485.7534915825
 10
2489198.113149579
 20
416457.8267316886
 10
2489198.833531025
 20
416486.43258022796
  0
LWPOLYLINE
  5
28E
330
17
100
AcDbEntity
  8
SANITARY_CLEAR_ZONE
100
AcDbPolyline
 90
4
 70
0
 10
2489204.3568048356
 20
416478.4218391418
 10
2489206.7786024497
 20
416475.14062368247
 10
2489219.608930228
 20
416487.34050727537
 10
2489204.3568048356
 20
416478.4218391418
  0
LWPOLYLINE
  5
28F
330
17
100
AcDbEntity
  8
SANITARY_CLEAR_ZONE
100
AcDbPolyline
 90
4
 70
0
 10
2489206.7786024497
 20
416475.14062368247
 10
2489219.608930228
 20
416487.34050727537
 10
2489222.030998358
 20
416484.0591940081
 10
2489206.7786024497
 20
416475.14062368247
  0
LWPOLYLINE
  5
290
330
17
100
AcDbEntity
  8
SANITARY_CLEAR_ZONE
100
AcDbPolyline
 90
4
 70
0
 10
2489219.608930228
 20
416487.34050727537
 10
2489222.4155789404
 20
416485.12286323565
 10
2489241.6695343032
 20
416525.0693991351
 10
2489219.608930228
 20
416487.34050727537
  0
LWPOLYLINE
  5
291
330
17
100
AcDbEntity
  8
SANITARY_CLEAR_ZONE
100
AcDbPolyline
 90
4
 70
0
 10
2489222.4155789404
 20
416485.12286323565
 10
2489241.6695343032
 20
416525.0693991351
 10
2489244.475961404
 20
416522.8519881613
 10
2489222.4155789404
 20
416485.12286323565
  0
LWPOLYLINE
  5
292
330
17
100
AcDbEntity
  8
SANITARY_CLEAR_ZONE
100
AcDbPolyline
 90
4
 70
0
 10
2489244.1814533407
 20
416525.3639071984
 10
2489243.0276626903
 20
416522.1727642578
 10
2489253.075928775
 20
416523.3507361534
 10
2489244.1814533407
 20
416525.3639071984
  0
LWPOLYLINE
  5
293
330
17
100
AcDbEntity
  8
SANITARY_CLEAR_ZONE
100
AcDbPolyline
 90
4
 70
0
 10
2489243.0276626903
 20
416522.1727642578
 10
2489253.075928775
 20
416523.3507361534
 10
2489251.922187029
 20
416520.15972847084
 10
2489243.0276626903
 20
416522.1727642578
  0
LWPOLYLINE
  5
294
330
17
100
AcDbEntity
  8
SANITARY_CLEAR_ZONE
100
AcDbPolyline
 90
5
 70
0
 10
2489268.761192856
 20
416506.85479649605
 10
2489267.3128941422
 20
416506.1755725926
 10
2489258.664639181
 20
416532.15500381106
 10
2489260.112937894
 20
416532.8342277145
 10
2489268.761192856
 20
416506.85479649605
  0
LWPOLYLINE
  5
295
330
17
100
AcDbEntity
  8
SANITARY_CLEAR_ZONE
100
AcDbPolyline
 90
4
 70
0
 10
2489254.1637417977
 20
416509.72706596606
 10
2489255.2276815413
 20
416509.34238757606
 10
2489273.2620902387
 20
416529.28273434105
 10
2489254.1637417977
 20
416509.72706596606
  0
LWPOLYLINE
  5
296
330
17
100
AcDbEntity
  8
SANITARY_CLEAR_ZONE
100
AcDbPolyline
 90
4
 70
0
 10
2489268.556806215
 20
416512.94243905594
 10
2489264.5966373687
 20
416511.96884234715
 10
2489271.886715039
 20
416488.885910748
 10
2489268.556806215
 20
416512.94243905594
  0
LWPOLYLINE
  5
297
330
17
100
AcDbEntity
  8
SANITARY_CLEAR_ZONE
100
AcDbPolyline
 90
4
 70
0
 10
2489264.5966373687
 20
416511.96884234715
 10
2489271.886715039
 20
416488.885910748
 10
2489268.311126774
 20
416488.9759832668
 10
2489264.5966373687
 20
416511.96884234715
  0
LWPOLYLINE
  5
298
330
17
100
AcDbEntity
  8
SANITARY_CLEAR_ZONE
100
AcDbPolyline
 90
4
 70
0
 10
2489271.2076263935
 20
416490.3341605576
 10
2489268.990166516
 20
416487.52759819914
 10
2489298.888252169
 20
416467.09558458626
 10
2489271.2076263935
 20
416490.3341605576
  0
LWPOLYLINE
  5
299
330
17
100
AcDbEntity
  8
SANITARY_CLEAR_ZONE
100
AcDbPolyline
 90
4
 70
0
 10
2489268.990166516
 20
416487.52759819914
 10
2489298.888252169
 20
416467.09558458626
 10
2489296.670792291
 20
416464.28902222775
 10
2489268.990166516
 20
416487.52759819914
  0
LWPOLYLINE
  5
29A
330
17
100
AcDbEntity
  8
SANITARY_CLEAR_ZONE
100
AcDbPolyline
 90
4
 70
0
 10
2489297.8245829414
 20
416467.48016516835
 10
2489297.7344615185
 20
416463.90444164566
 10
2489309.2310263165
 20
416465.76163744467
 10
2489297.8245829414
 20
416467.48016516835
  0
LWPOLYLINE
  5
29B
330
17
100
AcDbEntity
  8
SANITARY_CLEAR_ZONE
100
AcDbPolyline
 90
4
 70
0
 10
2489297.7344615185
 20
416463.90444164566
 10
2489309.2310263165
 20
416465.76163744467
 10
2489308.0772356666
 20
416462.57049450406
 10
2489297.7344615185
 20
416463.90444164566
  0
LWPOLYLINE
  5
29C
330
17
100
AcDbEntity
  8
SANITARY_CLEAR_ZONE
100
AcDbPolyline
 90
5
 70
0
 10
2489326.364761819
 20
416449.9445533668
 10
2489325.3010925916
 20
416450.32913394895
 10
2489313.756018591
 20
416474.95035042637
 10
2489315.204317305
 20
416475.6295743298
 10
2489326.364761819
 20
416449.9445533668
  0
LWPOLYLINE
  5
29D
330
17
100
AcDbEntity
  8
SANITARY_CLEAR_ZONE
100
AcDbPolyline
 90
5
 70
0
 10
2489310.3190609515
 20
416452.1377341914
 10
2489327.6743810037
 20
416473.526330766
 10
2489329.1226797174
 20
416474.20555466943
 10
2489311.382730179
 20
416451.7531536093
 10
2489310.3190609515
 20
416452.1377341914
  0
LWPOLYLINE
  5
29E
330
17
100
AcDbEntity
  8
SANITARY_CLEAR_ZONE
100
AcDbPolyline
 90
4
 70
0
 10
2489328.8525859653
 20
416463.47828629345
 10
2489328.7624645424
 20
416459.90256277076
 10
2489353.1134031056
 20
416460.72028204135
 10
2489328.8525859653
 20
416463.47828629345
  0
LWPOLYLINE
  5
29F
330
17
100
AcDbEntity
  8
SANITARY_CLEAR_ZONE
100
AcDbPolyline
 90
4
 70
0
 10
2489328.7624645424
 20
416459.90256277076
 10
2489353.1134031056
 20
416460.72028204135
 10
2489353.023281683
 20
416457.14455851866
 10
2489328.7624645424
 20
416459.90256277076
  0
LWPOLYLINE
  5
2A0
330
17
100
AcDbEntity
  8
SANITARY_CLEAR_ZONE
100
AcDbPolyline
 90
4
 70
0
 10
2489351.665153296
 20
416460.04119339597
 10
2489354.0869509107
 20
416456.75997793657
 10
2489393.3714608154
 20
416482.24764449924
 10
2489351.665153296
 20
416460.04119339597
  0
LWPOLYLINE
  5
2A1
330
17
100
AcDbEntity
  8
SANITARY_CLEAR_ZONE
100
AcDbPolyline
 90
4
 70
0
 10
2489354.0869509107
 20
416456.75997793657
 10
2489393.3714608154
 20
416482.24764449924
 10
2489394.7298597186
 20
416479.3509118141
 10
2489354.0869509107
 20
416456.75997793657
  0
LWPOLYLINE
  5
2A2
330
17
100
AcDbEntity
  8
SANITARY_CLEAR_ZONE
100
AcDbPolyline
 90
5
 70
0
 10
2489416.5689281486
 20
416479.8742582794
 10
2489416.184298663
 20
416478.81045379385
 10
2489391.5144866286
 20
416493.74397623155
 10
2489392.578155856
 20
416493.35939564946
 10
2489416.5689281486
 20
416479.8742582794
  0
LWPOLYLINE
  5
2A3
330
17
100
AcDbEntity
  8
SANITARY_CLEAR_ZONE
100
AcDbPolyline
 90
5
 70
0
 10
2489403.149362632
 20
416472.69844582665
 10
2489404.5491521433
 20
416499.8560820066
 10
2489404.933732725
 20
416500.9197512341
 10
2489404.2130318596
 20
416472.31386524456
 10
2489403.149362632
 20
416472.69844582665
  0
LWPOLYLINE
  5
2A4
330
17
100
AcDbEntity
  8
SANITARY_CLEAR_ZONE
100
AcDbPolyline
 90
4
 70
0
 10
2489402.6746606273
 20
416468.05905307643
 10
2489399.0990723628
 20
416468.1491255952
 10
2489403.5583575256
 20
416460.52292764105
 10
2489402.6746606273
 20
416468.05905307643
  0
LWPOLYLINE
  5
2A5
330
17
100
AcDbEntity
  8
SANITARY_CLEAR_ZONE
100
AcDbPolyline
 90
4
 70
0
 10
2489399.0990723628
 20
416468.1491255952
 10
2489403.5583575256
 20
416460.52292764105
 10
2489400.66158739
 20
416459.1648481581
 10
2489399.0990723628
 20
416468.1491255952
  0
LWPOLYLINE
  5
2A6
330
17
100
AcDbEntity
  8
SANITARY_CLEAR_ZONE
100
AcDbPolyline
 90
4
 70
0
 10
2489404.2374461708
 20
416459.07467783144
 10
2489401.0461679725
 20
416460.2285173856
 10
2489374.575009548
 20
416403.6471781377
 10
2489404.2374461708
 20
416459.07467783144
  0
LWPOLYLINE
  5
2A7
330
17
100
AcDbEntity
  8
SANITARY_CLEAR_ZONE
100
AcDbPolyline
 90
4
 70
0
 10
2489401.0461679725
 20
416460.2285173856
 10
2489374.575009548
 20
416403.6471781377
 10
2489371.38373135
 20
416404.80101769185
 10
2489401.0461679725
 20
416460.2285173856
  0
LWPOLYLINE
  5
2A8
330
17
100
AcDbEntity
  8
SANITARY_CLEAR_ZONE
100
AcDbPolyline
 90
5
 70
0
 10
2489353.5295654973
 20
416392.01211797225
 10
2489353.9141949834
 20
416393.07592245785
 10
2489382.2253512978
 20
416394.86737369525
 10
2489380.777052584
 20
416394.1881497918
 10
2489353.5295654973
 20
416392.01211797225
  0
LWPOLYLINE
  5
2A9
330
17
100
AcDbEntity
  8
SANITARY_CLEAR_ZONE
100
AcDbPolyline
 90
5
 70
0
 10
2489361.0412766216
 20
416406.13500228355
 10
2489375.4828502415
 20
416382.871963097
 10
2489375.0982696596
 20
416381.8082938695
 10
2489360.6566471355
 20
416405.071197798
 10
2489361.0412766216
 20
416406.13500228355
  0
LWPOLYLINE
  5
2AA
330
17
100
AcDbEntity
  8
SANITARY_CLEAR_ZONE
100
AcDbPolyline
 90
4
 70
0
 10
2489365.5249760957
 20
416385.26961691625
 10
2489362.333697897
 20
416386.4234564704
 10
2489340.0027295533
 20
416337.9673940426
 10
2489365.5249760957
 20
416385.26961691625
  0
LWPOLYLINE
  5
2AB
330
17
100
AcDbEntity
  8
SANITARY_CLEAR_ZONE
100
AcDbPolyline
 90
4
 70
0
 10
2489362.333697897
 20
416386.4234564704
 10
2489340.0027295533
 20
416337.9673940426
 10
2489336.8117218707
 20
416339.12113578885
 10
2489362.333697897
 20
416386.4234564704
  0
LWPOLYLINE
  5
2AC
330
17
100
AcDbEntity
  8
SANITARY_CLEAR_ZONE
100
AcDbPolyline
 90
4
 70
0
 10
2489339.618100067
 20
416336.903589557
 10
2489338.25997168
 20
416339.8002244343
 10
2489325.04506332
 20
416326.53667161387
 10
2489339.618100067
 20
416336.903589557
  0
LWPOLYLINE
  5
2AD
330
17
100
AcDbEntity
  8
SANITARY_CLEAR_ZONE
100
AcDbPolyline
 90
4
 70
0
 10
2489338.25997168
 20
416339.8002244343
 10
2489325.04506332
 20
416326.53667161387
 10
2489323.6866644174
 20
416329.433404299
 10
2489338.25997168
 20
416339.8002244343
  0
LWPOLYLINE
  5
2AE
330
17
100
AcDbEntity
  8
SANITARY_CLEAR_ZONE
100
AcDbPolyline
 90
5
 70
0
 10
2489302.1423745663
 20
416326.39804098866
 10
2489302.5269551487
 20
416327.4617102162
 10
2489328.7351873186
 20
416316.78313520463
 10
2489327.286937509
 20
416316.1040465592
 10
2489302.1423745663
 20
416326.39804098866
  0
LWPOLYLINE
  5
2AF
330
17
100
AcDbEntity
  8
SANITARY_CLEAR_ZONE
100
AcDbPolyline
 90
5
 70
0
 10
2489315.267161504
 20
416336.0858702864
 10
2489317.0583796753
 20
416307.7744923602
 10
2489315.6101298654
 20
416307.09540371475
 10
2489313.8188627902
 20
416335.40664638294
 10
2489315.267161504
 20
416336.0858702864
  0
LWPOLYLINE
  5
2B0
330
17
100
AcDbEntity
  8
SANITARY_CLEAR_ZONE
100
AcDbPolyline
 90
4
 70
0
 10
2489308.638876762
 20
416314.42695834755
 10
2489307.2807483748
 20
416317.32359322486
 10
2489250.7310398403
 20
416274.0230536103
 10
2489308.638876762
 20
416314.42695834755
  0
LWPOLYLINE
  5
2B1
330
17
100
AcDbEntity
  8
SANITARY_CLEAR_ZONE
100
AcDbPolyline
 90
4
 70
0
 10
2489307.2807483748
 20
416317.32359322486
 10
2489250.7310398403
 20
416274.0230536103
 10
2489248.9880114514
 20
416275.8559818099
 10
2489307.2807483748
 20
416317.32359322486
  0
LWPOLYLINE
  5
2B2
330
17
100
AcDbEntity
  8
SANITARY_CLEAR_ZONE
100
AcDbPolyline
 90
5
 70
0
 10
2489227.4434510847
 20
416272.8207163074
 10
2489227.8280805703
 20
416273.884520793
 10
2489254.036263837
 20
416263.20581052336
 10
2489252.588014027
 20
416262.526721878
 10
2489227.4434510847
 20
416272.8207163074
  0
LWPOLYLINE
  5
2B3
330
17
100
AcDbEntity
  8
SANITARY_CLEAR_ZONE
100
AcDbPolyline
 90
5
 70
0
 10
2489240.568508538
 20
416282.50844779727
 10
2489241.2961063855
 20
416254.5817857112
 10
2489240.9115258036
 20
416253.5181164837
 10
2489239.120258728
 20
416281.82935915183
 10
2489240.568508538
 20
416282.50844779727
  0
LWPOLYLINE
  5
2B4
330
17
100
AcDbEntity
  8
SANITARY_CLEAR_ZONE
100
AcDbPolyline
 90
4
 70
0
 10
2489234.324853282
 20
416261.91334034404
 10
2489231.5184261813
 20
416264.13075131783
 10
2489217.918666723
 20
416249.8036270777
 10
2489234.324853282
 20
416261.91334034404
  0
LWPOLYLINE
  5
2B5
330
17
100
AcDbEntity
  8
SANITARY_CLEAR_ZONE
100
AcDbPolyline
 90
4
 70
0
 10
2489231.5184261813
 20
416264.13075131783
 10
2489217.918666723
 20
416249.8036270777
 10
2489215.4968691086
 20
416253.0848425371
 10
2489231.5184261813
 20
416264.13075131783
  0
LWPOLYLINE
  5
2B6
330
17
100
AcDbEntity
  8
SANITARY_CLEAR_ZONE
100
AcDbPolyline
 90
4
 70
0
 10
2489218.3032962093
 20
416250.86743156327
 10
2489215.4968691086
 20
416253.0848425371
 10
2489181.939970751
 20
416213.49865707045
 10
2489218.3032962093
 20
416250.86743156327
  0
LWPOLYLINE
  5
2B7
330
17
100
AcDbEntity
  8
SANITARY_CLEAR_ZONE
100
AcDbPolyline
 90
4
 70
0
 10
2489215.4968691086
 20
416253.0848425371
 10
2489181.939970751
 20
416213.49865707045
 10
2489179.51790262
 20
416216.7799703377
 10
2489215.4968691086
 20
416253.0848425371
  0
LINE
  5
2B8
330
17
100
AcDbEntity
  8
SANITARY_CLEAR_ZONE
100
AcDbLine
 10
2489181.939970751
 20
416213.49865707045
 30
0.0
 11
2489179.51790262
 21
416216.7799703377
 31
0.0
  0
LWPOLYLINE
  5
2B9
330
17
100
AcDbEntity
  8
SANITARY_CLEAR_ZONE
100
AcDbPolyline
 90
5
 70
0
 10
2489157.8832208305
 20
416210.16898131254
 10
2489159.3314706404
 20
416210.8480699579
 10
2489186.0144048156
 20
416204.80888769665
 10
2489185.6298242332
 20
416203.7452184691
 10
2489157.8832208305
 20
416210.16898131254
  0
LWPOLYLINE
  5
2BA
330
17
100
AcDbEntity
  8
SANITARY_CLEAR_ZONE
100
AcDbPolyline
 90
5
 70
0
 10
2489169.265249895
 20
416221.689641002
 10
2489176.080944981
 20
416193.96735410276
 10
2489174.6326462673
 20
416193.2881301993
 10
2489168.880669313
 20
416220.62597177445
 10
2489169.265249895
 20
416221.689641002
  0
LWPOLYLINE
  5
2BB
330
17
100
AcDbEntity
  8
SANITARY_CLEAR_ZONE
100
AcDbPolyline
 90
4
 70
0
 10
2489167.276542065
 20
416199.55611341243
 10
2489164.8547444507
 20
416202.8373288718
 10
2489116.634417407
 20
416149.3085997472
 10
2489167.276542065
 20
416199.55611341243
  0
LWPOLYLINE
  5
2BC
330
17
100
AcDbEntity
  8
SANITARY_CLEAR_ZONE
100
AcDbPolyline
 90
4
 70
0
 10
2489164.8547444507
 20
416202.8373288718
 10
2489116.634417407
 20
416149.3085997472
 10
2489114.2123492765
 20
416152.58991301444
 10
2489164.8547444507
 20
416202.8373288718
  0
LWPOLYLINE
  5
2BD
330
17
100
AcDbEntity
  8
SANITARY_CLEAR_ZONE
100
AcDbPolyline
 90
5
 70
0
 10
2489093.6416072305
 20
416145.5942455993
 10
2489094.026187813
 20
416146.6579148268
 10
2489121.772791215
 20
416140.2341519834
 10
2489120.3242708896
 20
416139.55516114586
 10
2489093.6416072305
 20
416145.5942455993
  0
LWPOLYLINE
  5
2BE
330
17
100
AcDbEntity
  8
SANITARY_CLEAR_ZONE
100
AcDbPolyline
 90
5
 70
0
 10
2489105.023636295
 20
416157.11490528873
 10
2489110.775342733
 20
416129.77716152143
 10
2489110.390762151
 20
416128.7134922939
 10
2489103.575386485
 20
416156.43581664335
 10
2489105.023636295
 20
416157.11490528873
  0
LWPOLYLINE
  5
2BF
330
17
100
AcDbEntity
  8
SANITARY_CLEAR_ZONE
100
AcDbPolyline
 90
4
 70
0
 10
2489099.254683044
 20
416141.1591905857
 10
2489100.4084736938
 20
416144.3503335263
 10
2489032.240816549
 20
416165.3887453368
 10
2489099.254683044
 20
416141.1591905857
  0
LWPOLYLINE
  5
2C0
330
17
100
AcDbEntity
  8
SANITARY_CLEAR_ZONE
100
AcDbPolyline
 90
4
 70
0
 10
2489100.4084736938
 20
416144.3503335263
 10
2489032.240816549
 20
416165.3887453368
 10
2489033.3946071994
 20
416168.5798882774
 10
2489100.4084736938
 20
416144.3503335263
  0
LWPOLYLINE
  5
2C1
330
17
100
AcDbEntity
  8
SANITARY_CLEAR_ZONE
100
AcDbPolyline
 90
5
 70
0
 10
2489018.7727907337
 20
416184.69148041855
 10
2489019.8364599613
 20
416184.30689983646
 10
2489025.5881663994
 20
416156.96915606916
 10
2489024.5244971723
 20
416157.35373665125
 10
2489018.7727907337
 20
416184.69148041855
  0
LWPOLYLINE
  5
2C2
330
17
100
AcDbEntity
  8
SANITARY_CLEAR_ZONE
100
AcDbPolyline
 90
5
 70
0
 10
2489033.6647009514
 20
416179.30715665343
 10
2489011.7599254097
 20
416161.96889925224
 10
2489010.696256182
 20
416162.35347983433
 10
2489032.601031724
 20
416179.6917372355
 10
2489033.6647009514
 20
416179.30715665343
  0
LWPOLYLINE
  5
2C3
330
17
100
AcDbEntity
  8
SANITARY_CLEAR_ZONE
100
AcDbPolyline
 90
4
 70
0
 10
2489013.0939589054
 20
416172.31148923823
 10
2489014.2477495554
 20
416175.50263217883
 10
2488988.628484608
 20
416181.1572338581
 10
2489013.0939589054
 20
416172.31148923823
  0
LWPOLYLINE
  5
2C4
330
17
100
AcDbEntity
  8
SANITARY_CLEAR_ZONE
100
AcDbPolyline
 90
4
 70
0
 10
2489014.2477495554
 20
416175.50263217883
 10
2488988.628484608
 20
416181.1572338581
 10
2488989.782275258
 20
416184.3483767987
 10
2489014.2477495554
 20
416175.50263217883
  0
LWPOLYLINE
  5
2C5
330
17
100
AcDbEntity
  8
SANITARY_CLEAR_ZONE
100
AcDbPolyline
 90
4
 70
0
 10
2488987.5648153806
 20
416181.54181444016
 10
2488990.46163442
 20
416182.90002918115
 10
2488976.9691942935
 20
416215.4419516761
 10
2488987.5648153806
 20
416181.54181444016
  0
LWPOLYLINE
  5
2C6
330
17
100
AcDbEntity
  8
SANITARY_CLEAR_ZONE
100
AcDbPolyline
 90
4
 70
0
 10
2488990.46163442
 20
416182.90002918115
 10
2488976.9691942935
 20
416215.4419516761
 10
2488979.8657428166
 20
416216.80026422493
 10
2488990.46163442
 20
416182.90002918115
  0
LWPOLYLINE
  5
2C7
330
17
100
AcDbEntity
  8
SANITARY_CLEAR_ZONE
100
AcDbPolyline
 90
4
 70
0
 10
2488653.283680447
 20
416873.7190486505
 10
2488656.0903780633
 20
416871.5015398688
 10
2488688.2890991303
 20
416913.98422495474
 10
2488653.283680447
 20
416873.7190486505
  0
LWPOLYLINE
  5
2C8
330
17
100
AcDbEntity
  8
SANITARY_CLEAR_ZONE
100
AcDbPolyline
 90
4
 70
0
 10
2488656.0903780633
 20
416871.5015398688
 10
2488688.2890991303
 20
416913.98422495474
 10
2488691.095526231
 20
416911.7668139809
 10
2488656.0903780633
 20
416871.5015398688
  0
LWPOLYLINE
  5
2C9
330
17
100
AcDbEntity
  8
SANITARY_CLEAR_ZONE
100
AcDbPolyline
 90
5
 70
0
 10
2488712.051119375
 20
416919.8260528157
 10
2488711.666538793
 20
416918.7623835882
 10
2488683.1507253223
 20
416923.05867271853
 10
2488684.5989751318
 20
416923.7377613639
 10
2488712.051119375
 20
416919.8260528157
  0
LWPOLYLINE
  5
2CA
330
17
100
AcDbEntity
  8
SANITARY_CLEAR_ZONE
100
AcDbPolyline
 90
4
 70
0
 10
2488701.732759538
 20
416907.9208125441
 10
2488702.1173401205
 20
416908.98448177165
 10
2488693.469085159
 20
416934.96391299006
 10
2488701.732759538
 20
416907.9208125441
  0
LWPOLYLINE
  5
2CB
330
17
100
AcDbEntity
  8
SANITARY_CLEAR_ZONE
100
AcDbPolyline
 90
4
 70
0
 10
2488702.2731686546
 20
416929.3751162302
 10
2488705.079866271
 20
416927.1576074485
 10
2488721.07678742
 20
416951.4429367083
 10
2488702.2731686546
 20
416929.3751162302
  0
LWPOLYLINE
  5
2CC
330
17
100
AcDbEntity
  8
SANITARY_CLEAR_ZONE
100
AcDbPolyline
 90
4
 70
0
 10
2488705.079866271
 20
416927.1576074485
 10
2488721.07678742
 20
416951.4429367083
 10
2488723.883485037
 20
416949.2254279266
 10
2488705.079866271
 20
416927.1576074485
  0
LWPOLYLINE
  5
2CD
330
17
100
AcDbEntity
  8
SANITARY_CLEAR_ZONE
100
AcDbPolyline
 90
4
 70
0
 10
2488723.5889769737
 20
416951.7373469637
 10
2488721.371295484
 20
416948.93101767113
 10
2488759.1001384393
 20
416926.8702783373
 10
2488723.5889769737
 20
416951.7373469637
  0
LWPOLYLINE
  5
2CE
330
17
100
AcDbEntity
  8
SANITARY_CLEAR_ZONE
100
AcDbPolyline
 90
4
 70
0
 10
2488721.371295484
 20
416948.93101767113
 10
2488759.1001384393
 20
416926.8702783373
 10
2488757.2673080475
 20
416925.12752046436
 10
2488721.371295484
 20
416948.93101767113
  0
LWPOLYLINE
  5
2CF
330
17
100
AcDbEntity
  8
SANITARY_CLEAR_ZONE
100
AcDbPolyline
 90
5
 70
0
 10
2488767.159696694
 20
416905.9147226433
 10
2488766.095756951
 20
416906.2994010333
 10
2488767.4958169777
 20
416933.45693940535
 10
2488768.559486205
 20
416933.0723588232
 10
2488767.159696694
 20
416905.9147226433
  0
LWPOLYLINE
  5
2D0
330
17
100
AcDbEntity
  8
SANITARY_CLEAR_ZONE
100
AcDbPolyline
 90
5
 70
0
 10
2488754.4849758386
 20
416914.10570657486
 10
2488779.10659809
 20
416925.65063386376
 10
2488780.1702673174
 20
416925.26605328167
 10
2488755.548915582
 20
416913.72102818487
 10
2488754.4849758386
 20
416914.10570657486
  0
LWPOLYLINE
  5
2D1
330
17
100
AcDbEntity
  8
SANITARY_CLEAR_ZONE
100
AcDbPolyline
 90
4
 70
0
 10
2488775.645226139
 20
416916.07720504195
 10
2488773.4277662616
 20
416913.27064268343
 10
2488796.060090747
 20
416902.6821027405
 10
2488775.645226139
 20
416916.07720504195
  0
LWPOLYLINE
  5
2D2
330
17
100
AcDbEntity
  8
SANITARY_CLEAR_ZONE
100
AcDbPolyline
 90
4
 70
0
 10
2488773.4277662616
 20
416913.27064268343
 10
2488796.060090747
 20
416902.6821027405
 10
2488793.842360353
 20
416899.8756381899
 10
2488773.4277662616
 20
416913.27064268343
  0
LWPOLYLINE
  5
2D3
330
17
100
AcDbEntity
  8
SANITARY_CLEAR_ZONE
100
AcDbPolyline
 90
4
 70
0
 10
2488795.675510165
 20
416901.618433513
 10
2488793.842360353
 20
416899.8756381899
 10
2488819.330162174
 20
416860.59107938095
 10
2488795.675510165
 20
416901.618433513
  0
LWPOLYLINE
  5
2D4
330
17
100
AcDbEntity
  8
SANITARY_CLEAR_ZONE
100
AcDbPolyline
 90
4
 70
0
 10
2488793.842360353
 20
416899.8756381899
 10
2488819.330162174
 20
416860.59107938095
 10
2488816.4336625547
 20
416859.23290209007
 10
2488793.842360353
 20
416899.8756381899
  0
LWPOLYLINE
  5
2D5
330
17
100
AcDbEntity
  8
SANITARY_CLEAR_ZONE
100
AcDbPolyline
 90
5
 70
0
 10
2488816.956603246
 20
416837.39398037177
 10
2488817.341183828
 20
416838.4576495993
 10
2488829.7627872285
 20
416862.83295356994
 10
2488830.826726972
 20
416862.44827517995
 10
2488816.956603246
 20
416837.39398037177
  0
LWPOLYLINE
  5
2D6
330
17
100
AcDbEntity
  8
SANITARY_CLEAR_ZONE
100
AcDbPolyline
 90
4
 70
0
 10
2488838.0023178128
 20
416849.0289427293
 10
2488837.3232780714
 20
416850.4773277969
 10
2488809.781012405
 20
416850.8133128224
 10
2488838.0023178128
 20
416849.0289427293
  0
LWPOLYLINE
  5
2D7
330
17
100
AcDbEntity
  8
SANITARY_CLEAR_ZONE
100
AcDbPolyline
 90
4
 70
0
 10
2488829.9915392767
 20
416843.5059883389
 10
2488827.094990753
 20
416842.14767579
 10
2488865.281386709
 20
416781.43314125214
 10
2488829.9915392767
 20
416843.5059883389
  0
LWPOLYLINE
  5
2D8
330
17
100
AcDbEntity
  8
SANITARY_CLEAR_ZONE
100
AcDbPolyline
 90
4
 70
0
 10
2488827.094990753
 20
416842.14767579
 10
2488865.281386709
 20
416781.43314125214
 10
2488862.3848381857
 20
416780.07482870325
 10
2488827.094990753
 20
416842.14767579
  0
LWPOLYLINE
  5
2D9
330
17
100
AcDbEntity
  8
SANITARY_CLEAR_ZONE
100
AcDbPolyline
 90
5
 70
0
 10
2488862.907778877
 20
416758.2359069849
 10
2488861.8441096493
 20
416758.62048756704
 10
2488875.7139628595
 20
416783.6748801831
 10
2488876.3933220212
 20
416782.2265325656
 10
2488862.907778877
 20
416758.2359069849
  0
LWPOLYLINE
  5
2DA
330
17
100
AcDbEntity
  8
SANITARY_CLEAR_ZONE
100
AcDbPolyline
 90
5
 70
0
 10
2488854.6685188087
 20
416772.0398200177
 10
2488882.889602604
 20
416770.2556829905
 10
2488883.9535423475
 20
416769.8710046005
 10
2488855.3476074543
 20
416770.5915702081
 10
2488854.6685188087
 20
416772.0398200177
  0
LWPOLYLINE
  5
2DB
330
17
100
AcDbEntity
  8
SANITARY_CLEAR_ZONE
100
AcDbPolyline
 90
4
 70
0
 10
2488875.5581343253
 20
416763.28424572456
 10
2488872.661585802
 20
416761.92593317566
 10
2488877.97993194
 20
416760.00303026516
 10
2488875.5581343253
 20
416763.28424572456
  0
LWPOLYLINE
  5
2DC
330
17
100
AcDbEntity
  8
SANITARY_CLEAR_ZONE
100
AcDbPolyline
 90
4
 70
0
 10
2488872.661585802
 20
416761.92593317566
 10
2488877.97993194
 20
416760.00303026516
 10
2488874.6988028344
 20
416757.5810484888
 10
2488872.661585802
 20
416761.92593317566
  0
LWPOLYLINE
  5
2DD
330
17
100
AcDbEntity
  8
SANITARY_CLEAR_ZONE
100
AcDbPolyline
 90
4
 70
0
 10
2488877.5953513575
 20
416758.9393610376
 10
2488874.019763093
 20
416759.0294335564
 10
2488876.334511892
 20
416708.8790735542
 10
2488877.5953513575
 20
416758.9393610376
  0
LWPOLYLINE
  5
2DE
330
17
100
AcDbEntity
  8
SANITARY_CLEAR_ZONE
100
AcDbPolyline
 90
4
 70
0
 10
2488874.019763093
 20
416759.0294335564
 10
2488876.334511892
 20
416708.8790735542
 10
2488872.758604207
 20
416708.96910862275
 10
2488874.019763093
 20
416759.0294335564
  0
LWPOLYLINE
  5
2DF
330
17
100
AcDbEntity
  8
SANITARY_CLEAR_ZONE
100
AcDbPolyline
 90
4
 70
0
 10
2488876.334511892
 20
416708.8790735542
 10
2488873.143233693
 20
416710.03291310836
 10
2488868.4379496695
 20
416693.6926178232
 10
2488876.334511892
 20
416708.8790735542
  0
LWPOLYLINE
  5
2E0
330
17
100
AcDbEntity
  8
SANITARY_CLEAR_ZONE
100
AcDbPolyline
 90
4
 70
0
 10
2488873.143233693
 20
416710.03291310836
 10
2488868.4379496695
 20
416693.6926178232
 10
2488865.246941987
 20
416694.8463595695
 10
2488873.143233693
 20
416710.03291310836
  0
LWPOLYLINE
  5
2E1
330
17
100
AcDbEntity
  8
SANITARY_CLEAR_ZONE
100
AcDbPolyline
 90
5
 70
0
 10
2488848.4561748463
 20
416681.6729770757
 10
2488848.840755428
 20
416682.7366463032
 10
2488876.4731425173
 20
416685.9763848004
 10
2488876.088513031
 20
416684.91258031485
 10
2488848.4561748463
 20
416681.6729770757
  0
LWPOLYLINE
  5
2E2
330
17
100
AcDbEntity
  8
SANITARY_CLEAR_ZONE
100
AcDbPolyline
 90
5
 70
0
 10
2488854.904167839
 20
416696.18030671106
 10
2488870.4096812024
 20
416672.5325891345
 10
2488870.0251006205
 20
416671.468919907
 10
2488854.519587257
 20
416695.11663748353
 10
2488854.904167839
 20
416696.18030671106
  0
LWPOLYLINE
  5
2E3
330
17
100
AcDbEntity
  8
SANITARY_CLEAR_ZONE
100
AcDbPolyline
 90
4
 70
0
 10
2488860.4515365404
 20
416674.93034076167
 10
2488857.260528858
 20
416676.08408250794
 10
2488848.414833142
 20
416651.61874346866
 10
2488860.4515365404
 20
416674.93034076167
  0
LWPOLYLINE
  5
2E4
330
17
100
AcDbEntity
  8
SANITARY_CLEAR_ZONE
100
AcDbPolyline
 90
4
 70
0
 10
2488857.260528858
 20
416676.08408250794
 10
2488848.414833142
 20
416651.61874346866
 10
2488845.2238254594
 20
416652.772485215
 10
2488857.260528858
 20
416676.08408250794
  0
LWPOLYLINE
  5
2E5
330
17
100
AcDbEntity
  8
SANITARY_CLEAR_ZONE
100
AcDbPolyline
 90
4
 70
0
 10
2488848.0302036563
 20
416650.5549389831
 10
2488845.6084060417
 20
416653.8361544425
 10
2488813.6794593064
 20
416622.0807002824
 10
2488848.0302036563
 20
416650.5549389831
  0
LWPOLYLINE
  5
2E6
330
17
100
AcDbEntity
  8
SANITARY_CLEAR_ZONE
100
AcDbPolyline
 90
4
 70
0
 10
2488845.6084060417
 20
416653.8361544425
 10
2488813.6794593064
 20
416622.0807002824
 10
2488810.87308111
 20
416624.2982465143
 10
2488845.6084060417
 20
416653.8361544425
  0
LWPOLYLINE
  5
2E7
330
17
100
AcDbEntity
  8
SANITARY_CLEAR_ZONE
100
AcDbPolyline
 90
5
 70
0
 10
2488790.007879905
 20
416619.8146333943
 10
2488791.4561297144
 20
416620.49372203974
 10
2488817.369853821
 20
416612.32706606534
 10
2488816.985273239
 20
416611.2633968378
 10
2488790.007879905
 20
416619.8146333943
  0
LWPOLYLINE
  5
2E8
330
17
100
AcDbEntity
  8
SANITARY_CLEAR_ZONE
100
AcDbPolyline
 90
5
 70
0
 10
2488802.068678194
 20
416629.887005824
 10
2488806.372134823
 20
416601.87017341127
 10
2488804.9238850134
 20
416601.19108476583
 10
2488801.6840976123
 20
416628.8233365965
 10
2488802.068678194
 20
416629.887005824
  0
LWPOLYLINE
  5
2E9
330
17
100
AcDbEntity
  8
SANITARY_CLEAR_ZONE
100
AcDbPolyline
 90
4
 70
0
 10
2488793.198887587
 20
416618.660891648
 10
2488792.904379524
 20
416621.1728106851
 10
2488778.5113151064
 20
416617.9574375953
 10
2488793.198887587
 20
416618.660891648
  0
LWPOLYLINE
  5
2EA
330
17
100
AcDbEntity
  8
SANITARY_CLEAR_ZONE
100
AcDbPolyline
 90
4
 70
0
 10
2488792.904379524
 20
416621.1728106851
 10
2488778.5113151064
 20
416617.9574375953
 10
2488778.6014365293
 20
416621.533161118
 10
2488792.904379524
 20
416621.1728106851
  0
LWPOLYLINE
  5
2EB
330
17
100
AcDbEntity
  8
SANITARY_CLEAR_ZONE
100
AcDbPolyline
 90
4
 70
0
 10
2488778.5113151064
 20
416617.9574375953
 10
2488779.665105757
 20
416621.1485805359
 10
2488742.344938274
 20
416631.03376423393
 10
2488778.5113151064
 20
416617.9574375953
  0
LWPOLYLINE
  5
2EC
330
17
100
AcDbEntity
  8
SANITARY_CLEAR_ZONE
100
AcDbPolyline
 90
4
 70
0
 10
2488779.665105757
 20
416621.1485805359
 10
2488742.344938274
 20
416631.03376423393
 10
2488743.4987289244
 20
416634.22490717453
 10
2488779.665105757
 20
416621.1485805359
  0
LWPOLYLINE
  5
2ED
330
17
100
AcDbEntity
  8
SANITARY_CLEAR_ZONE
100
AcDbPolyline
 90
4
 70
0
 10
2488742.344938274
 20
416631.03376423393
 10
2488743.4987289244
 20
416634.22490717453
 10
2488725.8003916065
 20
416641.8266419135
 10
2488742.344938274
 20
416631.03376423393
  0
LWPOLYLINE
  5
2EE
330
17
100
AcDbEntity
  8
SANITARY_CLEAR_ZONE
100
AcDbPolyline
 90
4
 70
0
 10
2488743.4987289244
 20
416634.22490717453
 10
2488725.8003916065
 20
416641.8266419135
 10
2488728.0178514845
 20
416644.633204272
 10
2488743.4987289244
 20
416634.22490717453
  0
LWPOLYLINE
  5
2EF
330
17
100
AcDbEntity
  8
SANITARY_CLEAR_ZONE
100
AcDbPolyline
 90
5
 70
0
 10
2488718.12568445
 20
416663.84576902713
 10
2488719.1893536774
 20
416663.46118844504
 10
2488717.405032488
 20
416635.24001829565
 10
2488716.3413632605
 20
416635.62459887774
 10
2488718.12568445
 20
416663.84576902713
  0
LWPOLYLINE
  5
2F0
330
17
100
AcDbEntity
  8
SANITARY_CLEAR_ZONE
100
AcDbPolyline
 90
5
 70
0
 10
2488730.8001347897
 20
416655.6548829035
 10
2488705.794521892
 20
416643.04622602934
 10
2488704.7305821483
 20
416643.43090441934
 10
2488729.736465562
 20
416656.0394634856
 10
2488730.8001347897
 20
416655.6548829035
  0
LWPOLYLINE
  5
2F1
330
17
100
AcDbEntity
  8
SANITARY_CLEAR_ZONE
100
AcDbPolyline
 90
4
 70
0
 10
2488709.255893843
 20
416652.61965485115
 10
2488711.4733537207
 20
416655.42621720966
 10
2488689.9043790423
 20
416665.63013912033
 10
2488709.255893843
 20
416652.61965485115
  0
LWPOLYLINE
  5
2F2
330
17
100
AcDbEntity
  8
SANITARY_CLEAR_ZONE
100
AcDbPolyline
 90
4
 70
0
 10
2488711.4733537207
 20
416655.42621720966
 10
2488689.9043790423
 20
416665.63013912033
 10
2488691.0581696928
 20
416668.82128206093
 10
2488711.4733537207
 20
416655.42621720966
  0
LWPOLYLINE
  5
2F3
330
17
100
AcDbEntity
  8
SANITARY_CLEAR_ZONE
100
AcDbPolyline
 90
4
 70
0
 10
2488689.225290397
 20
416667.07838892995
 10
2488692.1218389203
 20
416668.43670147884
 10
2488668.467186911
 20
416709.4640556109
 10
2488689.225290397
 20
416667.07838892995
  0
LWPOLYLINE
  5
2F4
330
17
100
AcDbEntity
  8
SANITARY_CLEAR_ZONE
100
AcDbPolyline
 90
4
 70
0
 10
2488692.1218389203
 20
416668.43670147884
 10
2488668.467186911
 20
416709.4640556109
 10
2488671.3639570465
 20
416710.82213509385
 10
2488692.1218389203
 20
416668.43670147884
  0
LWPOLYLINE
  5
2F5
330
17
100
AcDbEntity
  8
SANITARY_CLEAR_ZONE
100
AcDbPolyline
 90
4
 70
0
 10
2488671.9041445507
 20
416732.2766718459
 10
2488656.2918039835
 20
416709.0550118136
 10
2488657.355473211
 20
416708.6704312315
 10
2488671.9041445507
 20
416732.2766718459
  0
LWPOLYLINE
  5
2F6
330
17
100
AcDbEntity
  8
SANITARY_CLEAR_ZONE
100
AcDbPolyline
 90
5
 70
0
 10
2488679.0800059075
 20
416718.8572415873
 10
2488651.2432810823
 20
416721.705280908
 10
2488650.1796118547
 20
416722.08986149007
 10
2488678.01633668
 20
416719.2418221694
 10
2488679.0800059075
 20
416718.8572415873
  0
LWPOLYLINE
  5
2F7
330
17
100
AcDbEntity
  8
SANITARY_CLEAR_ZONE
100
AcDbPolyline
 90
4
 70
0
 10
2488659.6386891045
 20
416728.2920397839
 10
2488662.5355081437
 20
416729.6502545249
 10
2488654.500315296
 20
416737.3664875477
 10
2488659.6386891045
 20
416728.2920397839
  0
LWPOLYLINE
  5
2F8
330
17
100
AcDbEntity
  8
SANITARY_CLEAR_ZONE
100
AcDbPolyline
 90
4
 70
0
 10
2488662.5355081437
 20
416729.6502545249
 10
2488654.500315296
 20
416737.3664875477
 10
2488657.7814444015
 20
416739.7884693241
 10
2488662.5355081437
 20
416729.6502545249
  0
LWPOLYLINE
  5
2F9
330
17
100
AcDbEntity
  8
SANITARY_CLEAR_ZONE
100
AcDbPolyline
 90
4
 70
0
 10
2488653.821226651
 20
416738.8147373573
 10
2488657.3968149154
 20
416738.7246648385
 10
2488647.816402757
 20
416798.71876902686
 10
2488653.821226651
 20
416738.8147373573
  0
LWPOLYLINE
  5
2FA
330
17
100
AcDbEntity
  8
SANITARY_CLEAR_ZONE
100
AcDbPolyline
 90
4
 70
0
 10
2488657.3968149154
 20
416738.7246648385
 10
2488647.816402757
 20
416798.71876902686
 10
2488651.391991022
 20
416798.62869650807
 10
2488657.3968149154
 20
416738.7246648385
  0
LWPOLYLINE
  5
2FB
330
17
100
AcDbEntity
  8
SANITARY_CLEAR_ZONE
100
AcDbPolyline
 90
5
 70
0
 10
2488659.762984733
 20
416818.4546427971
 10
2488659.3784041507
 20
416817.3909735696
 10
2488637.473628609
 20
416800.0527161684
 10
2488636.794539964
 20
416801.500965978
 10
2488659.762984733
 20
416818.4546427971
  0
LWPOLYLINE
  5
2FC
330
17
100
AcDbEntity
  8
SANITARY_CLEAR_ZONE
100
AcDbPolyline
 90
5
 70
0
 10
2488661.5303785293
 20
416803.38239192637
 10
2488635.706775845
 20
416815.12477142346
 10
2488636.091356427
 20
416816.188440651
 10
2488660.8512898837
 20
416804.830641736
 10
2488661.5303785293
 20
416803.38239192637
  0
LWPOLYLINE
  5
2FD
330
17
100
AcDbEntity
  8
SANITARY_CLEAR_ZONE
100
AcDbPolyline
 90
4
 70
0
 10
2488645.4603122543
 20
416818.8148954221
 10
2488649.036171035
 20
416818.72472509544
 10
2488645.550163161
 20
416822.3907167527
 10
2488645.4603122543
 20
416818.8148954221
  0
LWPOLYLINE
  5
2FE
330
17
100
AcDbEntity
  8
SANITARY_CLEAR_ZONE
100
AcDbPolyline
 90
4
 70
0
 10
2488649.036171035
 20
416818.72472509544
 10
2488645.550163161
 20
416822.3907167527
 10
2488649.1260219417
 20
416822.30054642603
 10
2488649.036171035
 20
416818.72472509544
  0
LWPOLYLINE
  5
2FF
330
17
100
AcDbEntity
  8
SANITARY_CLEAR_ZONE
100
AcDbPolyline
 90
4
 70
0
 10
2488645.550163161
 20
416822.3907167527
 10
2488649.1260219417
 20
416822.30054642603
 10
2488652.8990998645
 20
416872.655379423
 10
2488645.550163161
 20
416822.3907167527
  0
LWPOLYLINE
  5
300
330
17
100
AcDbEntity
  8
SANITARY_CLEAR_ZONE
100
AcDbPolyline
 90
4
 70
0
 10
2488649.1260219417
 20
416822.30054642603
 10
2488652.8990998645
 20
416872.655379423
 10
2488656.474958645
 20
416872.5652090963
 10
2488649.1260219417
 20
416822.30054642603
  0
LINE
  5
301
330
17
100
AcDbEntity
  8
SANITARY_CLEAR_ZONE
100
AcDbLine
 10
2488652.8990998645
 20
416872.655379423
 30
0.0
 11
2488656.474958645
 21
416872.5652090963
 31
0.0
  0
LWPOLYLINE
  5
302
330
17
100
AcDbEntity
  8
SANITARY_CLEAR_ZONE
100
AcDbPolyline
 90
4
 70
0
 10
2489426.996445784
 20
417064.2573440735
 10
2489425.163517584
 20
417062.5143156845
 10
2489459.3409160706
 20
417027.30455926416
 10
2489426.996445784
 20
417064.2573440735
  0
LWPOLYLINE
  5
303
330
17
100
AcDbEntity
  8
SANITARY_CLEAR_ZONE
100
AcDbPolyline
 90
4
 70
0
 10
2489425.163517584
 20
417062.5143156845
 10
2489459.3409160706
 20
417027.30455926416
 10
2489456.059565353
 20
417024.88281055365
 10
2489425.163517584
 20
417062.5143156845
  0
LWPOLYLINE
  5
304
330
17
100
AcDbEntity
  8
SANITARY_CLEAR_ZONE
100
AcDbPolyline
 90
5
 70
0
 10
2489460.543215923
 20
417004.01728992834
 10
2489459.479546696
 20
417004.4018705104
 10
2489469.09445248
 20
417030.9946832628
 10
2489469.773541125
 20
417029.54643345316
 10
2489460.543215923
 20
417004.01728992834
  0
LWPOLYLINE
  5
305
330
17
100
AcDbEntity
  8
SANITARY_CLEAR_ZONE
100
AcDbPolyline
 90
5
 70
0
 10
2489450.4708060436
 20
417016.078407638
 10
2489478.103193132
 20
417019.3181461352
 10
2489479.1668623597
 20
417018.9335655531
 10
2489451.1498946887
 20
417014.6301578284
 10
2489450.4708060436
 20
417016.078407638
  0
LWPOLYLINE
  5
306
330
17
100
AcDbEntity
  8
SANITARY_CLEAR_ZONE
100
AcDbPolyline
 90
4
 70
0
 10
2489471.835442985
 20
417011.96226354525
 10
2489469.6179342032
 20
417009.15556592867
 10
2489518.0323469606
 20
416956.7707812056
 10
2489471.835442985
 20
417011.96226354525
  0
LWPOLYLINE
  5
307
330
17
100
AcDbEntity
  8
SANITARY_CLEAR_ZONE
100
AcDbPolyline
 90
4
 70
0
 10
2489469.6179342032
 20
417009.15556592867
 10
2489518.0323469606
 20
416956.7707812056
 10
2489514.7511689514
 20
416954.3486641711
 10
2489469.6179342032
 20
417009.15556592867
  0
LWPOLYLINE
  5
308
330
17
100
AcDbEntity
  8
SANITARY_CLEAR_ZONE
100
AcDbPolyline
 90
5
 70
0
 10
2489519.234917329
 20
416933.4834140619
 10
2489518.555828684
 20
416934.9316638715
 10
2489527.786153886
 20
416960.46080739633
 10
2489528.8498231135
 20
416960.07622681424
 10
2489519.234917329
 20
416933.4834140619
  0
LWPOLYLINE
  5
309
330
17
100
AcDbEntity
  8
SANITARY_CLEAR_ZONE
100
AcDbPolyline
 90
5
 70
0
 10
2489509.1625074497
 20
416945.54453177156
 10
2489537.179204604
 20
416949.8480373042
 10
2489537.858195442
 20
416948.3995169785
 10
2489510.2261766773
 20
416945.1599511895
 10
2489509.1625074497
 20
416945.54453177156
  0
LWPOLYLINE
  5
30A
330
17
100
AcDbEntity
  8
SANITARY_CLEAR_ZONE
100
AcDbPolyline
 90
4
 70
0
 10
2489530.526505551
 20
416941.4283127785
 10
2489528.309094577
 20
416938.62188567803
 10
2489576.723950559
 20
416886.2366348231
 10
2489530.526505551
 20
416941.4283127785
  0
LWPOLYLINE
  5
30B
330
17
100
AcDbEntity
  8
SANITARY_CLEAR_ZONE
100
AcDbPolyline
 90
4
 70
0
 10
2489528.309094577
 20
416938.62188567803
 10
2489576.723950559
 20
416886.2366348231
 10
2489573.8271804233
 20
416884.8785553401
 10
2489528.309094577
 20
416938.62188567803
  0
LWPOLYLINE
  5
30C
330
17
100
AcDbEntity
  8
SANITARY_CLEAR_ZONE
100
AcDbPolyline
 90
5
 70
0
 10
2489577.9259798955
 20
416862.9494632951
 10
2489578.3105604774
 20
416864.01313252264
 10
2489586.8617970343
 20
416890.9905258571
 10
2489587.5408856794
 20
416889.54227604746
 10
2489577.9259798955
 20
416862.9494632951
  0
LWPOLYLINE
  5
30D
330
17
100
AcDbEntity
  8
SANITARY_CLEAR_ZONE
100
AcDbPolyline
 90
5
 70
0
 10
2489567.853840532
 20
416875.01048319694
 10
2489595.8705376866
 20
416879.3139887295
 10
2489596.934206914
 20
416878.9294081474
 10
2489568.9175097593
 20
416874.62590261485
 10
2489567.853840532
 20
416875.01048319694
  0
LWPOLYLINE
  5
30E
330
17
100
AcDbEntity
  8
SANITARY_CLEAR_ZONE
100
AcDbPolyline
 90
4
 70
0
 10
2489589.218206957
 20
416870.894436912
 10
2489587.3852787577
 20
416869.15140852303
 10
2489635.799642611
 20
416816.76648854185
 10
2489589.218206957
 20
416870.894436912
  0
LWPOLYLINE
  5
30F
330
17
100
AcDbEntity
  8
SANITARY_CLEAR_ZONE
100
AcDbPolyline
 90
4
 70
0
 10
2489587.3852787577
 20
416869.15140852303
 10
2489635.799642611
 20
416816.76648854185
 10
2489632.518513506
 20
416814.3445067655
 10
2489587.3852787577
 20
416869.15140852303
  0
LWPOLYLINE
  5
310
330
17
100
AcDbEntity
  8
SANITARY_CLEAR_ZONE
100
AcDbPolyline
 90
4
 70
0
 10
2489637.00221298
 20
416793.4791213981
 10
2489646.232538182
 20
416819.008264923
 10
2489645.553449536
 20
416820.4565147326
 10
2489637.00221298
 20
416793.4791213981
  0
LWPOLYLINE
  5
311
330
17
100
AcDbEntity
  8
SANITARY_CLEAR_ZONE
100
AcDbPolyline
 90
5
 70
0
 10
2489626.9298031
 20
416805.54023910785
 10
2489654.5621901886
 20
416808.77997760504
 10
2489655.625859416
 20
416808.39539702295
 10
2489627.6088917456
 20
416804.09198929823
 10
2489626.9298031
 20
416805.54023910785
  0
LWPOLYLINE
  5
312
330
17
100
AcDbEntity
  8
SANITARY_CLEAR_ZONE
100
AcDbPolyline
 90
4
 70
0
 10
2489648.2941206214
 20
416801.42405756493
 10
2489646.0766607434
 20
416798.6174952064
 10
2489675.4101934847
 20
416769.9702675127
 10
2489648.2941206214
 20
416801.42405756493
  0
LWPOLYLINE
  5
313
330
17
100
AcDbEntity
  8
SANITARY_CLEAR_ZONE
100
AcDbPolyline
 90
4
 70
0
 10
2489646.0766607434
 20
416798.6174952064
 10
2489675.4101934847
 20
416769.9702675127
 10
2489672.1290643797
 20
416767.5482857363
 10
2489646.0766607434
 20
416798.6174952064
  0
LWPOLYLINE
  5
314
330
17
100
AcDbEntity
  8
SANITARY_CLEAR_ZONE
100
AcDbPolyline
 90
4
 70
0
 10
2489674.346524257
 20
416770.3548480948
 10
2489672.1290643797
 20
416767.5482857363
 10
2489696.708754991
 20
416749.0390397759
 10
2489674.346524257
 20
416770.3548480948
  0
LWPOLYLINE
  5
315
330
17
100
AcDbEntity
  8
SANITARY_CLEAR_ZONE
100
AcDbPolyline
 90
4
 70
0
 10
2489672.1290643797
 20
416767.5482857363
 10
2489696.708754991
 20
416749.0390397759
 10
2489694.491295113
 20
416746.2324774174
 10
2489672.1290643797
 20
416767.5482857363
  0
LWPOLYLINE
  5
316
330
17
100
AcDbEntity
  8
SANITARY_CLEAR_ZONE
100
AcDbPolyline
 90
5
 70
0
 10
2489701.486913624
 20
416725.6616001134
 10
2489700.807873883
 20
416727.1099851811
 10
2489705.783202755
 20
416754.17741358414
 10
2489706.8468719823
 20
416753.79283300205
 10
2489701.486913624
 20
416725.6616001134
  0
LWPOLYLINE
  5
317
330
17
100
AcDbEntity
  8
SANITARY_CLEAR_ZONE
100
AcDbPolyline
 90
5
 70
0
 10
2489689.966253935
 20
416737.0436291777
 10
2489716.6248227027
 20
416744.24376958754
 10
2489717.6884919303
 20
416743.85918900545
 10
2489690.6453425805
 20
416735.59537936805
 10
2489689.966253935
 20
416737.0436291777
  0
LWPOLYLINE
  5
318
330
17
100
AcDbEntity
  8
SANITARY_CLEAR_ZONE
100
AcDbPolyline
 90
4
 70
0
 10
2489712.0995110082
 20
416735.05501915567
 10
2489709.8820511308
 20
416732.2484567972
 10
2489753.3385545374
 20
416696.08933381736
 10
2489712.0995110082
 20
416735.05501915567
  0
LWPOLYLINE
  5
319
330
17
100
AcDbEntity
  8
SANITARY_CLEAR_ZONE
100
AcDbPolyline
 90
3
 70
0
 10
2489751.12109466
 20
416693.28277145885
 10
2489709.8820511308
 20
416732.2484567972
 10
2489753.3385545374
 20
416696.08933381736
  0
LWPOLYLINE
  5
31A
330
17
100
AcDbEntity
  8
SANITARY_CLEAR_ZONE
100
AcDbPolyline
 90
4
 70
0
 10
2488643.073676108
 20
415275.32464732364
 10
2488647.0341154705
 20
415276.29814622446
 10
2488629.67162792
 20
415311.44219553337
 10
2488643.073676108
 20
415275.32464732364
  0
LWPOLYLINE
  5
31B
330
17
100
AcDbEntity
  8
SANITARY_CLEAR_ZONE
100
AcDbPolyline
 90
4
 70
0
 10
2488647.0341154705
 20
415276.29814622446
 10
2488629.67162792
 20
415311.44219553337
 10
2488632.5684958636
 20
415312.80054553243
 10
2488647.0341154705
 20
415276.29814622446
  0
LWPOLYLINE
  5
31C
330
17
100
AcDbEntity
  8
SANITARY_CLEAR_ZONE
100
AcDbPolyline
 90
5
 70
0
 10
2488635.620775113
 20
415334.54922202375
 10
2488636.2998637585
 20
415333.10097221413
 10
2488618.94459261
 20
415311.7125108976
 10
2488619.3291731924
 20
415312.7761801251
 10
2488635.620775113
 20
415334.54922202375
  0
LWPOLYLINE
  5
31D
330
17
100
AcDbEntity
  8
SANITARY_CLEAR_ZONE
100
AcDbPolyline
 90
5
 70
0
 10
2488640.9635844654
 20
415319.3872669582
 10
2488614.2806013864
 20
415325.42631396145
 10
2488613.216932159
 20
415325.81089454354
 10
2488641.348165048
 20
415320.4509361857
 10
2488640.9635844654
 20
415319.3872669582
  0
LWPOLYLINE
  5
31E
330
17
100
AcDbEntity
  8
SANITARY_CLEAR_ZONE
100
AcDbPolyline
 90
4
 70
0
 10
2488626.2519170935
 20
415331.92303776875
 10
2488629.442924776
 20
415330.7692960224
 10
2488640.637765109
 20
415391.67092148407
 10
2488626.2519170935
 20
415331.92303776875
  0
LWPOLYLINE
  5
31F
330
17
100
AcDbEntity
  8
SANITARY_CLEAR_ZONE
100
AcDbPolyline
 90
4
 70
0
 10
2488629.442924776
 20
415330.7692960224
 10
2488640.637765109
 20
415391.67092148407
 10
2488643.8290433073
 20
415390.5170819299
 10
2488629.442924776
 20
415330.7692960224
  0
LWPOLYLINE
  5
320
330
17
100
AcDbEntity
  8
SANITARY_CLEAR_ZONE
100
AcDbPolyline
 90
4
 70
0
 10
2488640.637765109
 20
415391.67092148407
 10
2488643.8290433073
 20
415390.5170819299
 10
2488644.0991859636
 20
415401.24448556395
 10
2488640.637765109
 20
415391.67092148407
  0
LWPOLYLINE
  5
321
330
17
100
AcDbEntity
  8
SANITARY_CLEAR_ZONE
100
AcDbPolyline
 90
4
 70
0
 10
2488643.8290433073
 20
415390.5170819299
 10
2488644.0991859636
 20
415401.24448556395
 10
2488647.2904641624
 20
415400.0906460097
 10
2488643.8290433073
 20
415390.5170819299
  0
LWPOLYLINE
  5
322
330
17
100
AcDbEntity
  8
SANITARY_CLEAR_ZONE
100
AcDbPolyline
 90
5
 70
0
 10
2488663.4015527214
 20
415414.7123386709
 10
2488663.016972139
 20
415413.6486694434
 10
2488635.679634146
 20
415407.89681629324
 10
2488636.0642147283
 20
415408.9604855208
 10
2488663.4015527214
 20
415414.7123386709
  0
LWPOLYLINE
  5
323
330
17
100
AcDbEntity
  8
SANITARY_CLEAR_ZONE
100
AcDbPolyline
 90
5
 70
0
 10
2488658.0172289563
 20
415399.8204284534
 10
2488640.679377329
 20
415421.72505728324
 10
2488641.063957911
 20
415422.7887265108
 10
2488658.4018095382
 20
415400.8840976809
 10
2488658.0172289563
 20
415399.8204284534
  0
LWPOLYLINE
  5
324
330
17
100
AcDbEntity
  8
SANITARY_CLEAR_ZONE
100
AcDbPolyline
 90
4
 70
0
 10
2488651.021929865
 20
415420.39134320756
 10
2488654.2132080635
 20
415419.2375036534
 10
2488663.238827205
 20
415450.85425228794
 10
2488651.021929865
 20
415420.39134320756
  0
LWPOLYLINE
  5
325
330
17
100
AcDbEntity
  8
SANITARY_CLEAR_ZONE
100
AcDbPolyline
 90
4
 70
0
 10
2488654.2132080635
 20
415419.2375036534
 10
2488663.238827205
 20
415450.85425228794
 10
2488666.4301054035
 20
415449.7004127338
 10
2488654.2132080635
 20
415419.2375036534
  0
LWPOLYLINE
  5
326
330
17
100
AcDbEntity
  8
SANITARY_CLEAR_ZONE
100
AcDbPolyline
 90
4
 70
0
 10
2488663.238827205
 20
415450.85425228794
 10
2488666.4301054035
 20
415449.7004127338
 10
2488680.5701012695
 20
415485.4822089839
 10
2488663.238827205
 20
415450.85425228794
  0
LWPOLYLINE
  5
327
330
17
100
AcDbEntity
  8
SANITARY_CLEAR_ZONE
100
AcDbPolyline
 90
4
 70
0
 10
2488666.4301054035
 20
415449.7004127338
 10
2488680.5701012695
 20
415485.4822089839
 10
2488683.376430562
 20
415483.264527494
 10
2488666.4301054035
 20
415449.7004127338
  0
LWPOLYLINE
  5
328
330
17
100
AcDbEntity
  8
SANITARY_CLEAR_ZONE
100
AcDbPolyline
 90
5
 70
0
 10
2488702.294585062
 20
415495.66888408165
 10
2488701.91000448
 20
415494.6052148541
 10
2488673.5986265535
 20
415492.81399668264
 10
2488673.983207136
 20
415493.8776659101
 10
2488702.294585062
 20
415495.66888408165
  0
LWPOLYLINE
  5
329
330
17
100
AcDbEntity
  8
SANITARY_CLEAR_ZONE
100
AcDbPolyline
 90
5
 70
0
 10
2488694.7829228416
 20
415481.54613502836
 10
2488680.7257081917
 20
415505.87307650835
 10
2488681.1102887737
 20
415506.9367457359
 10
2488695.167503424
 20
415482.6098042559
 10
2488694.7829228416
 20
415481.54613502836
  0
LWPOLYLINE
  5
32A
330
17
100
AcDbEntity
  8
SANITARY_CLEAR_ZONE
100
AcDbPolyline
 90
4
 70
0
 10
2488690.6838528537
 20
415503.4753248812
 10
2488693.4902799544
 20
415501.2579139074
 10
2488709.4632789204
 20
415538.7820997065
 10
2488690.6838528537
 20
415503.4753248812
  0
LWPOLYLINE
  5
32B
330
17
100
AcDbEntity
  8
SANITARY_CLEAR_ZONE
100
AcDbPolyline
 90
4
 70
0
 10
2488693.4902799544
 20
415501.2579139074
 10
2488709.4632789204
 20
415538.7820997065
 10
2488712.654557119
 20
415537.62826015236
 10
2488693.4902799544
 20
415501.2579139074
  0
LWPOLYLINE
  5
32C
330
17
100
AcDbEntity
  8
SANITARY_CLEAR_ZONE
100
AcDbPolyline
 90
4
 70
0
 10
2488709.8478595023
 20
415539.84576893406
 10
2488712.2699765367
 20
415536.5645909248
 10
2488733.5855143396
 20
415558.92691946623
 10
2488709.8478595023
 20
415539.84576893406
  0
LWPOLYLINE
  5
32D
330
17
100
AcDbEntity
  8
SANITARY_CLEAR_ZONE
100
AcDbPolyline
 90
4
 70
0
 10
2488712.2699765367
 20
415536.5645909248
 10
2488733.5855143396
 20
415558.92691946623
 10
2488736.3922119564
 20
415556.70941068453
 10
2488712.2699765367
 20
415536.5645909248
  0
LWPOLYLINE
  5
32E
330
17
100
AcDbEntity
  8
SANITARY_CLEAR_ZONE
100
AcDbPolyline
 90
5
 70
0
 10
2488757.2573642577
 20
415561.1928885465
 10
2488756.8727836753
 20
415560.129219319
 10
2488729.895390341
 20
415568.68045587547
 10
2488731.3436401505
 20
415569.35954452085
 10
2488757.2573642577
 20
415561.1928885465
  0
LWPOLYLINE
  5
32F
330
17
100
AcDbEntity
  8
SANITARY_CLEAR_ZONE
100
AcDbPolyline
 90
5
 70
0
 10
2488745.196246548
 20
415551.1204786666
 10
2488741.572197985
 20
415577.6890987199
 10
2488741.956778567
 20
415578.75276794744
 10
2488746.2599157756
 20
415550.73589808453
 10
2488745.196246548
 20
415551.1204786666
  0
LWPOLYLINE
  5
330
330
17
100
AcDbEntity
  8
SANITARY_CLEAR_ZONE
100
AcDbPolyline
 90
4
 70
0
 10
2488749.312390641
 20
415572.485115608
 10
2488751.7344098673
 20
415569.20366708277
 10
2488805.1832321417
 20
415617.2336719663
 10
2488749.312390641
 20
415572.485115608
  0
LWPOLYLINE
  5
331
330
17
100
AcDbEntity
  8
SANITARY_CLEAR_ZONE
100
AcDbPolyline
 90
4
 70
0
 10
2488751.7344098673
 20
415569.20366708277
 10
2488805.1832321417
 20
415617.2336719663
 10
2488806.541409433
 20
415614.33717234706
 10
2488751.7344098673
 20
415569.20366708277
  0
LWPOLYLINE
  5
332
330
17
100
AcDbEntity
  8
SANITARY_CLEAR_ZONE
100
AcDbPolyline
 90
5
 70
0
 10
2488828.470599286
 20
415618.4362423351
 10
2488827.0219811522
 20
415617.7569809815
 10
2488800.4291683994
 20
415627.3718867655
 10
2488801.8777865334
 20
415628.05114811915
 10
2488828.470599286
 20
415618.4362423351
  0
LWPOLYLINE
  5
333
330
17
100
AcDbEntity
  8
SANITARY_CLEAR_ZONE
100
AcDbPolyline
 90
5
 70
0
 10
2488815.345812348
 20
415608.7484130374
 10
2488812.1059760433
 20
415636.38052961
 10
2488813.5542258527
 20
415637.05961825536
 10
2488816.794062158
 20
415609.4275016828
 10
2488815.345812348
 20
415608.7484130374
  0
LWPOLYLINE
  5
334
330
17
100
AcDbEntity
  8
SANITARY_CLEAR_ZONE
100
AcDbPolyline
 90
4
 70
0
 10
2488820.5257983766
 20
415629.7281010727
 10
2488822.268458442
 20
415627.8950001649
 10
2488875.3324296186
 20
415674.8614336289
 10
2488820.5257983766
 20
415629.7281010727
  0
LWPOLYLINE
  5
335
330
17
100
AcDbEntity
  8
SANITARY_CLEAR_ZONE
100
AcDbPolyline
 90
4
 70
0
 10
2488822.268458442
 20
415627.8950001649
 10
2488875.3324296186
 20
415674.8614336289
 10
2488877.0751874913
 20
415673.0286032371
 10
2488822.268458442
 20
415627.8950001649
  0
LWPOLYLINE
  5
336
330
17
100
AcDbEntity
  8
SANITARY_CLEAR_ZONE
100
AcDbPolyline
 90
4
 70
0
 10
2488899.0046478603
 20
415677.1275754173
 10
2488872.027156718
 20
415685.67854145775
 10
2488897.556300243
 20
415676.4482162558
 10
2488899.0046478603
 20
415677.1275754173
  0
LWPOLYLINE
  5
337
330
17
100
AcDbEntity
  8
SANITARY_CLEAR_ZONE
100
AcDbPolyline
 90
5
 70
0
 10
2488886.9432596345
 20
415667.05526334536
 10
2488882.639754102
 20
415695.07196050003
 10
2488884.0880039115
 20
415695.7510491455
 10
2488887.3278402165
 20
415668.11893257283
 10
2488886.9432596345
 20
415667.05526334536
  0
LWPOLYLINE
  5
338
330
17
100
AcDbEntity
  8
SANITARY_CLEAR_ZONE
100
AcDbPolyline
 90
4
 70
0
 10
2488891.0595764355
 20
415688.4195319628
 10
2488893.481422954
 20
415685.13845176145
 10
2488893.956076055
 20
415689.77770925366
 10
2488891.0595764355
 20
415688.4195319628
  0
LWPOLYLINE
  5
339
330
17
100
AcDbEntity
  8
SANITARY_CLEAR_ZONE
100
AcDbPolyline
 90
4
 70
0
 10
2488893.481422954
 20
415685.13845176145
 10
2488893.956076055
 20
415689.77770925366
 10
2488895.6988339275
 20
415687.94487886195
 10
2488893.481422954
 20
415685.13845176145
  0
LWPOLYLINE
  5
33A
330
17
100
AcDbEntity
  8
SANITARY_CLEAR_ZONE
100
AcDbPolyline
 90
4
 70
0
 10
2488894.3406566367
 20
415690.8413784812
 10
2488895.3142533456
 20
415686.8812096344
 10
2488942.249277708
 20
415703.58870343067
 10
2488894.3406566367
 20
415690.8413784812
  0
LWPOLYLINE
  5
33B
330
17
100
AcDbEntity
  8
SANITARY_CLEAR_ZONE
100
AcDbPolyline
 90
4
 70
0
 10
2488895.3142533456
 20
415686.8812096344
 10
2488942.249277708
 20
415703.58870343067
 10
2488943.222874417
 20
415699.6285345839
 10
2488895.3142533456
 20
415686.8812096344
  0
LWPOLYLINE
  5
33C
330
17
100
AcDbEntity
  8
SANITARY_CLEAR_ZONE
100
AcDbPolyline
 90
4
 70
0
 10
2488942.249277708
 20
415703.58870343067
 10
2488943.222874417
 20
415699.6285345839
 10
2488960.218028198
 20
415706.71427451784
 10
2488942.249277708
 20
415703.58870343067
  0
LWPOLYLINE
  5
33D
330
17
100
AcDbEntity
  8
SANITARY_CLEAR_ZONE
100
AcDbPolyline
 90
4
 70
0
 10
2488943.222874417
 20
415699.6285345839
 10
2488960.218028198
 20
415706.71427451784
 10
2488961.5761076813
 20
415703.8175043825
 10
2488943.222874417
 20
415699.6285345839
  0
LWPOLYLINE
  5
33E
330
17
100
AcDbEntity
  8
SANITARY_CLEAR_ZONE
100
AcDbPolyline
 90
5
 70
0
 10
2488981.7869050684
 20
415696.5100820911
 10
2488980.723235841
 20
415696.89466267324
 10
2488961.55201279
 20
415717.0567292458
 10
2488963.0002625994
 20
415717.73581789125
 10
2488981.7869050684
 20
415696.5100820911
  0
LWPOLYLINE
  5
33F
330
17
100
AcDbEntity
  8
SANITARY_CLEAR_ZONE
100
AcDbPolyline
 90
5
 70
0
 10
2488966.3301714235
 20
415693.67928958335
 10
2488975.9450772074
 20
415720.2721023357
 10
2488977.393327017
 20
415720.95119098114
 10
2488967.778421233
 20
415694.35837822873
 10
2488966.3301714235
 20
415693.67928958335
  0
LWPOLYLINE
  5
340
330
17
100
AcDbEntity
  8
SANITARY_CLEAR_ZONE
100
AcDbPolyline
 90
4
 70
0
 10
2488980.6985999173
 20
415710.1340831523
 10
2488980.9933784967
 20
415707.62206630723
 10
2489050.446511031
 20
415723.4045215012
 10
2488980.6985999173
 20
415710.1340831523
  0
LWPOLYLINE
  5
341
330
17
100
AcDbEntity
  8
SANITARY_CLEAR_ZONE
100
AcDbPolyline
 90
4
 70
0
 10
2488980.9933784967
 20
415707.62206630723
 10
2489050.446511031
 20
415723.4045215012
 10
2489050.7410190944
 20
415720.89260246407
 10
2488980.9933784967
 20
415707.62206630723
  0
LWPOLYLINE
  5
342
330
17
100
AcDbEntity
  8
SANITARY_CLEAR_ZONE
100
AcDbPolyline
 90
5
 70
0
 10
2489072.399525259
 20
415714.2644644338
 10
2489070.9512754492
 20
415713.5853757884
 10
2489052.164903497
 20
415734.81101378065
 10
2489053.2285727244
 20
415734.42643319856
 10
2489072.399525259
 20
415714.2644644338
  0
LWPOLYLINE
  5
343
330
17
100
AcDbEntity
  8
SANITARY_CLEAR_ZONE
100
AcDbPolyline
 90
4
 70
0
 10
2489067.621637142
 20
415737.64180628845
 10
2489066.173387332
 20
415736.962717643
 10
2489056.94306213
 20
415711.4335741181
 10
2489067.621637142
 20
415737.64180628845
  0
LWPOLYLINE
  5
344
330
17
100
AcDbEntity
  8
SANITARY_CLEAR_ZONE
100
AcDbPolyline
 90
4
 70
0
 10
2489070.248091913
 20
415728.2728504613
 10
2489071.2215908137
 20
415724.31241109845
 10
2489108.697316314
 20
415734.81795966683
 10
2489070.248091913
 20
415728.2728504613
  0
LWPOLYLINE
  5
345
330
17
100
AcDbEntity
  8
SANITARY_CLEAR_ZONE
100
AcDbPolyline
 90
4
 70
0
 10
2489071.2215908137
 20
415724.31241109845
 10
2489108.697316314
 20
415734.81795966683
 10
2489108.9918243773
 20
415732.3060406297
 10
2489071.2215908137
 20
415724.31241109845
  0
LWPOLYLINE
  5
346
330
17
100
AcDbEntity
  8
SANITARY_CLEAR_ZONE
100
AcDbPolyline
 90
4
 70
0
 10
2488242.1241580644
 20
415224.24104532116
 10
2488239.2276584455
 20
415222.88286803034
 10
2488250.069229489
 20
415212.94908877567
 10
2488242.1241580644
 20
415224.24104532116
  0
LWPOLYLINE
  5
347
330
17
100
AcDbEntity
  8
SANITARY_CLEAR_ZONE
100
AcDbPolyline
 90
4
 70
0
 10
2488239.2276584455
 20
415222.88286803034
 10
2488250.069229489
 20
415212.94908877567
 10
2488247.172459354
 20
415211.5910092927
 10
2488239.2276584455
 20
415222.88286803034
  0
LWPOLYLINE
  5
348
330
17
100
AcDbEntity
  8
SANITARY_CLEAR_ZONE
100
AcDbPolyline
 90
4
 70
0
 10
2488249.0055602617
 20
415213.33366935776
 10
2488247.8517207075
 20
415210.14239115914
 10
2488268.242219908
 20
415209.9866115289
 10
2488249.0055602617
 20
415213.33366935776
  0
LWPOLYLINE
  5
349
330
17
100
AcDbEntity
  8
SANITARY_CLEAR_ZONE
100
AcDbPolyline
 90
4
 70
0
 10
2488247.8517207075
 20
415210.14239115914
 10
2488268.242219908
 20
415209.9866115289
 10
2488268.1521473895
 20
415206.4110232642
 10
2488247.8517207075
 20
415210.14239115914
  0
LWPOLYLINE
  5
34A
330
17
100
AcDbEntity
  8
SANITARY_CLEAR_ZONE
100
AcDbPolyline
 90
5
 70
0
 10
2488278.69921037
 20
415198.9891630467
 10
2488277.6355411424
 20
415199.3737436288
 10
2488271.228889854
 20
415214.9206476005
 10
2488272.2925590817
 20
415214.5360670184
 10
2488278.69921037
 20
415198.9891630467
  0
LWPOLYLINE
  5
34B
330
17
100
AcDbEntity
  8
SANITARY_CLEAR_ZONE
100
AcDbPolyline
 90
5
 70
0
 10
2488268.356485126
 20
415200.3232454463
 10
2488280.1233652886
 20
415212.90747655544
 10
2488281.187034516
 20
415212.52289597335
 10
2488269.8047349355
 20
415201.00233409175
 10
2488268.356485126
 20
415200.3232454463
  0
LWPOLYLINE
  5
34C
330
17
100
AcDbEntity
  8
SANITARY_CLEAR_ZONE
100
AcDbPolyline
 90
4
 70
0
 10
2488280.327703025
 20
415206.8196987375
 10
2488279.558541861
 20
415204.6923602825
 10
2488289.6065863334
 20
415205.870565244
 10
2488280.327703025
 20
415206.8196987375
  0
LWPOLYLINE
  5
34D
330
17
100
AcDbEntity
  8
SANITARY_CLEAR_ZONE
100
AcDbPolyline
 90
4
 70
0
 10
2488279.558541861
 20
415204.6923602825
 10
2488289.6065863334
 20
415205.870565244
 10
2488289.5164160067
 20
415202.29470646323
 10
2488279.558541861
 20
415204.6923602825
  0
LWPOLYLINE
  5
34E
330
17
100
AcDbEntity
  8
SANITARY_CLEAR_ZONE
100
AcDbPolyline
 90
4
 70
0
 10
2488289.2220057514
 20
415204.80689601647
 10
2488290.5803557504
 20
415201.9100280733
 10
2488307.6653115344
 20
415212.57145407976
 10
2488289.2220057514
 20
415204.80689601647
  0
LWPOLYLINE
  5
34F
330
17
100
AcDbEntity
  8
SANITARY_CLEAR_ZONE
100
AcDbPolyline
 90
4
 70
0
 10
2488290.5803557504
 20
415201.9100280733
 10
2488307.6653115344
 20
415212.57145407976
 10
2488309.0237593413
 20
415209.6748566526
 10
2488290.5803557504
 20
415201.9100280733
  0
LWPOLYLINE
  5
350
330
17
100
AcDbEntity
  8
SANITARY_CLEAR_ZONE
100
AcDbPolyline
 90
4
 70
0
 10
2488309.113929668
 20
415213.2507154334
 10
2488307.960090114
 20
415210.0594372347
 10
2488320.0453027147
 20
415206.8926222513
 10
2488309.113929668
 20
415213.2507154334
  0
LWPOLYLINE
  5
351
330
17
100
AcDbEntity
  8
SANITARY_CLEAR_ZONE
100
AcDbPolyline
 90
4
 70
0
 10
2488307.960090114
 20
415210.0594372347
 10
2488320.0453027147
 20
415206.8926222513
 10
2488318.8915609685
 20
415203.7016145687
 10
2488307.960090114
 20
415210.0594372347
  0
LWPOLYLINE
  5
352
330
17
100
AcDbEntity
  8
SANITARY_CLEAR_ZONE
100
AcDbPolyline
 90
5
 70
0
 10
2488327.220942459
 20
415193.47342505865
 10
2488326.1572732315
 20
415193.85800564074
 10
2488325.159581632
 20
415211.0573993508
 10
2488326.2232508594
 20
415210.6728187687
 10
2488327.220942459
 20
415193.47342505865
  0
LWPOLYLINE
  5
353
330
17
100
AcDbEntity
  8
SANITARY_CLEAR_ZONE
100
AcDbPolyline
 90
4
 70
0
 10
2488318.0322294775
 20
415197.99841733294
 10
2488319.096169221
 20
415197.61373894295
 10
2488333.284625386
 20
415206.9169876586
 10
2488318.0322294775
 20
415197.99841733294
  0
LWPOLYLINE
  5
354
330
17
100
AcDbEntity
  8
SANITARY_CLEAR_ZONE
100
AcDbPolyline
 90
4
 70
0
 10
2488331.3616246674
 20
415201.5983710049
 10
2488330.207882921
 20
415198.40736332233
 10
2488335.231991512
 20
415198.9962816411
 10
2488331.3616246674
 20
415201.5983710049
  0
LWPOLYLINE
  5
355
330
17
100
AcDbEntity
  8
SANITARY_CLEAR_ZONE
100
AcDbPolyline
 90
4
 70
0
 10
2488330.207882921
 20
415198.40736332233
 10
2488335.231991512
 20
415198.9962816411
 10
2488334.0782497656
 20
415195.80527395854
 10
2488330.207882921
 20
415198.40736332233
  0
LWPOLYLINE
  5
356
330
17
100
AcDbEntity
  8
SANITARY_CLEAR_ZONE
100
AcDbPolyline
 90
4
 70
0
 10
2488335.231991512
 20
415198.9962816411
 10
2488334.0782497656
 20
415195.80527395854
 10
2488364.1323855645
 20
415195.7636617383
 10
2488335.231991512
 20
415198.9962816411
  0
LWPOLYLINE
  5
357
330
17
100
AcDbEntity
  8
SANITARY_CLEAR_ZONE
100
AcDbPolyline
 90
4
 70
0
 10
2488334.0782497656
 20
415195.80527395854
 10
2488364.1323855645
 20
415195.7636617383
 10
2488364.042215238
 20
415192.18780295755
 10
2488334.0782497656
 20
415195.80527395854
  0
LINE
  5
358
330
17
100
AcDbEntity
  8
SANITARY_CLEAR_ZONE
100
AcDbLine
 10
2488364.1323855645
 20
415195.7636617383
 30
0.0
 11
2488364.042215238
 21
415192.18780295755
 31
0.0
  0
LWPOLYLINE
  5
359
330
17
100
AcDbEntity
  8
WETLANDS
100
AcDbPolyline
 90
4
 70
0
 10
2489338.063690363
 20
417184.21370012447
 10
2489344.061125146
 20
417180.84254740435
 10
2489336.6151700374
 20
417183.53470928693
 10
2489338.063690363
 20
417184.21370012447
  0
LWPOLYLINE
  5
35A
330
17
100
AcDbEntity
  8
WETLANDS
100
AcDbPolyline
 90
4
 70
0
 10
2489802.5212278175
 20
417015.0815677756
 10
2489825.4482819787
 20
417001.9808757296
 10
2489794.6005218
 20
417013.1342016499
 10
2489802.5212278175
 20
417015.0815677756
  0
LWPOLYLINE
  5
35B
330
17
100
AcDbEntity
  8
WETLANDS
100
AcDbPolyline
 90
4
 70
0
 10
2489344.061125146
 20
417180.84254740435
 10
2489336.6151700374
 20
417183.53470928693
 10
2489370.1791869896
 20
417166.5881136121
 10
2489344.061125146
 20
417180.84254740435
  0
LWPOLYLINE
  5
35C
330
17
100
AcDbEntity
  8
WETLANDS
100
AcDbPolyline
 90
4
 70
0
 10
2489336.6151700374
 20
417183.53470928693
 10
2489370.1791869896
 20
417166.5881136121
 10
2489330.821802475
 20
417180.81818199705
 10
2489336.6151700374
 20
417183.53470928693
  0
LWPOLYLINE
  5
35D
330
17
100
AcDbEntity
  8
WETLANDS
100
AcDbPolyline
 90
4
 70
0
 10
2489370.1791869896
 20
417166.5881136121
 10
2489330.821802475
 20
417180.81818199705
 10
2489409.855444975
 20
417136.6068035188
 10
2489370.1791869896
 20
417166.5881136121
  0
LWPOLYLINE
  5
35E
330
17
100
AcDbEntity
  8
WETLANDS
100
AcDbPolyline
 90
4
 70
0
 10
2489330.821802475
 20
417180.81818199705
 10
2489409.855444975
 20
417136.6068035188
 10
2489311.9938183017
 20
417171.98968419014
 10
2489330.821802475
 20
417180.81818199705
  0
LWPOLYLINE
  5
35F
330
17
100
AcDbEntity
  8
WETLANDS
100
AcDbPolyline
 90
4
 70
0
 10
2489409.855444975
 20
417136.6068035188
 10
2489343.905518224
 20
417160.45167987986
 10
2489411.9830539464
 20
417135.8375445467
 10
2489409.855444975
 20
417136.6068035188
  0
LWPOLYLINE
  5
360
330
17
100
AcDbEntity
  8
WETLANDS
100
AcDbPolyline
 90
7
 70
0
 10
2489343.905518224
 20
417160.45167987986
 10
2489411.9830539464
 20
417135.8375445467
 10
2489344.9691874515
 20
417160.06709929777
 10
2489343.905518224
 20
417160.45167987986
 10
2489311.9938183017
 20
417171.98968419014
 10
2489331.0508739427
 20
417161.4912542162
 10
2489343.905518224
 20
417160.45167987986
  0
LWPOLYLINE
  5
361
330
17
100
AcDbEntity
  8
WETLANDS
100
AcDbPolyline
 90
4
 70
0
 10
2489311.9938183017
 20
417171.98968419014
 10
2489331.0508739427
 20
417161.4912542162
 10
2489307.649068873
 20
417169.9524182539
 10
2489311.9938183017
 20
417171.98968419014
  0
LWPOLYLINE
  5
362
330
17
100
AcDbEntity
  8
WETLANDS
100
AcDbPolyline
 90
4
 70
0
 10
2489411.9830539464
 20
417135.8375445467
 10
2489344.9691874515
 20
417160.06709929777
 10
2489409.2908920636
 20
417128.39158943796
 10
2489411.9830539464
 20
417135.8375445467
  0
LWPOLYLINE
  5
363
330
17
100
AcDbEntity
  8
WETLANDS
100
AcDbPolyline
 90
4
 70
0
 10
2489344.9691874515
 20
417160.06709929777
 10
2489409.2908920636
 20
417128.39158943796
 10
2489364.6148908953
 20
417144.54465854133
 10
2489344.9691874515
 20
417160.06709929777
  0
LWPOLYLINE
  5
364
330
17
100
AcDbEntity
  8
WETLANDS
100
AcDbPolyline
 90
4
 70
0
 10
2489331.0508739427
 20
417161.4912542162
 10
2489307.649068873
 20
417169.9524182539
 10
2489298.190040527
 20
417163.7503752181
 10
2489331.0508739427
 20
417161.4912542162
  0
LWPOLYLINE
  5
365
330
17
100
AcDbEntity
  8
WETLANDS
100
AcDbPolyline
 90
4
 70
0
 10
2489307.649068873
 20
417169.9524182539
 10
2489298.190040527
 20
417163.7503752181
 10
2489283.2981303097
 20
417169.1346989833
 10
2489307.649068873
 20
417169.9524182539
  0
LWPOLYLINE
  5
366
330
17
100
AcDbEntity
  8
WETLANDS
100
AcDbPolyline
 90
9
 70
0
 10
2489379.7114093653
 20
417133.0724591504
 10
2489380.775078593
 20
417132.68787856825
 10
2489379.7114093653
 20
417133.0724591504
 10
2489380.775078593
 20
417132.68787856825
 10
2489364.6148908953
 20
417144.54465854133
 10
2489409.2908920636
 20
417128.39158943796
 10
2489380.775078593
 20
417132.68787856825
 10
2489364.6148908953
 20
417144.54465854133
 10
2489379.7114093653
 20
417133.0724591504
  0
LWPOLYLINE
  5
367
330
17
100
AcDbEntity
  8
WETLANDS
100
AcDbPolyline
 90
4
 70
0
 10
2489825.4482819787
 20
417001.9808757296
 10
2489794.6005218
 20
417013.1342016499
 10
2489947.733500213
 20
416927.6982124471
 10
2489825.4482819787
 20
417001.9808757296
  0
LWPOLYLINE
  5
368
330
17
100
AcDbEntity
  8
WETLANDS
100
AcDbPolyline
 90
4
 70
0
 10
2489794.6005218
 20
417013.1342016499
 10
2489947.733500213
 20
416927.6982124471
 10
2489748.8195097
 20
416999.6176177283
 10
2489794.6005218
 20
417013.1342016499
  0
LWPOLYLINE
  5
369
330
17
100
AcDbEntity
  8
WETLANDS
100
AcDbPolyline
 90
10
 70
0
 10
2489283.2981303097
 20
417169.1346989833
 10
2489273.634666419
 20
417169.0201632493
 10
2489283.207959983
 20
417165.5588402025
 10
2489283.2981303097
 20
417169.1346989833
 10
2489298.190040527
 20
417163.7503752181
 10
2489283.207959983
 20
417165.5588402025
 10
2489273.634666419
 20
417169.0201632493
 10
2489274.99284371
 20
417166.12366363005
 10
2489283.207959983
 20
417165.5588402025
 10
2489283.2981303097
 20
417169.1346989833
  0
LWPOLYLINE
  5
36A
330
17
100
AcDbEntity
  8
WETLANDS
100
AcDbPolyline
 90
75
 70
0
 10
2489947.733500213
 20
416927.6982124471
 10
2489748.8195097
 20
416999.6176177283
 10
2490058.4085272714
 20
416861.2217943485
 10
2489748.8195097
 20
416999.6176177283
 10
2489715.892969173
 20
416985.0618277944
 10
2490058.4085272714
 20
416861.2217943485
 10
2489715.892969173
 20
416985.0618277944
 10
2490156.023933471
 20
416801.8726535037
 10
2489715.892969173
 20
416985.0618277944
 10
2489695.436492345
 20
416968.4027942967
 10
2490156.023933471
 20
416801.8726535037
 10
2489695.436492345
 20
416968.4027942967
 10
2490254.02419077
 20
416743.5870840786
 10
2489695.436492345
 20
416968.4027942967
 10
2489658.3453474264
 20
416958.9609149558
 10
2490254.02419077
 20
416743.5870840786
 10
2489658.3453474264
 20
416958.9609149558
 10
2490301.2364763827
 20
416714.48920036736
 10
2489658.3453474264
 20
416958.9609149558
 10
2489627.906533237
 20
416957.93858743244
 10
2490301.2364763827
 20
416714.48920036736
 10
2489627.906533237
 20
416957.93858743244
 10
2490317.101983309
 20
416705.1447077554
 10
2489627.906533237
 20
416957.93858743244
 10
2489594.8413620847
 20
416966.2854862523
 10
2490317.101983309
 20
416705.1447077554
 10
2489594.8413620847
 20
416966.2854862523
 10
2490447.5126885218
 20
416626.7211666489
 10
2489594.8413620847
 20
416966.2854862523
 10
2489577.395822802
 20
416941.3208956389
 10
2490447.5126885218
 20
416626.7211666489
 10
2489577.395822802
 20
416941.3208956389
 10
2490547.2557036933
 20
416566.60276683205
 10
2489577.395822802
 20
416941.3208956389
 10
2489603.7426855974
 20
416907.7396318736
 10
2490547.2557036933
 20
416566.60276683205
 10
2489603.7426855974
 20
416907.7396318736
 10
2490609.654407587
 20
416529.60864031856
 10
2489603.7426855974
 20
416907.7396318736
 10
2489609.7647563037
 20
416891.12905867444
 10
2490609.654407587
 20
416529.60864031856
 10
2489609.7647563037
 20
416891.12905867444
 10
2490606.1930845403
 20
416520.03534675477
 10
2489609.7647563037
 20
416891.12905867444
 10
2489613.74911785
 20
416878.86370103597
 10
2490606.1930845403
 20
416520.03534675477
 10
2489613.74911785
 20
416878.86370103597
 10
2490602.3470831034
 20
416509.39811344736
 10
2489613.74911785
 20
416878.86370103597
 10
2489633.3049214827
 20
416859.76530369086
 10
2490602.3470831034
 20
416509.39811344736
 10
2489633.3049214827
 20
416859.76530369086
 10
2490595.03975862
 20
416489.1875865762
 10
2489633.3049214827
 20
416859.76530369086
 10
2489639.8258379893
 20
416834.5550336366
 10
2490595.03975862
 20
416489.1875865762
 10
2489639.8258379893
 20
416834.5550336366
 10
2490586.668764909
 20
416469.36164028716
 10
2489639.8258379893
 20
416834.5550336366
 10
2489664.429942912
 20
416802.80660026305
 10
2490586.668764909
 20
416469.36164028716
 10
2489664.429942912
 20
416802.80660026305
 10
2490577.823069193
 20
416444.8963012479
 10
2489664.429942912
 20
416802.80660026305
 10
2489676.8584432947
 20
416770.64935615816
 10
2490577.823069193
 20
416444.8963012479
 10
2489676.8584432947
 20
416770.64935615816
 10
2490573.592487174
 20
416433.19539871294
 10
2489676.8584432947
 20
416770.64935615816
 10
2489692.838658663
 20
416751.6410313318
 10
2490573.592487174
 20
416433.19539871294
 10
2489692.838658663
 20
416751.6410313318
 10
2490565.606122949
 20
416414.4332569095
 10
2489692.838658663
 20
416751.6410313318
 10
2489736.973980199
 20
416714.0337563502
  0
LWPOLYLINE
  5
36B
330
17
100
AcDbEntity
  8
WETLANDS
100
AcDbPolyline
 90
4
 70
0
 10
2488748.2832033187
 20
416923.5646371129
 10
2488784.948425951
 20
416901.88861361914
 10
2488728.5715222475
 20
416922.27226474136
 10
2488748.2832033187
 20
416923.5646371129
  0
LWPOLYLINE
  5
36C
330
17
100
AcDbEntity
  8
WETLANDS
100
AcDbPolyline
 90
4
 70
0
 10
2488784.948425951
 20
416901.88861361914
 10
2488728.5715222475
 20
416922.27226474136
 10
2488789.882191506
 20
416898.90204148117
 10
2488784.948425951
 20
416901.88861361914
  0
LWPOLYLINE
  5
36D
330
17
100
AcDbEntity
  8
WETLANDS
100
AcDbPolyline
 90
4
 70
0
 10
2488728.5715222475
 20
416922.27226474136
 10
2488789.882191506
 20
416898.90204148117
 10
2488726.0593326944
 20
416921.9778544859
 10
2488728.5715222475
 20
416922.27226474136
  0
LWPOLYLINE
  5
36E
330
17
100
AcDbEntity
  8
WETLANDS
100
AcDbPolyline
 90
4
 70
0
 10
2488789.882191506
 20
416898.90204148117
 10
2488726.0593326944
 20
416921.9778544859
 10
2488793.2778074415
 20
416891.6604241091
 10
2488789.882191506
 20
416898.90204148117
  0
LWPOLYLINE
  5
36F
330
17
100
AcDbEntity
  8
WETLANDS
100
AcDbPolyline
 90
4
 70
0
 10
2488726.0593326944
 20
416921.9778544859
 10
2488793.2778074415
 20
416891.6604241091
 10
2488712.435699957
 20
416920.88972204324
 10
2488726.0593326944
 20
416921.9778544859
  0
LWPOLYLINE
  5
370
330
17
100
AcDbEntity
  8
WETLANDS
100
AcDbPolyline
 90
4
 70
0
 10
2488793.2778074415
 20
416891.6604241091
 10
2488712.435699957
 20
416920.88972204324
 10
2488820.2380028674
 20
416839.8158643403
 10
2488793.2778074415
 20
416891.6604241091
  0
LWPOLYLINE
  5
371
330
17
100
AcDbEntity
  8
WETLANDS
100
AcDbPolyline
 90
4
 70
0
 10
2488712.435699957
 20
416920.88972204324
 10
2488820.2380028674
 20
416839.8158643403
 10
2488685.146330134
 20
416888.6596522324
 10
2488712.435699957
 20
416920.88972204324
  0
LWPOLYLINE
  5
372
330
17
100
AcDbEntity
  8
WETLANDS
100
AcDbPolyline
 90
4
 70
0
 10
2488820.2380028674
 20
416839.8158643403
 10
2488685.146330134
 20
416888.6596522324
 10
2488827.4135937076
 20
416826.39653188956
 10
2488820.2380028674
 20
416839.8158643403
  0
LWPOLYLINE
  5
373
330
17
100
AcDbEntity
  8
WETLANDS
100
AcDbPolyline
 90
4
 70
0
 10
2488685.146330134
 20
416888.6596522324
 10
2488827.4135937076
 20
416826.39653188956
 10
2488677.4302812736
 20
416880.62454573903
 10
2488685.146330134
 20
416888.6596522324
  0
LWPOLYLINE
  5
374
330
17
100
AcDbEntity
  8
WETLANDS
100
AcDbPolyline
 90
4
 70
0
 10
2488827.4135937076
 20
416826.39653188956
 10
2488677.4302812736
 20
416880.62454573903
 10
2488851.453145719
 20
416786.4328844352
 10
2488827.4135937076
 20
416826.39653188956
  0
LWPOLYLINE
  5
375
330
17
100
AcDbEntity
  8
WETLANDS
100
AcDbPolyline
 90
4
 70
0
 10
2488677.4302812736
 20
416880.62454573903
 10
2488851.453145719
 20
416786.4328844352
 10
2488667.4307949073
 20
416852.9680637591
 10
2488677.4302812736
 20
416880.62454573903
  0
LWPOLYLINE
  5
376
330
17
100
AcDbEntity
  8
WETLANDS
100
AcDbPolyline
 90
4
 70
0
 10
2488851.453145719
 20
416786.4328844352
 10
2488667.4307949073
 20
416852.9680637591
 10
2488867.5476263054
 20
416757.7611935263
 10
2488851.453145719
 20
416786.4328844352
  0
LWPOLYLINE
  5
377
330
17
100
AcDbEntity
  8
WETLANDS
100
AcDbPolyline
 90
4
 70
0
 10
2488667.4307949073
 20
416852.9680637591
 10
2488867.5476263054
 20
416757.7611935263
 10
2488660.1234704237
 20
416832.75753688795
 10
2488667.4307949073
 20
416852.9680637591
  0
LWPOLYLINE
  5
378
330
17
100
AcDbEntity
  8
WETLANDS
100
AcDbPolyline
 90
4
 70
0
 10
2488867.5476263054
 20
416757.7611935263
 10
2488660.1234704237
 20
416832.75753688795
 10
2488868.226666047
 20
416756.31280845864
 10
2488867.5476263054
 20
416757.7611935263
  0
LWPOLYLINE
  5
379
330
17
100
AcDbEntity
  8
WETLANDS
100
AcDbPolyline
 90
4
 70
0
 10
2488660.1234704237
 20
416832.75753688795
 10
2488868.226666047
 20
416756.31280845864
 10
2488660.802510165
 20
416831.3091518203
 10
2488660.1234704237
 20
416832.75753688795
  0
LWPOLYLINE
  5
37A
330
17
100
AcDbEntity
  8
WETLANDS
100
AcDbPolyline
 90
4
 70
0
 10
2488868.226666047
 20
416756.31280845864
 10
2488660.802510165
 20
416831.3091518203
 10
2488866.4664397486
 20
416714.85241344594
 10
2488868.226666047
 20
416756.31280845864
  0
LWPOLYLINE
  5
37B
330
17
100
AcDbEntity
  8
WETLANDS
100
AcDbPolyline
 90
4
 70
0
 10
2488660.802510165
 20
416831.3091518203
 10
2488866.4664397486
 20
416714.85241344594
 10
2488664.361171037
 20
416787.9256582813
 10
2488660.802510165
 20
416831.3091518203
  0
LWPOLYLINE
  5
37C
330
17
100
AcDbEntity
  8
WETLANDS
100
AcDbPolyline
 90
4
 70
0
 10
2488866.4664397486
 20
416714.85241344594
 10
2488664.361171037
 20
416787.9256582813
 10
2488859.63381727
 20
416699.281279325
 10
2488866.4664397486
 20
416714.85241344594
  0
LWPOLYLINE
  5
37D
330
17
100
AcDbEntity
  8
WETLANDS
100
AcDbPolyline
 90
4
 70
0
 10
2488664.361171037
 20
416787.9256582813
 10
2488859.63381727
 20
416699.281279325
 10
2488666.0381728946
 20
416769.2777816957
 10
2488664.361171037
 20
416787.9256582813
  0
LWPOLYLINE
  5
37E
330
17
100
AcDbEntity
  8
WETLANDS
100
AcDbPolyline
 90
4
 70
0
 10
2489398.690077469
 20
416480.3246437808
 10
2489398.51010514
 20
416473.17309892754
 10
2489391.063879515
 20
416475.86535861803
 10
2489398.690077469
 20
416480.3246437808
  0
LWPOLYLINE
  5
37F
330
17
100
AcDbEntity
  8
WETLANDS
100
AcDbPolyline
 90
4
 70
0
 10
2488859.63381727
 20
416699.281279325
 10
2488666.0381728946
 20
416769.2777816957
 10
2488846.7375118644
 20
416670.26658260415
 10
2488859.63381727
 20
416699.281279325
  0
LWPOLYLINE
  5
380
330
17
100
AcDbEntity
  8
WETLANDS
100
AcDbPolyline
 90
4
 70
0
 10
2488666.0381728946
 20
416769.2777816957
 10
2488846.7375118644
 20
416670.26658260415
 10
2488675.4800033313
 20
416732.1865015192
 10
2488666.0381728946
 20
416769.2777816957
  0
LWPOLYLINE
  5
381
330
17
100
AcDbEntity
  8
WETLANDS
100
AcDbPolyline
 90
4
 70
0
 10
2489256.176863939
 20
416518.6214061424
 10
2489257.15068226
 20
416514.66100422974
 10
2489250.7683963785
 20
416516.96858553024
 10
2489256.176863939
 20
416518.6214061424
  0
LWPOLYLINE
  5
382
330
17
100
AcDbEntity
  8
WETLANDS
100
AcDbPolyline
 90
4
 70
0
 10
2488846.7375118644
 20
416670.26658260415
 10
2488675.4800033313
 20
416732.1865015192
 10
2488843.3663102407
 20
416664.26901256305
 10
2488846.7375118644
 20
416670.26658260415
  0
LWPOLYLINE
  5
383
330
17
100
AcDbEntity
  8
WETLANDS
100
AcDbPolyline
 90
4
 70
0
 10
2488675.4800033313
 20
416732.1865015192
 10
2488843.3663102407
 20
416664.26901256305
 10
2488677.427418361
 20
416724.2659307597
 10
2488675.4800033313
 20
416732.1865015192
  0
LWPOLYLINE
  5
384
330
17
100
AcDbEntity
  8
WETLANDS
100
AcDbPolyline
 90
4
 70
0
 10
2489398.51010514
 20
416473.17309892754
 10
2489391.063879515
 20
416475.86535861803
 10
2489398.9188295174
 20
416460.9976785498
 10
2489398.51010514
 20
416473.17309892754
  0
LWPOLYLINE
  5
385
330
17
100
AcDbEntity
  8
WETLANDS
100
AcDbPolyline
 90
4
 70
0
 10
2489391.063879515
 20
416475.86535861803
 10
2489398.9188295174
 20
416460.9976785498
 10
2489377.6446334184
 20
416468.68958361546
 10
2489391.063879515
 20
416475.86535861803
  0
LWPOLYLINE
  5
386
330
17
100
AcDbEntity
  8
WETLANDS
100
AcDbPolyline
 90
4
 70
0
 10
2489257.15068226
 20
416514.66100422974
 10
2489250.7683963785
 20
416516.96858553024
 10
2489258.803540322
 20
416509.2522172494
 10
2489257.15068226
 20
416514.66100422974
  0
LWPOLYLINE
  5
387
330
17
100
AcDbEntity
  8
WETLANDS
100
AcDbPolyline
 90
4
 70
0
 10
2489250.7683963785
 20
416516.96858553024
 10
2489258.803540322
 20
416509.2522172494
 10
2489244.975028816
 20
416514.25205824035
 10
2489250.7683963785
 20
416516.96858553024
  0
LWPOLYLINE
  5
388
330
17
100
AcDbEntity
  8
WETLANDS
100
AcDbPolyline
 90
4
 70
0
 10
2489398.9188295174
 20
416460.9976785498
 10
2489377.6446334184
 20
416468.68958361546
 10
2489387.8315301286
 20
416446.9648667573
 10
2489398.9188295174
 20
416460.9976785498
  0
LWPOLYLINE
  5
389
330
17
100
AcDbEntity
  8
WETLANDS
100
AcDbPolyline
 90
4
 70
0
 10
2489377.6446334184
 20
416468.68958361546
 10
2489387.8315301286
 20
416446.9648667573
 10
2489358.0474391775
 20
416457.7336120955
 10
2489377.6446334184
 20
416468.68958361546
  0
LWPOLYLINE
  5
38A
330
17
100
AcDbEntity
  8
WETLANDS
100
AcDbPolyline
 90
4
 70
0
 10
2488843.3663102407
 20
416664.26901256305
 10
2488677.427418361
 20
416724.2659307597
 10
2488831.1252202014
 20
416647.0450578299
 10
2488843.3663102407
 20
416664.26901256305
  0
LWPOLYLINE
  5
38B
330
17
100
AcDbEntity
  8
WETLANDS
100
AcDbPolyline
 90
4
 70
0
 10
2488677.427418361
 20
416724.2659307597
 10
2488831.1252202014
 20
416647.0450578299
 10
2488691.7788705584
 20
416697.4271680505
 10
2488677.427418361
 20
416724.2659307597
  0
LWPOLYLINE
  5
38C
330
17
100
AcDbEntity
  8
WETLANDS
100
AcDbPolyline
 90
4
 70
0
 10
2489258.803540322
 20
416509.2522172494
 10
2489244.975028816
 20
416514.25205824035
 10
2489263.6715498623
 20
416489.4505989175
 10
2489258.803540322
 20
416509.2522172494
  0
LWPOLYLINE
  5
38D
330
17
100
AcDbEntity
  8
WETLANDS
100
AcDbPolyline
 90
4
 70
0
 10
2489244.975028816
 20
416514.25205824035
 10
2489263.6715498623
 20
416489.4505989175
 10
2489234.9511281387
 20
416499.8347636736
 10
2489244.975028816
 20
416514.25205824035
  0
LWPOLYLINE
  5
38E
330
17
100
AcDbEntity
  8
WETLANDS
100
AcDbPolyline
 90
4
 70
0
 10
2489387.8315301286
 20
416446.9648667573
 10
2489358.0474391775
 20
416457.7336120955
 10
2489383.396339857
 20
416441.35183984815
 10
2489387.8315301286
 20
416446.9648667573
  0
LWPOLYLINE
  5
38F
330
17
100
AcDbEntity
  8
WETLANDS
100
AcDbPolyline
 90
4
 70
0
 10
2489358.0474391775
 20
416457.7336120955
 10
2489383.396339857
 20
416441.35183984815
 10
2489328.083375897
 20
416461.3508125804
 10
2489358.0474391775
 20
416457.7336120955
  0
LWPOLYLINE
  5
390
330
17
100
AcDbEntity
  8
WETLANDS
100
AcDbPolyline
 90
4
 70
0
 10
2489263.6715498623
 20
416489.4505989175
 10
2489234.9511281387
 20
416499.8347636736
 10
2489280.216367046
 20
416478.65762343
 10
2489263.6715498623
 20
416489.4505989175
  0
LWPOLYLINE
  5
391
330
17
100
AcDbEntity
  8
WETLANDS
100
AcDbPolyline
 90
4
 70
0
 10
2489234.9511281387
 20
416499.8347636736
 10
2489280.216367046
 20
416478.65762343
 10
2489232.349087679
 20
416495.96453208756
 10
2489234.9511281387
 20
416499.8347636736
  0
LWPOLYLINE
  5
392
330
17
100
AcDbEntity
  8
WETLANDS
100
AcDbPolyline
 90
4
 70
0
 10
2488831.1252202014
 20
416647.0450578299
 10
2488691.7788705584
 20
416697.4271680505
 10
2488823.883602829
 20
416643.6494418946
 10
2488831.1252202014
 20
416647.0450578299
  0
LWPOLYLINE
  5
393
330
17
100
AcDbEntity
  8
WETLANDS
100
AcDbPolyline
 90
4
 70
0
 10
2488691.7788705584
 20
416697.4271680505
 10
2488823.883602829
 20
416643.6494418946
 10
2488697.3018249488
 20
416689.41638951417
 10
2488691.7788705584
 20
416697.4271680505
  0
LWPOLYLINE
  5
394
330
17
100
AcDbEntity
  8
WETLANDS
100
AcDbPolyline
 90
4
 70
0
 10
2489383.396339857
 20
416441.35183984815
 10
2489328.083375897
 20
416461.3508125804
 10
2489378.961420101
 20
416435.7387151311
 10
2489383.396339857
 20
416441.35183984815
  0
LWPOLYLINE
  5
395
330
17
100
AcDbEntity
  8
WETLANDS
100
AcDbPolyline
 90
4
 70
0
 10
2489328.083375897
 20
416461.3508125804
 10
2489378.961420101
 20
416435.7387151311
 10
2489299.182981844
 20
416464.5834324832
 10
2489328.083375897
 20
416461.3508125804
  0
LWPOLYLINE
  5
396
330
17
100
AcDbEntity
  8
WETLANDS
100
AcDbPolyline
 90
4
 70
0
 10
2489280.216367046
 20
416478.65762343
 10
2489232.349087679
 20
416495.96453208756
 10
2489299.182981844
 20
416464.5834324832
 10
2489280.216367046
 20
416478.65762343
  0
LWPOLYLINE
  5
397
330
17
100
AcDbEntity
  8
WETLANDS
100
AcDbPolyline
 90
4
 70
0
 10
2489232.349087679
 20
416495.96453208756
 10
2489299.182981844
 20
416464.5834324832
 10
2489227.9141679234
 20
416490.35140737053
 10
2489232.349087679
 20
416495.96453208756
  0
LWPOLYLINE
  5
398
330
17
100
AcDbEntity
  8
WETLANDS
100
AcDbPolyline
 90
4
 70
0
 10
2488823.883602829
 20
416643.6494418946
 10
2488697.3018249488
 20
416689.41638951417
 10
2488811.9126065425
 20
416637.1527555375
 10
2488823.883602829
 20
416643.6494418946
  0
LWPOLYLINE
  5
399
330
17
100
AcDbEntity
  8
WETLANDS
100
AcDbPolyline
 90
4
 70
0
 10
2488697.3018249488
 20
416689.41638951417
 10
2488811.9126065425
 20
416637.1527555375
 10
2488709.796032443
 20
416674.0740563451
 10
2488697.3018249488
 20
416689.41638951417
  0
LWPOLYLINE
  5
39A
330
17
100
AcDbEntity
  8
WETLANDS
100
AcDbPolyline
 90
4
 70
0
 10
2489378.961420101
 20
416435.7387151311
 10
2489227.9141679234
 20
416490.35140737053
 10
2489374.1416492476
 20
416429.0620189945
 10
2489378.961420101
 20
416435.7387151311
  0
LWPOLYLINE
  5
39B
330
17
100
AcDbEntity
  8
WETLANDS
100
AcDbPolyline
 90
4
 70
0
 10
2489227.9141679234
 20
416490.35140737053
 10
2489374.1416492476
 20
416429.0620189945
 10
2489223.0946675856
 20
416483.67461342603
 10
2489227.9141679234
 20
416490.35140737053
  0
LWPOLYLINE
  5
39C
330
17
100
AcDbEntity
  8
WETLANDS
100
AcDbPolyline
 90
4
 70
0
 10
2488811.9126065425
 20
416637.1527555375
 10
2488709.796032443
 20
416674.0740563451
 10
2488798.5832113526
 20
416633.5528018655
 10
2488811.9126065425
 20
416637.1527555375
  0
LWPOLYLINE
  5
39D
330
17
100
AcDbEntity
  8
WETLANDS
100
AcDbPolyline
 90
4
 70
0
 10
2488709.796032443
 20
416674.0740563451
 10
2488798.5832113526
 20
416633.5528018655
 10
2488720.93211155
 20
416661.62835805333
 10
2488709.796032443
 20
416674.0740563451
  0
LWPOLYLINE
  5
39E
330
17
100
AcDbEntity
  8
WETLANDS
100
AcDbPolyline
 90
10
 70
0
 10
2488720.93211155
 20
416661.62835805333
 10
2488731.00452143
 20
416649.5672403436
 10
2488774.6168533713
 20
416633.7987518224
 10
2488720.93211155
 20
416661.62835805333
 10
2488798.5832113526
 20
416633.5528018655
 10
2488774.6168533713
 20
416633.7987518224
 10
2488731.00452143
 20
416649.5672403436
 10
2488766.017107612
 20
416633.29977076437
 10
2488774.6168533713
 20
416633.7987518224
 10
2488720.93211155
 20
416661.62835805333
  0
LWPOLYLINE
  5
39F
330
17
100
AcDbEntity
  8
WETLANDS
100
AcDbPolyline
 90
4
 70
0
 10
2489374.1416492476
 20
416429.0620189945
 10
2489223.0946675856
 20
416483.67461342603
 10
2489354.1842398318
 20
416403.8030555758
 10
2489374.1416492476
 20
416429.0620189945
  0
LWPOLYLINE
  5
3A0
330
17
100
AcDbEntity
  8
WETLANDS
100
AcDbPolyline
 90
4
 70
0
 10
2489223.0946675856
 20
416483.67461342603
 10
2489354.1842398318
 20
416403.8030555758
 10
2489192.4997543464
 20
416462.261749252
 10
2489223.0946675856
 20
416483.67461342603
  0
LWPOLYLINE
  5
3A1
330
17
100
AcDbEntity
  8
WETLANDS
100
AcDbPolyline
 90
4
 70
0
 10
2489354.1842398318
 20
416403.8030555758
 10
2489192.4997543464
 20
416462.261749252
 10
2489347.8260977454
 20
416392.871547271
 10
2489354.1842398318
 20
416403.8030555758
  0
LWPOLYLINE
  5
3A2
330
17
100
AcDbEntity
  8
WETLANDS
100
AcDbPolyline
 90
4
 70
0
 10
2489192.4997543464
 20
416462.261749252
 10
2489347.8260977454
 20
416392.871547271
 10
2489180.8235366386
 20
416453.2530460498
 10
2489192.4997543464
 20
416462.261749252
  0
LWPOLYLINE
  5
3A3
330
17
100
AcDbEntity
  8
WETLANDS
100
AcDbPolyline
 90
4
 70
0
 10
2489347.8260977454
 20
416392.871547271
 10
2489180.8235366386
 20
416453.2530460498
 10
2489322.77909424
 20
416350.2085215318
 10
2489347.8260977454
 20
416392.871547271
  0
LWPOLYLINE
  5
3A4
330
17
100
AcDbEntity
  8
WETLANDS
100
AcDbPolyline
 90
4
 70
0
 10
2489180.8235366386
 20
416453.2530460498
 10
2489322.77909424
 20
416350.2085215318
 10
2489124.9285024386
 20
416421.74344403873
 10
2489180.8235366386
 20
416453.2530460498
  0
LWPOLYLINE
  5
3A5
330
17
100
AcDbEntity
  8
WETLANDS
100
AcDbPolyline
 90
4
 70
0
 10
2489322.77909424
 20
416350.2085215318
 10
2489124.9285024386
 20
416421.74344403873
 10
2489320.561363846
 20
416347.40205698117
 10
2489322.77909424
 20
416350.2085215318
  0
LWPOLYLINE
  5
3A6
330
17
100
AcDbEntity
  8
WETLANDS
100
AcDbPolyline
 90
4
 70
0
 10
2489124.9285024386
 20
416421.74344403873
 10
2489320.561363846
 20
416347.40205698117
 10
2489121.647373333
 20
416419.32146226236
 10
2489124.9285024386
 20
416421.74344403873
  0
LWPOLYLINE
  5
3A7
330
17
100
AcDbEntity
  8
WETLANDS
100
AcDbPolyline
 90
4
 70
0
 10
2489320.561363846
 20
416347.40205698117
 10
2489121.647373333
 20
416419.32146226236
 10
2489290.465566923
 20
416317.3893981442
 10
2489320.561363846
 20
416347.40205698117
  0
LWPOLYLINE
  5
3A8
330
17
100
AcDbEntity
  8
WETLANDS
100
AcDbPolyline
 90
4
 70
0
 10
2489121.647373333
 20
416419.32146226236
 10
2489290.465566923
 20
416317.3893981442
 10
2489088.360298211
 20
416390.4626429796
 10
2489121.647373333
 20
416419.32146226236
  0
LWPOLYLINE
  5
3A9
330
17
100
AcDbEntity
  8
WETLANDS
100
AcDbPolyline
 90
4
 70
0
 10
2489290.465566923
 20
416317.3893981442
 10
2489088.360298211
 20
416390.4626429796
 10
2489244.120001911
 20
416295.65760014177
 10
2489290.465566923
 20
416317.3893981442
  0
LWPOLYLINE
  5
3AA
330
17
100
AcDbEntity
  8
WETLANDS
100
AcDbPolyline
 90
4
 70
0
 10
2489088.360298211
 20
416390.4626429796
 10
2489244.120001911
 20
416295.65760014177
 10
2489057.9703126447
 20
416362.96194062993
 10
2489088.360298211
 20
416390.4626429796
  0
LWPOLYLINE
  5
3AB
330
17
100
AcDbEntity
  8
WETLANDS
100
AcDbPolyline
 90
4
 70
0
 10
2489244.120001911
 20
416295.65760014177
 10
2489057.9703126447
 20
416362.96194062993
 10
2489229.636816071
 20
416288.8665035292
 10
2489244.120001911
 20
416295.65760014177
  0
LWPOLYLINE
  5
3AC
330
17
100
AcDbEntity
  8
WETLANDS
100
AcDbPolyline
 90
4
 70
0
 10
2489057.9703126447
 20
416362.96194062993
 10
2489229.636816071
 20
416288.8665035292
 10
2489051.9970216565
 20
416353.0940037448
 10
2489057.9703126447
 20
416362.96194062993
  0
LWPOLYLINE
  5
3AD
330
17
100
AcDbEntity
  8
WETLANDS
100
AcDbPolyline
 90
4
 70
0
 10
2489229.636816071
 20
416288.8665035292
 10
2489051.9970216565
 20
416353.0940037448
 10
2489155.1841619657
 20
416259.2555742794
 10
2489229.636816071
 20
416288.8665035292
  0
LWPOLYLINE
  5
3AE
330
17
100
AcDbEntity
  8
WETLANDS
100
AcDbPolyline
 90
4
 70
0
 10
2489051.9970216565
 20
416353.0940037448
 10
2489155.1841619657
 20
416259.2555742794
 10
2489025.4111058866
 20
416306.1763614532
 10
2489051.9970216565
 20
416353.0940037448
  0
LWPOLYLINE
  5
3AF
330
17
100
AcDbEntity
  8
WETLANDS
100
AcDbPolyline
 90
4
 70
0
 10
2489155.1841619657
 20
416259.2555742794
 10
2489025.4111058866
 20
416306.1763614532
 10
2489129.0488533094
 20
416230.21654960135
 10
2489155.1841619657
 20
416259.2555742794
  0
LWPOLYLINE
  5
3B0
330
17
100
AcDbEntity
  8
WETLANDS
100
AcDbPolyline
 90
4
 70
0
 10
2489025.4111058866
 20
416306.1763614532
 10
2489129.0488533094
 20
416230.21654960135
 10
2489006.7217523386
 20
416274.44517489255
 10
2489025.4111058866
 20
416306.1763614532
  0
LWPOLYLINE
  5
3B1
330
17
100
AcDbEntity
  8
WETLANDS
100
AcDbPolyline
 90
4
 70
0
 10
2489129.0488533094
 20
416230.21654960135
 10
2489006.7217523386
 20
416274.44517489255
 10
2489120.5633238642
 20
416220.0540672027
 10
2489129.0488533094
 20
416230.21654960135
  0
LWPOLYLINE
  5
3B2
330
17
100
AcDbEntity
  8
WETLANDS
100
AcDbPolyline
 90
4
 70
0
 10
2489006.7217523386
 20
416274.44517489255
 10
2489120.5633238642
 20
416220.0540672027
 10
2489001.427501092
 20
416263.12885293976
 10
2489006.7217523386
 20
416274.44517489255
  0
LWPOLYLINE
  5
3B3
330
17
100
AcDbEntity
  8
WETLANDS
100
AcDbPolyline
 90
4
 70
0
 10
2489120.5633238642
 20
416220.0540672027
 10
2489001.427501092
 20
416263.12885293976
 10
2489108.550715357
 20
416183.5032450464
 10
2489120.5633238642
 20
416220.0540672027
  0
LWPOLYLINE
  5
3B4
330
17
100
AcDbEntity
  8
WETLANDS
100
AcDbPolyline
 90
4
 70
0
 10
2489001.427501092
 20
416263.12885293976
 10
2489108.550715357
 20
416183.5032450464
 10
2488986.2236143863
 20
416227.7318703376
 10
2489001.427501092
 20
416263.12885293976
  0
LWPOLYLINE
  5
3B5
330
17
100
AcDbEntity
  8
WETLANDS
100
AcDbPolyline
 90
4
 70
0
 10
2489108.550715357
 20
416183.5032450464
 10
2488986.2236143863
 20
416227.7318703376
 10
2489108.280621605
 20
416172.77597667044
 10
2489108.550715357
 20
416183.5032450464
  0
LWPOLYLINE
  5
3B6
330
17
100
AcDbEntity
  8
WETLANDS
100
AcDbPolyline
 90
4
 70
0
 10
2488986.2236143863
 20
416227.7318703376
 10
2489108.280621605
 20
416172.77597667044
 10
2488982.762242436
 20
416218.1584415158
 10
2488986.2236143863
 20
416227.7318703376
  0
LWPOLYLINE
  5
3B7
330
17
100
AcDbEntity
  8
WETLANDS
100
AcDbPolyline
 90
4
 70
0
 10
2489108.280621605
 20
416172.77597667044
 10
2488982.762242436
 20
416218.1584415158
 10
2489108.394886823
 20
416163.11261058785
 10
2489108.280621605
 20
416172.77597667044
  0
LWPOLYLINE
  5
3B8
330
17
100
AcDbEntity
  8
WETLANDS
100
AcDbPolyline
 90
4
 70
0
 10
2488982.762242436
 20
416218.1584415158
 10
2489108.394886823
 20
416163.11261058785
 10
2488989.259064051
 20
416206.1873963249
 10
2488982.762242436
 20
416218.1584415158
  0
LWPOLYLINE
  5
3B9
330
17
100
AcDbEntity
  8
WETLANDS
100
AcDbPolyline
 90
4
 70
0
 10
2489108.394886823
 20
416163.11261058785
 10
2488989.259064051
 20
416206.1873963249
 10
2489085.0174471606
 20
416158.3344519544
 10
2489108.394886823
 20
416163.11261058785
  0
LWPOLYLINE
  5
3BA
330
17
100
AcDbEntity
  8
WETLANDS
100
AcDbPolyline
 90
4
 70
0
 10
2488989.259064051
 20
416206.1873963249
 10
2489085.0174471606
 20
416158.3344519544
 10
2488999.9203922497
 20
416189.1021700248
 10
2488989.259064051
 20
416206.1873963249
  0
LWPOLYLINE
  5
3BB
330
17
100
AcDbEntity
  8
WETLANDS
100
AcDbPolyline
 90
15
 70
0
 10
2489082.8898381894
 20
416159.1037109265
 10
2488999.9203922497
 20
416189.1021700248
 10
2489082.8898381894
 20
416159.1037109265
 10
2488999.9203922497
 20
416189.1021700248
 10
2489085.0174471606
 20
416158.3344519544
 10
2489082.8898381894
 20
416159.1037109265
 10
2488999.9203922497
 20
416189.1021700248
 10
2489026.423083579
 20
416175.9115407181
 10
2489057.270843758
 20
416164.7582147978
 10
2488999.9203922497
 20
416189.1021700248
 10
2489057.270843758
 20
416164.7582147978
 10
2489026.423083579
 20
416175.9115407181
 10
2489028.550422034
 20
416175.1423795539
 10
2489057.270843758
 20
416164.7582147978
 10
2489082.8898381894
 20
416159.1037109265
  0
LWPOLYLINE
  5
3BC
330
17
100
AcDbEntity
  8
WETLANDS
100
AcDbPolyline
 90
18
 70
0
 10
2489510.9053519433
 20
415679.60303855775
 10
2489267.3150897454
 20
415767.6756107502
 10
2489301.2394196806
 20
415765.0322774901
 10
2489510.9053519433
 20
415679.60303855775
 10
2489301.2394196806
 20
415765.0322774901
 10
2489550.148298532
 20
415675.0367045793
 10
2489301.2394196806
 20
415765.0322774901
 10
2489335.16419284
 20
415762.3884780982
 10
2489550.148298532
 20
415675.0367045793
 10
2489335.16419284
 20
415762.3884780982
 10
2489555.3523794515
 20
415682.77716775134
 10
2489335.16419284
 20
415762.3884780982
 10
2489375.560610659
 20
415761.0132496102
 10
2489555.3523794515
 20
415682.77716775134
 10
2489375.560610659
 20
415761.0132496102
 10
2489561.7105704416
 20
415693.7088113142
 10
2489375.560610659
 20
415761.0132496102
 10
2489404.1664966485
 20
415760.29254874453
  0
LWPOLYLINE
  5
3BD
330
17
100
AcDbEntity
  8
WETLANDS
100
AcDbPolyline
 90
11
 70
0
 10
2489267.3150897454
 20
415767.6756107502
 10
2489413.04372527
 20
415714.98591922916
 10
2489267.3150897454
 20
415767.6756107502
 10
2489413.04372527
 20
415714.98591922916
 10
2489267.3150897454
 20
415767.6756107502
 10
2489413.04372527
 20
415714.98591922916
 10
2489314.371325212
 20
415718.18732564634
 10
2489267.3150897454
 20
415767.6756107502
 10
2489314.371325212
 20
415718.18732564634
 10
2489225.019593391
 20
415750.4933660452
 10
2489267.3150897454
 20
415767.6756107502
  0
LWPOLYLINE
  5
3BE
330
17
100
AcDbEntity
  8
WETLANDS
100
AcDbPolyline
 90
4
 70
0
 10
2489186.816221139
 20
415767.9143443048
 10
2489211.1913524014
 20
415755.4931092282
 10
2489184.598539649
 20
415765.1080150122
 10
2489186.816221139
 20
415767.9143443048
  0
LWPOLYLINE
  5
3BF
330
17
100
AcDbEntity
  8
WETLANDS
100
AcDbPolyline
 90
4
 70
0
 10
2489314.371325212
 20
415718.18732564634
 10
2489225.019593391
 20
415750.4933660452
 10
2489308.2838179106
 20
415717.9828901018
 10
2489314.371325212
 20
415718.18732564634
  0
LWPOLYLINE
  5
3C0
330
17
100
AcDbEntity
  8
WETLANDS
100
AcDbPolyline
 90
4
 70
0
 10
2489225.019593391
 20
415750.4933660452
 10
2489308.2838179106
 20
415717.9828901018
 10
2489222.123093772
 20
415749.1351887543
 10
2489225.019593391
 20
415750.4933660452
  0
LWPOLYLINE
  5
3C1
330
17
100
AcDbEntity
  8
WETLANDS
100
AcDbPolyline
 90
4
 70
0
 10
2489211.1913524014
 20
415755.4931092282
 10
2489184.598539649
 20
415765.1080150122
 10
2489222.123093772
 20
415749.1351887543
 10
2489211.1913524014
 20
415755.4931092282
  0
LWPOLYLINE
  5
3C2
330
17
100
AcDbEntity
  8
WETLANDS
100
AcDbPolyline
 90
4
 70
0
 10
2489184.598539649
 20
415765.1080150122
 10
2489222.123093772
 20
415749.1351887543
 10
2489184.8933182284
 20
415762.59599816723
 10
2489184.598539649
 20
415765.1080150122
  0
LWPOLYLINE
  5
3C3
330
17
100
AcDbEntity
  8
WETLANDS
100
AcDbPolyline
 90
4
 70
0
 10
2489308.2838179106
 20
415717.9828901018
 10
2489184.8933182284
 20
415762.59599816723
 10
2489304.7082296456
 20
415718.0729626206
 10
2489308.2838179106
 20
415717.9828901018
  0
LWPOLYLINE
  5
3C4
330
17
100
AcDbEntity
  8
WETLANDS
100
AcDbPolyline
 90
4
 70
0
 10
2489184.8933182284
 20
415762.59599816723
 10
2489304.7082296456
 20
415718.0729626206
 10
2489184.508737646
 20
415761.5323289397
 10
2489184.8933182284
 20
415762.59599816723
  0
LWPOLYLINE
  5
3C5
330
17
100
AcDbEntity
  8
WETLANDS
100
AcDbPolyline
 90
4
 70
0
 10
2489304.7082296456
 20
415718.0729626206
 10
2489184.508737646
 20
415761.5323289397
 10
2489287.328495282
 20
415709.9235534591
 10
2489304.7082296456
 20
415718.0729626206
  0
LWPOLYLINE
  5
3C6
330
17
100
AcDbEntity
  8
WETLANDS
100
AcDbPolyline
 90
4
 70
0
 10
2489184.508737646
 20
415761.5323289397
 10
2489287.328495282
 20
415709.9235534591
 10
2489188.4029288655
 20
415745.69111252046
 10
2489184.508737646
 20
415761.5323289397
  0
LWPOLYLINE
  5
3C7
330
17
100
AcDbEntity
  8
WETLANDS
100
AcDbPolyline
 90
4
 70
0
 10
2489287.328495282
 20
415709.9235534591
 10
2489188.4029288655
 20
415745.69111252046
 10
2489231.2704650494
 20
415714.555962873
 10
2489287.328495282
 20
415709.9235534591
  0
LWPOLYLINE
  5
3C8
330
17
100
AcDbEntity
  8
WETLANDS
100
AcDbPolyline
 90
4
 70
0
 10
2489188.4029288655
 20
415745.69111252046
 10
2489231.2704650494
 20
415714.555962873
 10
2489191.913080535
 20
415728.78603125794
 10
2489188.4029288655
 20
415745.69111252046
  0
LWPOLYLINE
  5
3C9
330
17
100
AcDbEntity
  8
WETLANDS
100
AcDbPolyline
 90
4
 70
0
 10
2489231.2704650494
 20
415714.555962873
 10
2489191.913080535
 20
415728.78603125794
 10
2489225.477097487
 20
415711.8394355831
 10
2489231.2704650494
 20
415714.555962873
  0
LWPOLYLINE
  5
3CA
330
17
100
AcDbEntity
  8
WETLANDS
100
AcDbPolyline
 90
4
 70
0
 10
2489191.913080535
 20
415728.78603125794
 10
2489225.477097487
 20
415711.8394355831
 10
2489193.565668081
 20
415723.37734208547
 10
2489191.913080535
 20
415728.78603125794
  0
LWPOLYLINE
  5
3CB
330
17
100
AcDbEntity
  8
WETLANDS
100
AcDbPolyline
 90
4
 70
0
 10
2489225.477097487
 20
415711.8394355831
 10
2489193.565668081
 20
415723.37734208547
 10
2489204.521774859
 20
415703.7800989404
 10
2489225.477097487
 20
415711.8394355831
  0
LWPOLYLINE
  5
3CC
330
17
100
AcDbEntity
  8
WETLANDS
100
AcDbPolyline
 90
4
 70
0
 10
2489193.565668081
 20
415723.37734208547
 10
2489204.521774859
 20
415703.7800989404
 10
2489194.9484812953
 20
415707.2414219872
 10
2489193.565668081
 20
415723.37734208547
  0
LWPOLYLINE
  5
3CD
330
17
100
AcDbEntity
  8
WETLANDS
100
AcDbPolyline
 90
4
 70
0
 10
2489204.521774859
 20
415703.7800989404
 10
2489194.9484812953
 20
415707.2414219872
 10
2489199.6118336786
 20
415693.527544023
 10
2489204.521774859
 20
415703.7800989404
  0
LWPOLYLINE
  5
3CE
330
17
100
AcDbEntity
  8
WETLANDS
100
AcDbPolyline
 90
4
 70
0
 10
2489194.9484812953
 20
415707.2414219872
 10
2489199.6118336786
 20
415693.527544023
 10
2489196.420825996
 20
415694.6812857693
 10
2489194.9484812953
 20
415707.2414219872
  0
LWPOLYLINE
  5
3CF
330
17
100
AcDbEntity
  8
WETLANDS
100
AcDbPolyline
 90
4
 70
0
 10
2489199.6118336786
 20
415693.527544023
 10
2489196.420825996
 20
415694.6812857693
 10
2489210.1833598744
 20
415672.86663165037
 10
2489199.6118336786
 20
415693.527544023
  0
LWPOLYLINE
  5
3D0
330
17
100
AcDbEntity
  8
WETLANDS
100
AcDbPolyline
 90
4
 70
0
 10
2489196.420825996
 20
415694.6812857693
 10
2489210.1833598744
 20
415672.86663165037
 10
2489198.4824573398
 20
415677.0972136693
 10
2489196.420825996
 20
415694.6812857693
  0
LWPOLYLINE
  5
3D1
330
17
100
AcDbEntity
  8
WETLANDS
100
AcDbPolyline
 90
4
 70
0
 10
2489210.1833598744
 20
415672.86663165037
 10
2489198.4824573398
 20
415677.0972136693
 10
2489208.2603591564
 20
415667.5480149967
 10
2489210.1833598744
 20
415672.86663165037
  0
LWPOLYLINE
  5
3D2
330
17
100
AcDbEntity
  8
WETLANDS
100
AcDbPolyline
 90
4
 70
0
 10
2489198.4824573398
 20
415677.0972136693
 10
2489208.2603591564
 20
415667.5480149967
 10
2489198.6870655925
 20
415671.00933804346
 10
2489198.4824573398
 20
415677.0972136693
  0
LWPOLYLINE
  5
3D3
330
17
100
AcDbEntity
  8
WETLANDS
100
AcDbPolyline
 90
4
 70
0
 10
2488941.390044025
 20
415697.88577671093
 10
2488952.321687588
 20
415691.527585721
 10
2488937.4297773703
 20
415696.9119094861
 10
2488941.390044025
 20
415697.88577671093
  0
LWPOLYLINE
  5
3D4
330
17
100
AcDbEntity
  8
WETLANDS
100
AcDbPolyline
 90
4
 70
0
 10
2488952.321687588
 20
415691.527585721
 10
2488937.4297773703
 20
415696.9119094861
 10
2488958.049348039
 20
415677.429202075
 10
2488952.321687588
 20
415691.527585721
  0
LWPOLYLINE
  5
3D5
330
17
100
AcDbEntity
  8
WETLANDS
100
AcDbPolyline
 90
4
 70
0
 10
2488937.4297773703
 20
415696.9119094861
 10
2488958.049348039
 20
415677.429202075
 10
2488918.691963524
 20
415691.65927045996
 10
2488937.4297773703
 20
415696.9119094861
  0
LWPOLYLINE
  5
3D6
330
17
100
AcDbEntity
  8
WETLANDS
100
AcDbPolyline
 90
4
 70
0
 10
2489208.2603591564
 20
415667.5480149967
 10
2489198.6870655925
 20
415671.00933804346
 10
2489180.6840170925
 20
415581.29739104776
 10
2489208.2603591564
 20
415667.5480149967
  0
LWPOLYLINE
  5
3D7
330
17
100
AcDbEntity
  8
WETLANDS
100
AcDbPolyline
 90
4
 70
0
 10
2489198.6870655925
 20
415671.00933804346
 10
2489180.6840170925
 20
415581.29739104776
 10
2489162.600828676
 20
415587.8355543671
 10
2489198.6870655925
 20
415671.00933804346
  0
LWPOLYLINE
  5
3D8
330
17
100
AcDbEntity
  8
WETLANDS
100
AcDbPolyline
 90
4
 70
0
 10
2488958.049348039
 20
415677.429202075
 10
2488918.691963524
 20
415691.65927045996
 10
2488957.9832726037
 20
415660.61411843094
 10
2488958.049348039
 20
415677.429202075
  0
LWPOLYLINE
  5
3D9
330
17
100
AcDbEntity
  8
WETLANDS
100
AcDbPolyline
 90
4
 70
0
 10
2488918.691963524
 20
415691.65927045996
 10
2488957.9832726037
 20
415660.61411843094
 10
2488892.0330753364
 20
415684.4590926
 10
2488918.691963524
 20
415691.65927045996
  0
LWPOLYLINE
  5
3DA
330
17
100
AcDbEntity
  8
WETLANDS
100
AcDbPolyline
 90
4
 70
0
 10
2489180.6840170925
 20
415581.29739104776
 10
2489162.600828676
 20
415587.8355543671
 10
2489193.652926591
 20
415570.5944506289
 10
2489180.6840170925
 20
415581.29739104776
  0
LWPOLYLINE
  5
3DB
330
17
100
AcDbEntity
  8
WETLANDS
100
AcDbPolyline
 90
4
 70
0
 10
2489162.600828676
 20
415587.8355543671
 10
2489193.652926591
 20
415570.5944506289
 10
2489160.677827958
 20
415582.51693771343
 10
2489162.600828676
 20
415587.8355543671
  0
LWPOLYLINE
  5
3DC
330
17
100
AcDbEntity
  8
WETLANDS
100
AcDbPolyline
 90
4
 70
0
 10
2488957.9832726037
 20
415660.61411843094
 10
2488892.0330753364
 20
415684.4590926
 10
2488957.418449176
 20
415652.399002158
 10
2488957.9832726037
 20
415660.61411843094
  0
LWPOLYLINE
  5
3DD
330
17
100
AcDbEntity
  8
WETLANDS
100
AcDbPolyline
 90
4
 70
0
 10
2488892.0330753364
 20
415684.4590926
 10
2488957.418449176
 20
415652.399002158
 10
2488887.2135749985
 20
415677.7822986554
 10
2488892.0330753364
 20
415684.4590926
  0
LWPOLYLINE
  5
3DE
330
17
100
AcDbEntity
  8
WETLANDS
100
AcDbPolyline
 90
4
 70
0
 10
2489245.210059441
 20
415543.53410337004
 10
2489282.3499351745
 20
415526.49733736855
 10
2489237.6739340057
 20
415542.65040647186
 10
2489245.210059441
 20
415543.53410337004
  0
LWPOLYLINE
  5
3DF
330
17
100
AcDbEntity
  8
WETLANDS
100
AcDbPolyline
 90
39
 70
0
 10
2489507.905567062
 20
415418.484651477
 10
2489233.467815202
 20
415517.71045178187
 10
2489224.368904223
 20
415525.81113012874
 10
2489507.905567062
 20
415418.484651477
 10
2489224.368904223
 20
415525.81113012874
 10
2489510.507558618
 20
415422.35474780505
 10
2489224.368904223
 20
415525.81113012874
 10
2489218.0767886685
 20
415531.69457020995
 10
2489510.507558618
 20
415422.35474780505
 10
2489218.0767886685
 20
415531.69457020995
 10
2489485.06858542
 20
415435.1609317877
 10
2489218.0767886685
 20
415531.69457020995
 10
2489215.9491796973
 20
415532.46382918203
 10
2489485.06858542
 20
415435.1609317877
 10
2489215.9491796973
 20
415532.46382918203
 10
2489482.941246965
 20
415435.93009295186
 10
2489215.9491796973
 20
415532.46382918203
 10
2489180.3478968088
 20
415553.75517428573
 10
2489482.941246965
 20
415435.93009295186
 10
2489180.3478968088
 20
415553.75517428573
 10
2489470.741228114
 20
415448.7604696337
 10
2489148.4364674026
 20
415565.29308078816
 10
2489151.0384589587
 20
415569.16317711613
 10
2489470.741228114
 20
415448.7604696337
 10
2489151.0384589587
 20
415569.16317711613
 10
2489160.677827958
 20
415582.51693771343
 10
2489225.498551078
 20
415542.24136267457
 10
2489193.652926591
 20
415570.5944506289
 10
2489160.677827958
 20
415582.51693771343
 10
2489225.498551078
 20
415542.24136267457
 10
2489151.0384589587
 20
415569.16317711613
 10
2489463.769926106
 20
415456.0918890084
 10
2489225.498551078
 20
415542.24136267457
 10
2489237.6739340057
 20
415542.65040647186
 10
2489463.769926106
 20
415456.0918890084
 10
2489237.6739340057
 20
415542.65040647186
 10
2489454.6713834507
 20
415464.1927400635
 10
2489282.3499351745
 20
415526.49733736855
 10
2489306.9053092822
 20
415521.2275493373
  0
LWPOLYLINE
  5
3E0
330
17
100
AcDbEntity
  8
WETLANDS
100
AcDbPolyline
 90
4
 70
0
 10
2488957.418449176
 20
415652.399002158
 10
2488887.2135749985
 20
415677.7822986554
 10
2488954.3417067113
 20
415643.88937782176
 10
2488957.418449176
 20
415652.399002158
  0
LWPOLYLINE
  5
3E1
330
17
100
AcDbEntity
  8
WETLANDS
100
AcDbPolyline
 90
4
 70
0
 10
2488887.2135749985
 20
415677.7822986554
 10
2488954.3417067113
 20
415643.88937782176
 10
2488882.009494079
 20
415670.04183548334
 10
2488887.2135749985
 20
415677.7822986554
  0
LWPOLYLINE
  5
3E2
330
17
100
AcDbEntity
  8
WETLANDS
100
AcDbPolyline
 90
4
 70
0
 10
2488954.3417067113
 20
415643.88937782176
 10
2488882.009494079
 20
415670.04183548334
 10
2488944.9070437727
 20
415624.4480121148
 10
2488954.3417067113
 20
415643.88937782176
  0
LWPOLYLINE
  5
3E3
330
17
100
AcDbEntity
  8
WETLANDS
100
AcDbPolyline
 90
4
 70
0
 10
2488882.009494079
 20
415670.04183548334
 10
2488944.9070437727
 20
415624.4480121148
 10
2488863.0012670606
 20
415654.06189063104
 10
2488882.009494079
 20
415670.04183548334
  0
LWPOLYLINE
  5
3E4
330
17
100
AcDbEntity
  8
WETLANDS
100
AcDbPolyline
 90
4
 70
0
 10
2488944.9070437727
 20
415624.4480121148
 10
2488863.0012670606
 20
415654.06189063104
 10
2488943.074213381
 20
415622.7052542419
 10
2488944.9070437727
 20
415624.4480121148
  0
LWPOLYLINE
  5
3E5
330
17
100
AcDbEntity
  8
WETLANDS
100
AcDbPolyline
 90
4
 70
0
 10
2488863.0012670606
 20
415654.06189063104
 10
2488943.074213381
 20
415622.7052542419
 10
2488861.168436669
 20
415652.31913275813
 10
2488863.0012670606
 20
415654.06189063104
  0
LWPOLYLINE
  5
3E6
330
17
100
AcDbEntity
  8
WETLANDS
100
AcDbPolyline
 90
6
 70
0
 10
2489439.827760824
 20
415443.0988846181
 10
2489233.467815202
 20
415517.71045178187
 10
2489408.2110121893
 20
415452.1245037594
 10
2489233.467815202
 20
415517.71045178187
 10
2489238.0169023676
 20
415513.6599399003
 10
2489408.2110121893
 20
415452.1245037594
  0
LWPOLYLINE
  5
3E7
330
17
100
AcDbEntity
  8
WETLANDS
100
AcDbPolyline
 90
10
 70
0
 10
2489238.0169023676
 20
415513.6599399003
 10
2489242.566357857
 20
415509.6096007268
 10
2489264.904223183
 20
415501.5331150791
 10
2489238.0169023676
 20
415513.6599399003
 10
2489329.4962431598
 20
415480.58464052936
 10
2489264.904223183
 20
415501.5331150791
 10
2489242.566357857
 20
415509.6096007268
 10
2489244.309386246
 20
415507.77667252725
 10
2489264.904223183
 20
415501.5331150791
 10
2489238.0169023676
 20
415513.6599399003
  0
LWPOLYLINE
  5
3E8
330
17
100
AcDbEntity
  8
WETLANDS
100
AcDbPolyline
 90
4
 70
0
 10
2489180.3478968088
 20
415553.75517428573
 10
2489148.4364674026
 20
415565.29308078816
 10
2489164.9155285712
 20
415537.6850591068
 10
2489180.3478968088
 20
415553.75517428573
  0
LWPOLYLINE
  5
3E9
330
17
100
AcDbEntity
  8
WETLANDS
100
AcDbPolyline
 90
4
 70
0
 10
2489148.4364674026
 20
415565.29308078816
 10
2489164.9155285712
 20
415537.6850591068
 10
2489136.1951068477
 20
415548.0692238629
 10
2489148.4364674026
 20
415565.29308078816
  0
LWPOLYLINE
  5
3EA
330
17
100
AcDbEntity
  8
WETLANDS
100
AcDbPolyline
 90
4
 70
0
 10
2489164.9155285712
 20
415537.6850591068
 10
2489136.1951068477
 20
415548.0692238629
 10
2489171.502152189
 20
415529.28969998844
 10
2489164.9155285712
 20
415537.6850591068
  0
LWPOLYLINE
  5
3EB
330
17
100
AcDbEntity
  8
WETLANDS
100
AcDbPolyline
 90
4
 70
0
 10
2489136.1951068477
 20
415548.0692238629
 10
2489171.502152189
 20
415529.28969998844
 10
2489132.144767674
 20
415543.5197683734
 10
2489136.1951068477
 20
415548.0692238629
  0
LWPOLYLINE
  5
3EC
330
17
100
AcDbEntity
  8
WETLANDS
100
AcDbPolyline
 90
4
 70
0
 10
2488943.074213381
 20
415622.7052542419
 10
2488861.168436669
 20
415652.31913275813
 10
2488930.9229253447
 20
415609.05698558124
 10
2488943.074213381
 20
415622.7052542419
  0
LWPOLYLINE
  5
3ED
330
17
100
AcDbEntity
  8
WETLANDS
100
AcDbPolyline
 90
4
 70
0
 10
2488861.168436669
 20
415652.31913275813
 10
2488930.9229253447
 20
415609.05698558124
 10
2488845.825870434
 20
415639.8247036517
 10
2488861.168436669
 20
415652.31913275813
  0
LWPOLYLINE
  5
3EE
330
17
100
AcDbEntity
  8
WETLANDS
100
AcDbPolyline
 90
4
 70
0
 10
2489171.502152189
 20
415529.28969998844
 10
2489132.144767674
 20
415543.5197683734
 10
2489186.033847232
 20
415509.60238432453
 10
2489171.502152189
 20
415529.28969998844
  0
LWPOLYLINE
  5
3EF
330
17
100
AcDbEntity
  8
WETLANDS
100
AcDbPolyline
 90
4
 70
0
 10
2489132.144767674
 20
415543.5197683734
 10
2489186.033847232
 20
415509.60238432453
 10
2489087.108551331
 20
415545.36984557804
 10
2489132.144767674
 20
415543.5197683734
  0
LWPOLYLINE
  5
3F0
330
17
100
AcDbEntity
  8
WETLANDS
100
AcDbPolyline
 90
11
 70
0
 10
2489087.108551331
 20
415545.36984557804
 10
2489186.033847232
 20
415509.60238432453
 10
2489087.108551331
 20
415545.36984557804
 10
2489186.033847232
 20
415509.60238432453
 10
2489087.108551331
 20
415545.36984557804
 10
2489186.033847232
 20
415509.60238432453
 10
2489186.7370307683
 20
415494.9149096516
 10
2489087.108551331
 20
415545.36984557804
 10
2489186.7370307683
 20
415494.9149096516
 10
2489061.219192631
 20
415540.29717888124
 10
2489087.108551331
 20
415545.36984557804
  0
LWPOLYLINE
  5
3F1
330
17
100
AcDbEntity
  8
WETLANDS
100
AcDbPolyline
 90
4
 70
0
 10
2488930.9229253447
 20
415609.05698558124
 10
2488845.825870434
 20
415639.8247036517
 10
2488926.1031544907
 20
415602.3802894446
 10
2488930.9229253447
 20
415609.05698558124
  0
LWPOLYLINE
  5
3F2
330
17
100
AcDbEntity
  8
WETLANDS
100
AcDbPolyline
 90
4
 70
0
 10
2488845.825870434
 20
415639.8247036517
 10
2488926.1031544907
 20
415602.3802894446
 10
2488870.790190531
 20
415622.37926217687
 10
2488845.825870434
 20
415639.8247036517
  0
LWPOLYLINE
  5
3F3
330
17
100
AcDbEntity
  8
WETLANDS
100
AcDbPolyline
 90
10
 70
0
 10
2488870.790190531
 20
415622.37926217687
 10
2488881.7219319018
 20
415616.02134170296
 10
2488921.0793164168
 20
415601.79127331794
 10
2488870.790190531
 20
415622.37926217687
 10
2488926.1031544907
 20
415602.3802894446
 10
2488921.0793164168
 20
415601.79127331794
 10
2488881.7219319018
 20
415616.02134170296
 10
2488910.261840264
 20
415598.4858277093
 10
2488921.0793164168
 20
415601.79127331794
 10
2488870.790190531
 20
415622.37926217687
  0
LWPOLYLINE
  5
3F4
330
17
100
AcDbEntity
  8
WETLANDS
100
AcDbPolyline
 90
4
 70
0
 10
2489186.7370307683
 20
415494.9149096516
 10
2489061.219192631
 20
415540.29717888124
 10
2489187.416119414
 20
415493.466659842
 10
2489186.7370307683
 20
415494.9149096516
  0
LWPOLYLINE
  5
3F5
330
17
100
AcDbEntity
  8
WETLANDS
100
AcDbPolyline
 90
4
 70
0
 10
2489061.219192631
 20
415540.29717888124
 10
2489187.416119414
 20
415493.466659842
 10
2489060.834612049
 20
415539.2335096537
 10
2489061.219192631
 20
415540.29717888124
  0
LWPOLYLINE
  5
3F6
330
17
100
AcDbEntity
  8
WETLANDS
100
AcDbPolyline
 90
4
 70
0
 10
2489187.416119414
 20
415493.466659842
 10
2489060.834612049
 20
415539.2335096537
 10
2489156.0767298373
 20
415456.6871719919
 10
2489187.416119414
 20
415493.466659842
  0
LWPOLYLINE
  5
3F7
330
17
100
AcDbEntity
  8
WETLANDS
100
AcDbPolyline
 90
4
 70
0
 10
2489060.834612049
 20
415539.2335096537
 10
2489156.0767298373
 20
415456.6871719919
 10
2489036.9409070658
 20
415499.76195772894
 10
2489060.834612049
 20
415539.2335096537
  0
LWPOLYLINE
  5
3F8
330
17
100
AcDbEntity
  8
WETLANDS
100
AcDbPolyline
 90
4
 70
0
 10
2489156.0767298373
 20
415456.6871719919
 10
2489036.9409070658
 20
415499.76195772894
 10
2489149.4243013
 20
415448.26734965836
 10
2489156.0767298373
 20
415456.6871719919
  0
LWPOLYLINE
  5
3F9
330
17
100
AcDbEntity
  8
WETLANDS
100
AcDbPolyline
 90
4
 70
0
 10
2489036.9409070658
 20
415499.76195772894
 10
2489149.4243013
 20
415448.26734965836
 10
2489038.7981028645
 20
415488.26539293065
 10
2489036.9409070658
 20
415499.76195772894
  0
LWPOLYLINE
  5
3FA
330
17
100
AcDbEntity
  8
WETLANDS
100
AcDbPolyline
 90
4
 70
0
 10
2488771.7405990018
 20
415567.9841204171
 10
2488788.5796048287
 20
415554.6791884423
 10
2488765.178070275
 20
415563.14025467215
 10
2488771.7405990018
 20
415567.9841204171
  0
LWPOLYLINE
  5
3FB
330
17
100
AcDbEntity
  8
WETLANDS
100
AcDbPolyline
 90
4
 70
0
 10
2489149.4243013
 20
415448.26734965836
 10
2489038.7981028645
 20
415488.26539293065
 10
2489133.222501382
 20
415430.0699938322
 10
2489149.4243013
 20
415448.26734965836
  0
LWPOLYLINE
  5
3FC
330
17
100
AcDbEntity
  8
WETLANDS
100
AcDbPolyline
 90
4
 70
0
 10
2489038.7981028645
 20
415488.26539293065
 10
2489133.222501382
 20
415430.0699938322
 10
2489044.934438789
 20
415461.99145364895
 10
2489038.7981028645
 20
415488.26539293065
  0
LWPOLYLINE
  5
3FD
330
17
100
AcDbEntity
  8
WETLANDS
100
AcDbPolyline
 90
4
 70
0
 10
2488862.5649460396
 20
415523.1178459925
 10
2488869.241739984
 20
415518.2983456549
 10
2488839.457649033
 20
415529.0670909931
 10
2488862.5649460396
 20
415523.1178459925
  0
LWPOLYLINE
  5
3FE
330
17
100
AcDbEntity
  8
WETLANDS
100
AcDbPolyline
 90
4
 70
0
 10
2488788.5796048287
 20
415554.6791884423
 10
2488765.178070275
 20
415563.14025467215
 10
2488808.6101593706
 20
415540.2203191055
 10
2488788.5796048287
 20
415554.6791884423
  0
LWPOLYLINE
  5
3FF
330
17
100
AcDbEntity
  8
WETLANDS
100
AcDbPolyline
 90
4
 70
0
 10
2488765.178070275
 20
415563.14025467215
 10
2488808.6101593706
 20
415540.2203191055
 10
2488758.6155415485
 20
415558.2963889272
 10
2488765.178070275
 20
415563.14025467215
  0
LWPOLYLINE
  5
400
330
17
100
AcDbEntity
  8
WETLANDS
100
AcDbPolyline
 90
4
 70
0
 10
2488869.241739984
 20
415518.2983456549
 10
2488839.457649033
 20
415529.0670909931
 10
2488873.112106828
 20
415515.69625629106
 10
2488869.241739984
 20
415518.2983456549
  0
LWPOLYLINE
  5
401
330
17
100
AcDbEntity
  8
WETLANDS
100
AcDbPolyline
 90
4
 70
0
 10
2488839.457649033
 20
415529.0670909931
 10
2488873.112106828
 20
415515.69625629106
 10
2488826.3084966885
 20
415532.6185843665
 10
2488839.457649033
 20
415529.0670909931
  0
LWPOLYLINE
  5
402
330
17
100
AcDbEntity
  8
WETLANDS
100
AcDbPolyline
 90
4
 70
0
 10
2488808.6101593706
 20
415540.2203191055
 10
2488758.6155415485
 20
415558.2963889272
 10
2488826.3084966885
 20
415532.6185843665
 10
2488808.6101593706
 20
415540.2203191055
  0
LWPOLYLINE
  5
403
330
17
100
AcDbEntity
  8
WETLANDS
100
AcDbPolyline
 90
4
 70
0
 10
2488758.6155415485
 20
415558.2963889272
 10
2488826.3084966885
 20
415532.6185843665
 10
2488757.167291739
 20
415557.6173002818
 10
2488758.6155415485
 20
415558.2963889272
  0
LWPOLYLINE
  5
404
330
17
100
AcDbEntity
  8
WETLANDS
100
AcDbPolyline
 90
4
 70
0
 10
2488873.112106828
 20
415515.69625629106
 10
2488757.167291739
 20
415557.6173002818
 10
2488902.240933509
 20
415493.1366337071
 10
2488873.112106828
 20
415515.69625629106
  0
LWPOLYLINE
  5
405
330
17
100
AcDbEntity
  8
WETLANDS
100
AcDbPolyline
 90
4
 70
0
 10
2488757.167291739
 20
415557.6173002818
 10
2488902.240933509
 20
415493.1366337071
 10
2488745.8753351932
 20
415549.672228857
 10
2488757.167291739
 20
415557.6173002818
  0
LWPOLYLINE
  5
406
330
17
100
AcDbEntity
  8
WETLANDS
100
AcDbPolyline
 90
4
 70
0
 10
2489133.222501382
 20
415430.0699938322
 10
2489044.934438789
 20
415461.99145364895
 10
2489111.137531899
 20
415405.58042464365
 10
2489133.222501382
 20
415430.0699938322
  0
LWPOLYLINE
  5
407
330
17
100
AcDbEntity
  8
WETLANDS
100
AcDbPolyline
 90
4
 70
0
 10
2489044.934438789
 20
415461.99145364895
 10
2489111.137531899
 20
415405.58042464365
 10
2489084.5447191466
 20
415415.19533042767
 10
2489044.934438789
 20
415461.99145364895
  0
LWPOLYLINE
  5
408
330
17
100
AcDbEntity
  8
WETLANDS
100
AcDbPolyline
 90
4
 70
0
 10
2488902.240933509
 20
415493.1366337071
 10
2488745.8753351932
 20
415549.672228857
 10
2488940.084361103
 20
415461.4125657408
 10
2488902.240933509
 20
415493.1366337071
  0
LWPOLYLINE
  5
409
330
17
100
AcDbEntity
  8
WETLANDS
100
AcDbPolyline
 90
4
 70
0
 10
2488745.8753351932
 20
415549.672228857
 10
2488940.084361103
 20
415461.4125657408
 10
2488730.5331372824
 20
415537.17797245877
 10
2488745.8753351932
 20
415549.672228857
  0
LWPOLYLINE
  5
40A
330
17
100
AcDbEntity
  8
WETLANDS
100
AcDbPolyline
 90
4
 70
0
 10
2489111.137531899
 20
415405.58042464365
 10
2489084.5447191466
 20
415415.19533042767
 10
2489111.342140152
 20
415399.4925490179
 10
2489111.137531899
 20
415405.58042464365
  0
LWPOLYLINE
  5
40B
330
17
100
AcDbEntity
  8
WETLANDS
100
AcDbPolyline
 90
4
 70
0
 10
2489084.5447191466
 20
415415.19533042767
 10
2489111.342140152
 20
415399.4925490179
 10
2489093.2589517357
 20
415406.03071233723
 10
2489084.5447191466
 20
415415.19533042767
  0
LWPOLYLINE
  5
40C
330
17
100
AcDbEntity
  8
WETLANDS
100
AcDbPolyline
 90
4
 70
0
 10
2488940.084361103
 20
415461.4125657408
 10
2488730.5331372824
 20
415537.17797245877
 10
2488950.6315218913
 20
415453.99097603944
 10
2488940.084361103
 20
415461.4125657408
  0
LWPOLYLINE
  5
40D
330
17
100
AcDbEntity
  8
WETLANDS
100
AcDbPolyline
 90
4
 70
0
 10
2488730.5331372824
 20
415537.17797245877
 10
2488950.6315218913
 20
415453.99097603944
 10
2488713.423816091
 20
415539.7558691235
 10
2488730.5331372824
 20
415537.17797245877
  0
LWPOLYLINE
  5
40E
330
17
100
AcDbEntity
  8
WETLANDS
100
AcDbPolyline
 90
4
 70
0
 10
2489111.342140152
 20
415399.4925490179
 10
2489093.2589517357
 20
415406.03071233723
 10
2489110.3028363315
 20
415386.6378069288
 10
2489111.342140152
 20
415399.4925490179
  0
LWPOLYLINE
  5
40F
330
17
100
AcDbEntity
  8
WETLANDS
100
AcDbPolyline
 90
4
 70
0
 10
2489093.2589517357
 20
415406.03071233723
 10
2489110.3028363315
 20
415386.6378069288
 10
2489089.028369717
 20
415394.3298098023
 10
2489093.2589517357
 20
415406.03071233723
  0
LWPOLYLINE
  5
410
330
17
100
AcDbEntity
  8
WETLANDS
100
AcDbPolyline
 90
4
 70
0
 10
2488950.6315218913
 20
415453.99097603944
 10
2488713.423816091
 20
415539.7558691235
 10
2488982.861554252
 20
415426.70192563656
 10
2488950.6315218913
 20
415453.99097603944
  0
LWPOLYLINE
  5
411
330
17
100
AcDbEntity
  8
WETLANDS
100
AcDbPolyline
 90
4
 70
0
 10
2488713.423816091
 20
415539.7558691235
 10
2488982.861554252
 20
415426.70192563656
 10
2488706.296463937
 20
415526.6968871056
 10
2488713.423816091
 20
415539.7558691235
  0
LWPOLYLINE
  5
412
330
17
100
AcDbEntity
  8
WETLANDS
100
AcDbPolyline
 90
4
 70
0
 10
2489110.3028363315
 20
415386.6378069288
 10
2489089.028369717
 20
415394.3298098023
 10
2489107.815012186
 20
415373.1040740022
 10
2489110.3028363315
 20
415386.6378069288
  0
LWPOLYLINE
  5
413
330
17
100
AcDbEntity
  8
WETLANDS
100
AcDbPolyline
 90
4
 70
0
 10
2489089.028369717
 20
415394.3298098023
 10
2489107.815012186
 20
415373.1040740022
 10
2489085.4768763436
 20
415381.1806574578
 10
2489089.028369717
 20
415394.3298098023
  0
LWPOLYLINE
  5
414
330
17
100
AcDbEntity
  8
WETLANDS
100
AcDbPolyline
 90
4
 70
0
 10
2489045.3503306643
 20
415393.2833873877
 10
2489047.682277372
 20
415386.42635059776
 10
2489010.452501829
 20
415399.88716001064
 10
2489045.3503306643
 20
415393.2833873877
  0
LWPOLYLINE
  5
415
330
17
100
AcDbEntity
  8
WETLANDS
100
AcDbPolyline
 90
4
 70
0
 10
2488982.861554252
 20
415426.70192563656
 10
2488706.296463937
 20
415526.6968871056
 10
2489002.801938467
 20
415408.667197519
 10
2488982.861554252
 20
415426.70192563656
  0
LWPOLYLINE
  5
416
330
17
100
AcDbEntity
  8
WETLANDS
100
AcDbPolyline
 90
4
 70
0
 10
2488706.296463937
 20
415526.6968871056
 10
2489002.801938467
 20
415408.667197519
 10
2488701.7713738545
 20
415517.50790360785
 10
2488706.296463937
 20
415526.6968871056
  0
LWPOLYLINE
  5
417
330
17
100
AcDbEntity
  8
WETLANDS
100
AcDbPolyline
 90
4
 70
0
 10
2489002.801938467
 20
415408.667197519
 10
2488701.7713738545
 20
415517.50790360785
 10
2489010.452501829
 20
415399.88716001064
 10
2489002.801938467
 20
415408.667197519
  0
LWPOLYLINE
  5
418
330
17
100
AcDbEntity
  8
WETLANDS
100
AcDbPolyline
 90
4
 70
0
 10
2488701.7713738545
 20
415517.50790360785
 10
2489010.452501829
 20
415399.88716001064
 10
2488699.8483731365
 20
415512.1892869542
 10
2488701.7713738545
 20
415517.50790360785
  0
LWPOLYLINE
  5
419
330
17
100
AcDbEntity
  8
WETLANDS
100
AcDbPolyline
 90
4
 70
0
 10
2489107.815012186
 20
415373.1040740022
 10
2489085.4768763436
 20
415381.1806574578
 10
2489102.725196484
 20
415355.70024474757
 10
2489107.815012186
 20
415373.1040740022
  0
LWPOLYLINE
  5
41A
330
17
100
AcDbEntity
  8
WETLANDS
100
AcDbPolyline
 90
4
 70
0
 10
2489085.4768763436
 20
415381.1806574578
 10
2489102.725196484
 20
415355.70024474757
 10
2489079.3233914142
 20
415364.16140878526
 10
2489085.4768763436
 20
415381.1806574578
  0
LWPOLYLINE
  5
41B
330
17
100
AcDbEntity
  8
WETLANDS
100
AcDbPolyline
 90
4
 70
0
 10
2489102.725196484
 20
415355.70024474757
 10
2489079.3233914142
 20
415364.16140878526
 10
2489101.1867763475
 20
415351.44529732136
 10
2489102.725196484
 20
415355.70024474757
  0
LWPOLYLINE
  5
41C
330
17
100
AcDbEntity
  8
WETLANDS
100
AcDbPolyline
 90
4
 70
0
 10
2489079.3233914142
 20
415364.16140878526
 10
2489101.1867763475
 20
415351.44529732136
 10
2489063.956730288
 20
415364.90620454215
 10
2489079.3233914142
 20
415364.16140878526
  0
LWPOLYLINE
  5
41D
330
17
100
AcDbEntity
  8
WETLANDS
100
AcDbPolyline
 90
4
 70
0
 10
2489047.682277372
 20
415386.42635059776
 10
2488699.8483731365
 20
415512.1892869542
 10
2489056.510775179
 20
415367.59836642473
 10
2489047.682277372
 20
415386.42635059776
  0
LWPOLYLINE
  5
41E
330
17
100
AcDbEntity
  8
WETLANDS
100
AcDbPolyline
 90
4
 70
0
 10
2488699.8483731365
 20
415512.1892869542
 10
2489056.510775179
 20
415367.59836642473
 10
2488692.721020982
 20
415499.13030493626
 10
2488699.8483731365
 20
415512.1892869542
  0
LWPOLYLINE
  5
41F
330
17
100
AcDbEntity
  8
WETLANDS
100
AcDbPolyline
 90
4
 70
0
 10
2489101.1867763475
 20
415351.44529732136
 10
2489063.956730288
 20
415364.90620454215
 10
2489103.608622866
 20
415348.16421712004
 10
2489101.1867763475
 20
415351.44529732136
  0
LWPOLYLINE
  5
420
330
17
100
AcDbEntity
  8
WETLANDS
100
AcDbPolyline
 90
4
 70
0
 10
2489063.956730288
 20
415364.90620454215
 10
2489103.608622866
 20
415348.16421712004
 10
2489056.8055537585
 20
415365.0863495797
 10
2489063.956730288
 20
415364.90620454215
  0
LWPOLYLINE
  5
421
330
17
100
AcDbEntity
  8
WETLANDS
100
AcDbPolyline
 90
4
 70
0
 10
2489056.510775179
 20
415367.59836642473
 10
2488692.721020982
 20
415499.13030493626
 10
2489056.8055537585
 20
415365.0863495797
 10
2489056.510775179
 20
415367.59836642473
  0
LWPOLYLINE
  5
422
330
17
100
AcDbEntity
  8
WETLANDS
100
AcDbPolyline
 90
4
 70
0
 10
2488692.721020982
 20
415499.13030493626
 10
2489056.8055537585
 20
415365.0863495797
 10
2488690.8881905903
 20
415497.38754706335
 10
2488692.721020982
 20
415499.13030493626
  0
LWPOLYLINE
  5
423
330
17
100
AcDbEntity
  8
WETLANDS
100
AcDbPolyline
 90
4
 70
0
 10
2489103.608622866
 20
415348.16421712004
 10
2488690.8881905903
 20
415497.38754706335
 10
2489142.9487605677
 20
415290.6406902647
 10
2489103.608622866
 20
415348.16421712004
  0
LWPOLYLINE
  5
424
330
17
100
AcDbEntity
  8
WETLANDS
100
AcDbPolyline
 90
4
 70
0
 10
2488690.8881905903
 20
415497.38754706335
 10
2489142.9487605677
 20
415290.6406902647
 10
2488672.7880258774
 20
415460.6321541045
 10
2488690.8881905903
 20
415497.38754706335
  0
LWPOLYLINE
  5
425
330
17
100
AcDbEntity
  8
WETLANDS
100
AcDbPolyline
 90
4
 70
0
 10
2489142.9487605677
 20
415290.6406902647
 10
2488672.7880258774
 20
415460.6321541045
 10
2489156.6213946356
 20
415265.2500795572
 10
2489142.9487605677
 20
415290.6406902647
  0
LWPOLYLINE
  5
426
330
17
100
AcDbEntity
  8
WETLANDS
100
AcDbPolyline
 90
4
 70
0
 10
2488672.7880258774
 20
415460.6321541045
 10
2489156.6213946356
 20
415265.2500795572
 10
2488663.0588548756
 20
415443.70270743466
 10
2488672.7880258774
 20
415460.6321541045
  0
LWPOLYLINE
  5
427
330
17
100
AcDbEntity
  8
WETLANDS
100
AcDbPolyline
 90
4
 70
0
 10
2489156.6213946356
 20
415265.2500795572
 10
2488663.0588548756
 20
415443.70270743466
 10
2489167.5772308977
 20
415245.65293422
 10
2489156.6213946356
 20
415265.2500795572
  0
LWPOLYLINE
  5
428
330
17
100
AcDbEntity
  8
WETLANDS
100
AcDbPolyline
 90
4
 70
0
 10
2488663.0588548756
 20
415443.70270743466
 10
2489167.5772308977
 20
415245.65293422
 10
2488659.12278092
 20
415429.48988586257
 10
2488663.0588548756
 20
415443.70270743466
  0
LWPOLYLINE
  5
429
330
17
100
AcDbEntity
  8
WETLANDS
100
AcDbPolyline
 90
4
 70
0
 10
2489167.5772308977
 20
415245.65293422
 10
2488659.12278092
 20
415429.48988586257
 10
2489204.6755922185
 20
415198.5623029354
 10
2489167.5772308977
 20
415245.65293422
  0
LWPOLYLINE
  5
42A
330
17
100
AcDbEntity
  8
WETLANDS
100
AcDbPolyline
 90
4
 70
0
 10
2488659.12278092
 20
415429.48988586257
 10
2489204.6755922185
 20
415198.5623029354
 10
2488648.35413339
 20
415399.7060654276
 10
2488659.12278092
 20
415429.48988586257
  0
LWPOLYLINE
  5
42B
330
17
100
AcDbEntity
  8
WETLANDS
100
AcDbPolyline
 90
19
 70
0
 10
2489204.6755922185
 20
415198.5623029354
 10
2488648.35413339
 20
415399.7060654276
 10
2489209.5436506625
 20
415178.7608198615
 10
2488648.35413339
 20
415399.7060654276
 10
2488642.5852290425
 20
415383.75048598263
 10
2489209.5436506625
 20
415178.7608198615
 10
2488642.5852290425
 20
415383.75048598263
 10
2489210.427249753
 20
415171.22442391
 10
2488642.5852290425
 20
415383.75048598263
 10
2488641.3412191616
 20
415376.98334900325
 10
2489210.427249753
 20
415171.22442391
 10
2488641.3412191616
 20
415376.98334900325
 10
2489176.16699515
 20
415146.32608144026
 10
2488641.3412191616
 20
415376.98334900325
 10
2488634.7371760225
 20
415342.0856179753
 10
2489176.16699515
 20
415146.32608144026
 10
2488634.7371760225
 20
415342.0856179753
 10
2489137.038313779
 20
415141.22904933617
 10
2489176.16699515
 20
415146.32608144026
  0
LWPOLYLINE
  5
42C
330
17
100
AcDbEntity
  8
WETLANDS
100
AcDbPolyline
 90
4
 70
0
 10
2488634.7371760225
 20
415342.0856179753
 10
2489137.038313779
 20
415141.22904933617
 10
2488631.774871484
 20
415323.9122592325
 10
2488634.7371760225
 20
415342.0856179753
  0
LWPOLYLINE
  5
42D
330
17
100
AcDbEntity
  8
WETLANDS
100
AcDbPolyline
 90
4
 70
0
 10
2489137.038313779
 20
415141.22904933617
 10
2488631.774871484
 20
415323.9122592325
 10
2489095.013132789
 20
415134.7738399412
 10
2489137.038313779
 20
415141.22904933617
  0
LWPOLYLINE
  5
42E
330
17
100
AcDbEntity
  8
WETLANDS
100
AcDbPolyline
 90
4
 70
0
 10
2488631.774871484
 20
415323.9122592325
 10
2489095.013132789
 20
415134.7738399412
 10
2488637.616699345
 20
415300.1502389879
 10
2488631.774871484
 20
415323.9122592325
  0
LWPOLYLINE
  5
42F
330
17
100
AcDbEntity
  8
WETLANDS
100
AcDbPolyline
 90
4
 70
0
 10
2489095.013132789
 20
415134.7738399412
 10
2488637.616699345
 20
415300.1502389879
 10
2489081.0046489537
 20
415132.62213607883
 10
2489095.013132789
 20
415134.7738399412
  0
LWPOLYLINE
  5
430
330
17
100
AcDbEntity
  8
WETLANDS
100
AcDbPolyline
 90
4
 70
0
 10
2488637.616699345
 20
415300.1502389879
 10
2489081.0046489537
 20
415132.62213607883
 10
2488642.7550731534
 20
415291.0757912241
 10
2488637.616699345
 20
415300.1502389879
  0
LWPOLYLINE
  5
431
330
17
100
AcDbEntity
  8
WETLANDS
100
AcDbPolyline
 90
4
 70
0
 10
2489081.0046489537
 20
415132.62213607883
 10
2488642.7550731534
 20
415291.0757912241
 10
2489075.1455742796
 20
415113.0906978531
 10
2489081.0046489537
 20
415132.62213607883
  0
LWPOLYLINE
  5
432
330
17
100
AcDbEntity
  8
WETLANDS
100
AcDbPolyline
 90
4
 70
0
 10
2488642.7550731534
 20
415291.0757912241
 10
2489075.1455742796
 20
415113.0906978531
 10
2488658.170465094
 20
415263.8523501248
 10
2488642.7550731534
 20
415291.0757912241
  0
LWPOLYLINE
  5
433
330
17
100
AcDbEntity
  8
WETLANDS
100
AcDbPolyline
 90
9
 70
0
 10
2488679.73889874
 20
415253.64862382994
 10
2488660.5923116123
 20
415260.5712699235
 10
2488679.73889874
 20
415253.64862382994
 10
2488660.5923116123
 20
415260.5712699235
 10
2488658.170465094
 20
415263.8523501248
 10
2488679.73889874
 20
415253.64862382994
 10
2488756.0318212514
 20
415228.4695672613
 10
2488658.170465094
 20
415263.8523501248
 10
2488679.73889874
 20
415253.64862382994
  0
LWPOLYLINE
  5
434
330
17
100
AcDbEntity
  8
WETLANDS
100
AcDbPolyline
 90
4
 70
0
 10
2489075.1455742796
 20
415113.0906978531
 10
2488756.0318212514
 20
415228.4695672613
 10
2489071.684251233
 20
415103.51740428933
 10
2489075.1455742796
 20
415113.0906978531
  0
LWPOLYLINE
  5
435
330
17
100
AcDbEntity
  8
WETLANDS
100
AcDbPolyline
 90
4
 70
0
 10
2488756.0318212514
 20
415228.4695672613
 10
2489071.684251233
 20
415103.51740428933
 10
2488794.0552211744
 20
415203.89704414835
 10
2488756.0318212514
 20
415228.4695672613
  0
LWPOLYLINE
  5
436
330
17
100
AcDbEntity
  8
WETLANDS
100
AcDbPolyline
 90
4
 70
0
 10
2489071.684251233
 20
415103.51740428933
 10
2488794.0552211744
 20
415203.89704414835
 10
2489070.9149922607
 20
415101.3897953182
 10
2489071.684251233
 20
415103.51740428933
  0
LWPOLYLINE
  5
437
330
17
100
AcDbEntity
  8
WETLANDS
100
AcDbPolyline
 90
4
 70
0
 10
2488794.0552211744
 20
415203.89704414835
 10
2489070.9149922607
 20
415101.3897953182
 10
2488795.413300657
 20
415201.00027401303
 10
2488794.0552211744
 20
415203.89704414835
  0
LWPOLYLINE
  5
438
330
17
100
AcDbEntity
  8
WETLANDS
100
AcDbPolyline
 90
4
 70
0
 10
2489070.9149922607
 20
415101.3897953182
 10
2488795.413300657
 20
415201.00027401303
 10
2489080.398483822
 20
415094.3527861989
 10
2489070.9149922607
 20
415101.3897953182
  0
LWPOLYLINE
  5
439
330
17
100
AcDbEntity
  8
WETLANDS
100
AcDbPolyline
 90
4
 70
0
 10
2488795.413300657
 20
415201.00027401303
 10
2489080.398483822
 20
415094.3527861989
 10
2488797.4508371097
 20
415196.65542677627
 10
2488795.413300657
 20
415201.00027401303
  0
LWPOLYLINE
  5
43A
330
17
100
AcDbEntity
  8
WETLANDS
100
AcDbPolyline
 90
9
 70
0
 10
2489154.3419422964
 20
415032.73740575777
 10
2489064.4426338607
 20
415100.121788354
 10
2488797.4508371097
 20
415196.65542677627
 10
2489058.739436625
 20
415100.9811198449
 10
2489064.4426338607
 20
415100.121788354
 10
2489080.398483822
 20
415094.3527861989
 10
2489175.616408911
 20
415025.04540288425
 10
2489064.4426338607
 20
415100.121788354
 10
2489175.616408911
 20
415025.04540288425
  0
LWPOLYLINE
  5
43B
330
17
100
AcDbEntity
  8
WETLANDS
100
AcDbPolyline
 90
4
 70
0
 10
2488797.4508371097
 20
415196.65542677627
 10
2489058.739436625
 20
415100.9811198449
 10
2488798.129925755
 20
415195.20717696665
 10
2488797.4508371097
 20
415196.65542677627
  0
LWPOLYLINE
  5
43C
330
17
100
AcDbEntity
  8
WETLANDS
100
AcDbPolyline
 90
4
 70
0
 10
2489058.739436625
 20
415100.9811198449
 10
2488798.129925755
 20
415195.20717696665
 10
2489047.742258659
 20
415090.52403157507
 10
2489058.739436625
 20
415100.9811198449
  0
LWPOLYLINE
  5
43D
330
17
100
AcDbEntity
  8
WETLANDS
100
AcDbPolyline
 90
4
 70
0
 10
2488798.129925755
 20
415195.20717696665
 10
2489047.742258659
 20
415090.52403157507
 10
2488807.34327466
 20
415177.4427642133
 10
2488798.129925755
 20
415195.20717696665
  0
LWPOLYLINE
  5
43E
330
17
100
AcDbEntity
  8
WETLANDS
100
AcDbPolyline
 90
4
 70
0
 10
2489047.742258659
 20
415090.52403157507
 10
2488807.34327466
 20
415177.4427642133
 10
2489030.0921111237
 20
415071.6473165874
 10
2489047.742258659
 20
415090.52403157507
  0
LWPOLYLINE
  5
43F
330
17
100
AcDbEntity
  8
WETLANDS
100
AcDbPolyline
 90
4
 70
0
 10
2488807.34327466
 20
415177.4427642133
 10
2489030.0921111237
 20
415071.6473165874
 10
2488812.0309924507
 20
415150.4895635779
 10
2488807.34327466
 20
415177.4427642133
  0
LWPOLYLINE
  5
440
330
17
100
AcDbEntity
  8
WETLANDS
100
AcDbPolyline
 90
4
 70
0
 10
2488005.7614487587
 20
415428.774427408
 10
2488006.440537404
 20
415427.3261775984
 10
2488001.12192075
 20
415429.24917831674
 10
2488005.7614487587
 20
415428.774427408
  0
LWPOLYLINE
  5
441
330
17
100
AcDbEntity
  8
WETLANDS
100
AcDbPolyline
 90
4
 70
0
 10
2489030.0921111237
 20
415071.6473165874
 10
2488812.0309924507
 20
415150.4895635779
 10
2489022.286038648
 20
415060.0367570874
 10
2489030.0921111237
 20
415071.6473165874
  0
LWPOLYLINE
  5
442
330
17
100
AcDbEntity
  8
WETLANDS
100
AcDbPolyline
 90
4
 70
0
 10
2488812.0309924507
 20
415150.4895635779
 10
2489022.286038648
 20
415060.0367570874
 10
2488814.8618827667
 20
415135.033100449
 10
2488812.0309924507
 20
415150.4895635779
  0
LWPOLYLINE
  5
443
330
17
100
AcDbEntity
  8
WETLANDS
100
AcDbPolyline
 90
4
 70
0
 10
2488006.440537404
 20
415427.3261775984
 10
2488001.12192075
 20
415429.24917831674
 10
2488013.7062496673
 20
415417.4825686704
 10
2488006.440537404
 20
415427.3261775984
  0
LWPOLYLINE
  5
444
330
17
100
AcDbEntity
  8
WETLANDS
100
AcDbPolyline
 90
4
 70
0
 10
2488001.12192075
 20
415429.24917831674
 10
2488013.7062496673
 20
415417.4825686704
 10
2487971.1578574697
 20
415432.86637880164
 10
2488001.12192075
 20
415429.24917831674
  0
LWPOLYLINE
  5
445
330
17
100
AcDbEntity
  8
WETLANDS
100
AcDbPolyline
 90
4
 70
0
 10
2488013.7062496673
 20
415417.4825686704
 10
2487971.1578574697
 20
415432.86637880164
 10
2488029.211443611
 20
415393.83481364365
 10
2488013.7062496673
 20
415417.4825686704
  0
LWPOLYLINE
  5
446
330
17
100
AcDbEntity
  8
WETLANDS
100
AcDbPolyline
 90
4
 70
0
 10
2487971.1578574697
 20
415432.86637880164
 10
2488029.211443611
 20
415393.83481364365
 10
2487952.624283552
 20
415421.52569144155
 10
2487971.1578574697
 20
415432.86637880164
  0
LWPOLYLINE
  5
447
330
17
100
AcDbEntity
  8
WETLANDS
100
AcDbPolyline
 90
4
 70
0
 10
2489022.286038648
 20
415060.0367570874
 10
2488814.8618827667
 20
415135.033100449
 10
2489007.352245694
 20
415035.36704286124
 10
2489022.286038648
 20
415060.0367570874
  0
LWPOLYLINE
  5
448
330
17
100
AcDbEntity
  8
WETLANDS
100
AcDbPolyline
 90
4
 70
0
 10
2488814.8618827667
 20
415135.033100449
 10
2489007.352245694
 20
415035.36704286124
 10
2488818.011548745
 20
415103.82512509567
 10
2488814.8618827667
 20
415135.033100449
  0
LWPOLYLINE
  5
449
330
17
100
AcDbEntity
  8
WETLANDS
100
AcDbPolyline
 90
4
 70
0
 10
2488029.211443611
 20
415393.83481364365
 10
2487952.624283552
 20
415421.52569144155
 10
2488035.4137571626
 20
415384.3756874899
 10
2488029.211443611
 20
415393.83481364365
  0
LWPOLYLINE
  5
44A
330
17
100
AcDbEntity
  8
WETLANDS
100
AcDbPolyline
 90
4
 70
0
 10
2487952.624283552
 20
415421.52569144155
 10
2488035.4137571626
 20
415384.3756874899
 10
2487944.998085598
 20
415417.0664062787
 10
2487952.624283552
 20
415421.52569144155
  0
LWPOLYLINE
  5
44B
330
17
100
AcDbEntity
  8
WETLANDS
100
AcDbPolyline
 90
4
 70
0
 10
2488035.4137571626
 20
415384.3756874899
 10
2487981.1644624304
 20
415403.99007964006
 10
2488036.7719344534
 20
415381.4791878707
 10
2488035.4137571626
 20
415384.3756874899
  0
LWPOLYLINE
  5
44C
330
17
100
AcDbEntity
  8
WETLANDS
100
AcDbPolyline
 90
7
 70
0
 10
2487981.1644624304
 20
415403.99007964006
 10
2488036.7719344534
 20
415381.4791878707
 10
2487982.522639721
 20
415401.0935800208
 10
2487981.1644624304
 20
415403.99007964006
 10
2487944.998085598
 20
415417.0664062787
 10
2487961.272538514
 20
415395.54626022314
 10
2487981.1644624304
 20
415403.99007964006
  0
LWPOLYLINE
  5
44D
330
17
100
AcDbEntity
  8
WETLANDS
100
AcDbPolyline
 90
4
 70
0
 10
2488574.6258948003
 20
415185.8098216623
 10
2488582.661038744
 20
415178.0934533815
 10
2488566.7051887824
 20
415183.8624555366
 10
2488574.6258948003
 20
415185.8098216623
  0
LWPOLYLINE
  5
44E
330
17
100
AcDbEntity
  8
WETLANDS
100
AcDbPolyline
 90
4
 70
0
 10
2488036.7719344534
 20
415381.4791878707
 10
2487982.522639721
 20
415401.0935800208
 10
2488050.80451318
 20
415370.3916668697
 10
2488036.7719344534
 20
415381.4791878707
  0
LWPOLYLINE
  5
44F
330
17
100
AcDbEntity
  8
WETLANDS
100
AcDbPolyline
 90
4
 70
0
 10
2487982.522639721
 20
415401.0935800208
 10
2488050.80451318
 20
415370.3916668697
 10
2487986.981924884
 20
415393.46738206665
 10
2487982.522639721
 20
415401.0935800208
  0
LWPOLYLINE
  5
450
330
17
100
AcDbEntity
  8
WETLANDS
100
AcDbPolyline
 90
4
 70
0
 10
2488515.941680312
 20
415199.8110890954
 10
2488536.061766341
 20
415188.92800363904
 10
2488510.532893332
 20
415198.15823103307
 10
2488515.941680312
 20
415199.8110890954
  0
LWPOLYLINE
  5
451
330
17
100
AcDbEntity
  8
WETLANDS
100
AcDbPolyline
 90
4
 70
0
 10
2489007.352245694
 20
415035.36704286124
 10
2488818.011548745
 20
415103.82512509567
 10
2488999.455905084
 20
415020.1803540644
 10
2489007.352245694
 20
415035.36704286124
  0
LWPOLYLINE
  5
452
330
17
100
AcDbEntity
  8
WETLANDS
100
AcDbPolyline
 90
4
 70
0
 10
2488818.011548745
 20
415103.82512509567
 10
2488999.455905084
 20
415020.1803540644
 10
2488819.6887722146
 20
415085.17701544415
 10
2488818.011548745
 20
415103.82512509567
  0
LWPOLYLINE
  5
453
330
17
100
AcDbEntity
  8
WETLANDS
100
AcDbPolyline
 90
4
 70
0
 10
2487863.4111823565
 20
415430.92904308665
 10
2487864.474851584
 20
415430.54446250456
 10
2487848.519001623
 20
415436.3134646597
 10
2487863.4111823565
 20
415430.92904308665
  0
LWPOLYLINE
  5
454
330
17
100
AcDbEntity
  8
WETLANDS
100
AcDbPolyline
 90
4
 70
0
 10
2487944.998085598
 20
415417.0664062787
 10
2487961.272538514
 20
415395.54626022314
 10
2487929.3611091077
 20
415407.0841667255
 10
2487944.998085598
 20
415417.0664062787
  0
LWPOLYLINE
  5
455
330
17
100
AcDbEntity
  8
WETLANDS
100
AcDbPolyline
 90
4
 70
0
 10
2487864.474851584
 20
415430.54446250456
 10
2487848.519001623
 20
415436.3134646597
 10
2487866.217609457
 20
415428.7116321128
 10
2487864.474851584
 20
415430.54446250456
  0
LWPOLYLINE
  5
456
330
17
100
AcDbEntity
  8
WETLANDS
100
AcDbPolyline
 90
4
 70
0
 10
2487848.519001623
 20
415436.3134646597
 10
2487866.217609457
 20
415428.7116321128
 10
2487816.223262151
 20
415446.7876041267
 10
2487848.519001623
 20
415436.3134646597
  0
LWPOLYLINE
  5
457
330
17
100
AcDbEntity
  8
WETLANDS
100
AcDbPolyline
 90
4
 70
0
 10
2488582.661038744
 20
415178.0934533815
 10
2488566.7051887824
 20
415183.8624555366
 10
2488598.3463028246
 20
415161.5975137242
 10
2488582.661038744
 20
415178.0934533815
  0
LWPOLYLINE
  5
458
330
17
100
AcDbEntity
  8
WETLANDS
100
AcDbPolyline
 90
4
 70
0
 10
2488566.7051887824
 20
415183.8624555366
 10
2488598.3463028246
 20
415161.5975137242
 10
2488551.5429632007
 20
415178.5197439917
 10
2488566.7051887824
 20
415183.8624555366
  0
LWPOLYLINE
  5
459
330
17
100
AcDbEntity
  8
WETLANDS
100
AcDbPolyline
 90
4
 70
0
 10
2488050.80451318
 20
415370.3916668697
 10
2487986.981924884
 20
415393.46738206665
 10
2488142.2181468606
 20
415320.50145656295
 10
2488050.80451318
 20
415370.3916668697
  0
LWPOLYLINE
  5
45A
330
17
100
AcDbEntity
  8
WETLANDS
100
AcDbPolyline
 90
4
 70
0
 10
2487986.981924884
 20
415393.46738206665
 10
2488142.2181468606
 20
415320.50145656295
 10
2487998.6168497913
 20
415372.42198691977
 10
2487986.981924884
 20
415393.46738206665
  0
LWPOLYLINE
  5
45B
330
17
100
AcDbEntity
  8
WETLANDS
100
AcDbPolyline
 90
4
 70
0
 10
2488142.2181468606
 20
415320.50145656295
 10
2487998.6168497913
 20
415372.42198691977
 10
2488156.340895914
 20
415312.9897943428
 10
2488142.2181468606
 20
415320.50145656295
  0
LWPOLYLINE
  5
45C
330
17
100
AcDbEntity
  8
WETLANDS
100
AcDbPolyline
 90
4
 70
0
 10
2487998.6168497913
 20
415372.42198691977
 10
2488156.340895914
 20
415312.9897943428
 10
2487999.975297598
 20
415369.5253894927
 10
2487998.6168497913
 20
415372.42198691977
  0
LWPOLYLINE
  5
45D
330
17
100
AcDbEntity
  8
WETLANDS
100
AcDbPolyline
 90
4
 70
0
 10
2487961.272538514
 20
415395.54626022314
 10
2487929.3611091077
 20
415407.0841667255
 10
2487952.108018231
 20
415386.8322981502
 10
2487961.272538514
 20
415395.54626022314
  0
LWPOLYLINE
  5
45E
330
17
100
AcDbEntity
  8
WETLANDS
100
AcDbPolyline
 90
4
 70
0
 10
2487929.3611091077
 20
415407.0841667255
 10
2487952.108018231
 20
415386.8322981502
 10
2487917.0055811424
 20
415399.5239463989
 10
2487929.3611091077
 20
415407.0841667255
  0
LWPOLYLINE
  5
45F
330
17
100
AcDbEntity
  8
WETLANDS
100
AcDbPolyline
 90
4
 70
0
 10
2487866.217609457
 20
415428.7116321128
 10
2487816.223262151
 20
415446.7876041267
 10
2487912.7509042323
 20
415401.0622687273
 10
2487866.217609457
 20
415428.7116321128
  0
LWPOLYLINE
  5
460
330
17
100
AcDbEntity
  8
WETLANDS
100
AcDbPolyline
 90
4
 70
0
 10
2487816.223262151
 20
415446.7876041267
 10
2487912.7509042323
 20
415401.0622687273
 10
2487801.061036569
 20
415441.4448925817
 10
2487816.223262151
 20
415446.7876041267
  0
LWPOLYLINE
  5
461
330
17
100
AcDbEntity
  8
WETLANDS
100
AcDbPolyline
 90
4
 70
0
 10
2487952.108018231
 20
415386.8322981502
 10
2487917.0055811424
 20
415399.5239463989
 10
2487950.6596706137
 20
415386.1529389887
 10
2487952.108018231
 20
415386.8322981502
  0
LWPOLYLINE
  5
462
330
17
100
AcDbEntity
  8
WETLANDS
100
AcDbPolyline
 90
4
 70
0
 10
2487917.0055811424
 20
415399.5239463989
 10
2487950.6596706137
 20
415386.1529389887
 10
2487916.6209027525
 20
415398.4600066553
 10
2487917.0055811424
 20
415399.5239463989
  0
LWPOLYLINE
  5
463
330
17
100
AcDbEntity
  8
WETLANDS
100
AcDbPolyline
 90
4
 70
0
 10
2487912.7509042323
 20
415401.0622687273
 10
2487801.061036569
 20
415441.4448925817
 10
2487916.6209027525
 20
415398.4600066553
 10
2487912.7509042323
 20
415401.0622687273
  0
LWPOLYLINE
  5
464
330
17
100
AcDbEntity
  8
WETLANDS
100
AcDbPolyline
 90
4
 70
0
 10
2487801.061036569
 20
415441.4448925817
 10
2487916.6209027525
 20
415398.4600066553
 10
2487799.6126889517
 20
415440.76553342026
 10
2487801.061036569
 20
415441.4448925817
  0
LWPOLYLINE
  5
465
330
17
100
AcDbEntity
  8
WETLANDS
100
AcDbPolyline
 90
4
 70
0
 10
2488536.061766341
 20
415188.92800363904
 10
2488510.532893332
 20
415198.15823103307
 10
2488531.0620231577
 20
415175.0997626491
 10
2488536.061766341
 20
415188.92800363904
  0
LWPOLYLINE
  5
466
330
17
100
AcDbEntity
  8
WETLANDS
100
AcDbPolyline
 90
4
 70
0
 10
2488510.532893332
 20
415198.15823103307
 10
2488531.0620231577
 20
415175.0997626491
 10
2488484.25895405
 20
415192.02189510874
 10
2488510.532893332
 20
415198.15823103307
  0
LWPOLYLINE
  5
467
330
17
100
AcDbEntity
  8
WETLANDS
100
AcDbPolyline
 90
4
 70
0
 10
2488598.3463028246
 20
415161.5975137242
 10
2488551.5429632007
 20
415178.5197439917
 10
2488613.6471590316
 20
415144.03753651533
 10
2488598.3463028246
 20
415161.5975137242
  0
LWPOLYLINE
  5
468
330
17
100
AcDbEntity
  8
WETLANDS
100
AcDbPolyline
 90
4
 70
0
 10
2488551.5429632007
 20
415178.5197439917
 10
2488613.6471590316
 20
415144.03753651533
 10
2488546.6332925367
 20
415168.2670912664
 10
2488551.5429632007
 20
415178.5197439917
  0
LWPOLYLINE
  5
469
330
17
100
AcDbEntity
  8
WETLANDS
100
AcDbPolyline
 90
4
 70
0
 10
2488156.340895914
 20
415312.9897943428
 10
2487999.975297598
 20
415369.5253894927
 10
2488162.6332819844
 20
415307.10625645367
 10
2488156.340895914
 20
415312.9897943428
  0
LWPOLYLINE
  5
46A
330
17
100
AcDbEntity
  8
WETLANDS
100
AcDbPolyline
 90
4
 70
0
 10
2487999.975297598
 20
415369.5253894927
 10
2488162.6332819844
 20
415307.10625645367
 10
2488003.076134954
 20
415364.7957889656
 10
2487999.975297598
 20
415369.5253894927
  0
LWPOLYLINE
  5
46B
330
17
100
AcDbEntity
  8
WETLANDS
100
AcDbPolyline
 90
4
 70
0
 10
2488613.6471590316
 20
415144.03753651533
 10
2488546.6332925367
 20
415168.2670912664
 10
2488615.3901874204
 20
415142.2046083157
 10
2488613.6471590316
 20
415144.03753651533
  0
LWPOLYLINE
  5
46C
330
17
100
AcDbEntity
  8
WETLANDS
100
AcDbPolyline
 90
4
 70
0
 10
2488546.6332925367
 20
415168.2670912664
 10
2488615.3901874204
 20
415142.2046083157
 10
2488546.2487119543
 20
415167.20342203893
 10
2488546.6332925367
 20
415168.2670912664
  0
LWPOLYLINE
  5
46D
330
17
100
AcDbEntity
  8
WETLANDS
100
AcDbPolyline
 90
4
 70
0
 10
2488162.6332819844
 20
415307.10625645367
 10
2488003.076134954
 20
415364.7957889656
 10
2488167.182466958
 20
415303.0560150881
 10
2488162.6332819844
 20
415307.10625645367
  0
LWPOLYLINE
  5
46E
330
17
100
AcDbEntity
  8
WETLANDS
100
AcDbPolyline
 90
4
 70
0
 10
2488003.076134954
 20
415364.7957889656
 10
2488167.182466958
 20
415303.0560150881
 10
2488016.13521478
 20
415357.6687073275
 10
2488003.076134954
 20
415364.7957889656
  0
LWPOLYLINE
  5
46F
330
17
100
AcDbEntity
  8
WETLANDS
100
AcDbPolyline
 90
4
 70
0
 10
2488531.0620231577
 20
415175.0997626491
 10
2488484.25895405
 20
415192.02189510874
 10
2488523.141685464
 20
415173.1525692316
 10
2488531.0620231577
 20
415175.0997626491
  0
LWPOLYLINE
  5
470
330
17
100
AcDbEntity
  8
WETLANDS
100
AcDbPolyline
 90
4
 70
0
 10
2488484.25895405
 20
415192.02189510874
 10
2488523.141685464
 20
415173.1525692316
 10
2488476.3380753244
 20
415190.07489730703
 10
2488484.25895405
 20
415192.02189510874
  0
LWPOLYLINE
  5
471
330
17
100
AcDbEntity
  8
WETLANDS
100
AcDbPolyline
 90
4
 70
0
 10
2487950.6596706137
 20
415386.1529389887
 10
2487799.6126889517
 20
415440.76553342026
 10
2487943.328251239
 20
415379.18163698085
 10
2487950.6596706137
 20
415386.1529389887
  0
LWPOLYLINE
  5
472
330
17
100
AcDbEntity
  8
WETLANDS
100
AcDbPolyline
 90
4
 70
0
 10
2487799.6126889517
 20
415440.76553342026
 10
2487943.328251239
 20
415379.18163698085
 10
2487785.89871318
 20
415436.10191052075
 10
2487799.6126889517
 20
415440.76553342026
  0
LWPOLYLINE
  5
473
330
17
100
AcDbEntity
  8
WETLANDS
100
AcDbPolyline
 90
4
 70
0
 10
2488523.141685464
 20
415173.1525692316
 10
2488476.3380753244
 20
415190.07489730703
 10
2488506.6211847835
 20
415170.70608678984
 10
2488523.141685464
 20
415173.1525692316
  0
LWPOLYLINE
  5
474
330
17
100
AcDbEntity
  8
WETLANDS
100
AcDbPolyline
 90
4
 70
0
 10
2488476.3380753244
 20
415190.07489730703
 10
2488506.6211847835
 20
415170.70608678984
 10
2488472.5821464066
 20
415183.0132522643
 10
2488476.3380753244
 20
415190.07489730703
  0
LWPOLYLINE
  5
475
330
17
100
AcDbEntity
  8
WETLANDS
100
AcDbPolyline
 90
4
 70
0
 10
2488167.182466958
 20
415303.0560150881
 10
2488016.13521478
 20
415357.6687073275
 10
2488191.96654421
 20
415278.4591265678
 10
2488167.182466958
 20
415303.0560150881
  0
LWPOLYLINE
  5
476
330
17
100
AcDbEntity
  8
WETLANDS
100
AcDbPolyline
 90
4
 70
0
 10
2488016.13521478
 20
415357.6687073275
 10
2488191.96654421
 20
415278.4591265678
 10
2488105.8060905878
 20
415309.6113274125
 10
2488016.13521478
 20
415357.6687073275
  0
LWPOLYLINE
  5
477
330
17
100
AcDbEntity
  8
WETLANDS
100
AcDbPolyline
 90
8
 70
0
 10
2488191.96654421
 20
415278.4591265678
 10
2488105.8060905878
 20
415309.6113274125
 10
2488191.96654421
 20
415278.4591265678
 10
2488105.8060905878
 20
415309.6113274125
 10
2488191.96654421
 20
415278.4591265678
 10
2488105.8060905878
 20
415309.6113274125
 10
2488205.524642544
 20
415262.73197975074
 10
2488191.96654421
 20
415278.4591265678
  0
LWPOLYLINE
  5
478
330
17
100
AcDbEntity
  8
WETLANDS
100
AcDbPolyline
 90
10
 70
0
 10
2487832.7020528032
 20
415419.1796802532
 10
2487785.89871318
 20
415436.10191052075
 10
2487800.724916286
 20
415413.90267581976
 10
2487832.7020528032
 20
415419.1796802532
 10
2487943.328251239
 20
415379.18163698085
 10
2487925.0891853846
 20
415365.32903058355
 10
2487832.7020528032
 20
415419.1796802532
 10
2487925.0891853846
 20
415365.32903058355
 10
2487858.07531889
 20
415389.5585853347
 10
2487832.7020528032
 20
415419.1796802532
  0
LWPOLYLINE
  5
479
330
17
100
AcDbEntity
  8
WETLANDS
100
AcDbPolyline
 90
4
 70
0
 10
2487785.89871318
 20
415436.10191052075
 10
2487800.724916286
 20
415413.90267581976
 10
2487760.3038625433
 20
415428.5173247868
 10
2487785.89871318
 20
415436.10191052075
  0
LWPOLYLINE
  5
47A
330
17
100
AcDbEntity
  8
WETLANDS
100
AcDbPolyline
 90
4
 70
0
 10
2488999.455905084
 20
415020.1803540644
 10
2488819.6887722146
 20
415085.17701544415
 10
2488979.9074905613
 20
414982.7458724601
 10
2488999.455905084
 20
415020.1803540644
  0
LWPOLYLINE
  5
47B
330
17
100
AcDbEntity
  8
WETLANDS
100
AcDbPolyline
 90
4
 70
0
 10
2488819.6887722146
 20
415085.17701544415
 10
2488979.9074905613
 20
414982.7458724601
 10
2488776.7382821064
 20
415056.20379568543
 10
2488819.6887722146
 20
415085.17701544415
  0
LWPOLYLINE
  5
47C
330
17
100
AcDbEntity
  8
WETLANDS
100
AcDbPolyline
 90
4
 70
0
 10
2488105.8060905878
 20
415309.6113274125
 10
2488205.524642544
 20
415262.73197975074
 10
2488122.554926088
 20
415292.730536657
 10
2488105.8060905878
 20
415309.6113274125
  0
LWPOLYLINE
  5
47D
330
17
100
AcDbEntity
  8
WETLANDS
100
AcDbPolyline
 90
4
 70
0
 10
2488615.3901874204
 20
415142.2046083157
 10
2488546.2487119543
 20
415167.20342203893
 10
2488657.217878752
 20
415098.21491219493
 10
2488615.3901874204
 20
415142.2046083157
  0
LWPOLYLINE
  5
47E
330
17
100
AcDbEntity
  8
WETLANDS
100
AcDbPolyline
 90
4
 70
0
 10
2488546.2487119543
 20
415167.20342203893
 10
2488657.217878752
 20
415098.21491219493
 10
2488544.464341861
 20
415138.98211663147
 10
2488546.2487119543
 20
415167.20342203893
  0
LWPOLYLINE
  5
47F
330
17
100
AcDbEntity
  8
WETLANDS
100
AcDbPolyline
 90
4
 70
0
 10
2487800.724916286
 20
415413.90267581976
 10
2487760.3038625433
 20
415428.5173247868
 10
2487795.2263273024
 20
415408.6741316848
 10
2487800.724916286
 20
415413.90267581976
  0
LWPOLYLINE
  5
480
330
17
100
AcDbEntity
  8
WETLANDS
100
AcDbPolyline
 90
4
 70
0
 10
2487760.3038625433
 20
415428.5173247868
 10
2487795.2263273024
 20
415408.6741316848
 10
2487750.550326134
 20
415424.8272007882
 10
2487760.3038625433
 20
415428.5173247868
  0
LWPOLYLINE
  5
481
330
17
100
AcDbEntity
  8
WETLANDS
100
AcDbPolyline
 90
4
 70
0
 10
2488205.524642544
 20
415262.73197975074
 10
2488122.554926088
 20
415292.730536657
 10
2488210.3686060966
 20
415256.1697215402
 10
2488205.524642544
 20
415262.73197975074
  0
LWPOLYLINE
  5
482
330
17
100
AcDbEntity
  8
WETLANDS
100
AcDbPolyline
 90
4
 70
0
 10
2488122.554926088
 20
415292.730536657
 10
2488210.3686060966
 20
415256.1697215402
 10
2488134.8448447497
 20
415283.47611656383
 10
2488122.554926088
 20
415292.730536657
  0
LWPOLYLINE
  5
483
330
17
100
AcDbEntity
  8
WETLANDS
100
AcDbPolyline
 90
4
 70
0
 10
2488506.6211847835
 20
415170.70608678984
 10
2488472.5821464066
 20
415183.0132522643
 10
2488496.122679909
 20
415151.64966998895
 10
2488506.6211847835
 20
415170.70608678984
  0
LWPOLYLINE
  5
484
330
17
100
AcDbEntity
  8
WETLANDS
100
AcDbPolyline
 90
4
 70
0
 10
2488472.5821464066
 20
415183.0132522643
 10
2488496.122679909
 20
415151.64966998895
 10
2488461.020242821
 20
415164.34131823765
 10
2488472.5821464066
 20
415183.0132522643
  0
LWPOLYLINE
  5
485
330
17
100
AcDbEntity
  8
WETLANDS
100
AcDbPolyline
 90
4
 70
0
 10
2488394.006376326
 20
415188.5708729887
 10
2488420.8935993337
 20
415176.44377765147
 10
2488382.5998840467
 20
415190.28926545434
 10
2488394.006376326
 20
415188.5708729887
  0
LWPOLYLINE
  5
486
330
17
100
AcDbEntity
  8
WETLANDS
100
AcDbPolyline
 90
10
 70
0
 10
2487869.8904866427
 20
415375.66463723325
 10
2487873.0817648415
 20
415374.5107976791
 10
2487870.5695752883
 20
415374.2163874236
 10
2487869.8904866427
 20
415375.66463723325
 10
2487873.0817648415
 20
415374.5107976791
 10
2487858.07531889
 20
415389.5585853347
 10
2487925.0891853846
 20
415365.32903058355
 10
2487873.0817648415
 20
415374.5107976791
 10
2487858.07531889
 20
415389.5585853347
 10
2487869.8904866427
 20
415375.66463723325
  0
LWPOLYLINE
  5
487
330
17
100
AcDbEntity
  8
WETLANDS
100
AcDbPolyline
 90
4
 70
0
 10
2488210.3686060966
 20
415256.1697215402
 10
2488134.8448447497
 20
415283.47611656383
 10
2488214.533383196
 20
415251.05544262315
 10
2488210.3686060966
 20
415256.1697215402
  0
LWPOLYLINE
  5
488
330
17
100
AcDbEntity
  8
WETLANDS
100
AcDbPolyline
 90
4
 70
0
 10
2488134.8448447497
 20
415283.47611656383
 10
2488214.533383196
 20
415251.05544262315
 10
2488178.36727688
 20
415264.13167145394
 10
2488134.8448447497
 20
415283.47611656383
  0
LWPOLYLINE
  5
489
330
17
100
AcDbEntity
  8
WETLANDS
100
AcDbPolyline
 90
4
 70
0
 10
2488657.217878752
 20
415098.21491219493
 10
2488544.464341861
 20
415138.98211663147
 10
2488671.8397441213
 20
415082.1034553118
 10
2488657.217878752
 20
415098.21491219493
  0
LWPOLYLINE
  5
48A
330
17
100
AcDbEntity
  8
WETLANDS
100
AcDbPolyline
 90
4
 70
0
 10
2488544.464341861
 20
415138.98211663147
 10
2488671.8397441213
 20
415082.1034553118
 10
2488555.894929032
 20
415124.02449930256
 10
2488544.464341861
 20
415138.98211663147
  0
LWPOLYLINE
  5
48B
330
17
100
AcDbEntity
  8
WETLANDS
100
AcDbPolyline
 90
4
 70
0
 10
2488496.122679909
 20
415151.64966998895
 10
2488461.020242821
 20
415164.34131823765
 10
2488493.1360099637
 20
415146.71563391737
 10
2488496.122679909
 20
415151.64966998895
  0
LWPOLYLINE
  5
48C
330
17
100
AcDbEntity
  8
WETLANDS
100
AcDbPolyline
 90
4
 70
0
 10
2488461.020242821
 20
415164.34131823765
 10
2488493.1360099637
 20
415146.71563391737
 10
2488458.033572875
 20
415159.40728216607
 10
2488461.020242821
 20
415164.34131823765
  0
LWPOLYLINE
  5
48D
330
17
100
AcDbEntity
  8
WETLANDS
100
AcDbPolyline
 90
4
 70
0
 10
2488420.8935993337
 20
415176.44377765147
 10
2488382.5998840467
 20
415190.28926545434
 10
2488452.714956221
 20
415161.3302828844
 10
2488420.8935993337
 20
415176.44377765147
  0
LWPOLYLINE
  5
48E
330
17
100
AcDbEntity
  8
WETLANDS
100
AcDbPolyline
 90
4
 70
0
 10
2488382.5998840467
 20
415190.28926545434
 10
2488452.714956221
 20
415161.3302828844
 10
2488369.7452397654
 20
415191.32883979066
 10
2488382.5998840467
 20
415190.28926545434
  0
LWPOLYLINE
  5
48F
330
17
100
AcDbEntity
  8
WETLANDS
100
AcDbPolyline
 90
11
 70
0
 10
2488458.033572875
 20
415159.40728216607
 10
2488493.1360099637
 20
415146.71563391737
 10
2488458.033572875
 20
415159.40728216607
 10
2488493.1360099637
 20
415146.71563391737
 10
2488458.033572875
 20
415159.40728216607
 10
2488369.7452397654
 20
415191.32883979066
 10
2488452.714956221
 20
415161.3302828844
 10
2488458.033572875
 20
415159.40728216607
 10
2488369.7452397654
 20
415191.32883979066
 10
2488367.6179013103
 20
415192.09800095484
 10
2488458.033572875
 20
415159.40728216607
  0
LWPOLYLINE
  5
490
330
17
100
AcDbEntity
  8
WETLANDS
100
AcDbPolyline
 90
4
 70
0
 10
2488309.0237593413
 20
415209.6748566526
 10
2488334.0782497656
 20
415195.80527395854
 10
2488303.230489587
 20
415206.9585998788
 10
2488309.0237593413
 20
415209.6748566526
  0
LWPOLYLINE
  5
491
330
17
100
AcDbEntity
  8
WETLANDS
100
AcDbPolyline
 90
4
 70
0
 10
2488493.1360099637
 20
415146.71563391737
 10
2488367.6179013103
 20
415192.09800095484
 10
2488491.9821704095
 20
415143.5243557187
 10
2488493.1360099637
 20
415146.71563391737
  0
LWPOLYLINE
  5
492
330
17
100
AcDbEntity
  8
WETLANDS
100
AcDbPolyline
 90
4
 70
0
 10
2488367.6179013103
 20
415192.09800095484
 10
2488491.9821704095
 20
415143.5243557187
 10
2488353.699489994
 20
415193.52188535716
 10
2488367.6179013103
 20
415192.09800095484
  0
LWPOLYLINE
  5
493
330
17
100
AcDbEntity
  8
WETLANDS
100
AcDbPolyline
 90
4
 70
0
 10
2488491.9821704095
 20
415143.5243557187
 10
2488353.699489994
 20
415193.52188535716
 10
2488489.3801788534
 20
415139.6542593907
 10
2488491.9821704095
 20
415143.5243557187
  0
LWPOLYLINE
  5
494
330
17
100
AcDbEntity
  8
WETLANDS
100
AcDbPolyline
 90
4
 70
0
 10
2488353.699489994
 20
415193.52188535716
 10
2488489.3801788534
 20
415139.6542593907
 10
2488334.0782497656
 20
415195.80527395854
 10
2488353.699489994
 20
415193.52188535716
  0
LWPOLYLINE
  5
495
330
17
100
AcDbEntity
  8
WETLANDS
100
AcDbPolyline
 90
4
 70
0
 10
2488489.3801788534
 20
415139.6542593907
 10
2488303.230489587
 20
415206.9585998788
 10
2488486.0086578093
 20
415133.65665189945
 10
2488489.3801788534
 20
415139.6542593907
  0
LWPOLYLINE
  5
496
330
17
100
AcDbEntity
  8
WETLANDS
100
AcDbPolyline
 90
4
 70
0
 10
2488303.230489587
 20
415206.9585998788
 10
2488486.0086578093
 20
415133.65665189945
 10
2488293.4769531777
 20
415203.2684758802
 10
2488303.230489587
 20
415206.9585998788
  0
LWPOLYLINE
  5
497
330
17
100
AcDbEntity
  8
WETLANDS
100
AcDbPolyline
 90
4
 70
0
 10
2488671.8397441213
 20
415082.1034553118
 10
2488555.894929032
 20
415124.02449930256
 10
2488712.5794008183
 20
415051.7376624443
 10
2488671.8397441213
 20
415082.1034553118
  0
LWPOLYLINE
  5
498
330
17
100
AcDbEntity
  8
WETLANDS
100
AcDbPolyline
 90
4
 70
0
 10
2488555.894929032
 20
415124.02449930256
 10
2488712.5794008183
 20
415051.7376624443
 10
2488575.3606601465
 20
415101.35051369277
 10
2488555.894929032
 20
415124.02449930256
  0
LWPOLYLINE
  5
499
330
17
100
AcDbEntity
  8
WETLANDS
100
AcDbPolyline
 90
4
 70
0
 10
2488486.0086578093
 20
415133.65665189945
 10
2488293.4769531777
 20
415203.2684758802
 10
2488478.47280289
 20
415132.7728571934
 10
2488486.0086578093
 20
415133.65665189945
  0
LWPOLYLINE
  5
49A
330
17
100
AcDbEntity
  8
WETLANDS
100
AcDbPolyline
 90
4
 70
0
 10
2488293.4769531777
 20
415203.2684758802
 10
2488478.47280289
 20
415132.7728571934
 10
2488288.0681661973
 20
415201.61561781785
 10
2488293.4769531777
 20
415203.2684758802
  0
LWPOLYLINE
  5
49B
330
17
100
AcDbEntity
  8
WETLANDS
100
AcDbPolyline
 90
4
 70
0
 10
2488478.47280289
 20
415132.7728571934
 10
2488288.0681661973
 20
415201.61561781785
 10
2488472.00044449
 20
415131.50485022925
 10
2488478.47280289
 20
415132.7728571934
  0
LWPOLYLINE
  5
49C
330
17
100
AcDbEntity
  8
WETLANDS
100
AcDbPolyline
 90
4
 70
0
 10
2488288.0681661973
 20
415201.61561781785
 10
2488472.00044449
 20
415131.50485022925
 10
2488263.512889897
 20
415206.8856763651
 10
2488288.0681661973
 20
415201.61561781785
  0
LWPOLYLINE
  5
49D
330
17
100
AcDbEntity
  8
WETLANDS
100
AcDbPolyline
 90
4
 70
0
 10
2488214.533383196
 20
415251.05544262315
 10
2488178.36727688
 20
415264.13167145394
 10
2488244.3657617373
 20
415213.8085180744
 10
2488214.533383196
 20
415251.05544262315
  0
LWPOLYLINE
  5
49E
330
17
100
AcDbEntity
  8
WETLANDS
100
AcDbPolyline
 90
4
 70
0
 10
2488178.36727688
 20
415264.13167145394
 10
2488244.3657617373
 20
415213.8085180744
 10
2488207.135986194
 20
415227.26932748733
 10
2488178.36727688
 20
415264.13167145394
  0
LWPOLYLINE
  5
49F
330
17
100
AcDbEntity
  8
WETLANDS
100
AcDbPolyline
 90
13
 70
0
 10
2488382.648712669
 20
415163.8108906281
 10
2488263.512889897
 20
415206.8856763651
 10
2488373.3695588447
 20
415164.7601219295
 10
2488382.648712669
 20
415163.8108906281
 10
2488425.10693454
 20
415144.85122171603
 10
2488465.527988282
 20
415130.236572749
 10
2488382.648712669
 20
415163.8108906281
 10
2488472.00044449
 20
415131.50485022925
 10
2488465.527988282
 20
415130.236572749
 10
2488425.10693454
 20
415144.85122171603
 10
2488445.6119694742
 20
415135.03197819536
 10
2488465.527988282
 20
415130.236572749
 10
2488382.648712669
 20
415163.8108906281
  0
LWPOLYLINE
  5
4A0
330
17
100
AcDbEntity
  8
WETLANDS
100
AcDbPolyline
 90
4
 70
0
 10
2488263.512889897
 20
415206.8856763651
 10
2488373.3695588447
 20
415164.7601219295
 10
2488246.787780964
 20
415210.52706954913
 10
2488263.512889897
 20
415206.8856763651
  0
LWPOLYLINE
  5
4A1
330
17
100
AcDbEntity
  8
WETLANDS
100
AcDbPolyline
 90
4
 70
0
 10
2488244.3657617373
 20
415213.8085180744
 10
2488207.135986194
 20
415227.26932748733
 10
2488246.787780964
 20
415210.52706954913
 10
2488244.3657617373
 20
415213.8085180744
  0
LWPOLYLINE
  5
4A2
330
17
100
AcDbEntity
  8
WETLANDS
100
AcDbPolyline
 90
4
 70
0
 10
2488207.135986194
 20
415227.26932748733
 10
2488246.787780964
 20
415210.52706954913
 10
2488209.5580054205
 20
415223.987878962
 10
2488207.135986194
 20
415227.26932748733
  0
LWPOLYLINE
  5
4A3
330
17
100
AcDbEntity
  8
WETLANDS
100
AcDbPolyline
 90
4
 70
0
 10
2488979.9074905613
 20
414982.7458724601
 10
2488776.7382821064
 20
415056.20379568543
 10
2488916.9267164273
 20
414968.2314242303
 10
2488979.9074905613
 20
414982.7458724601
  0
LWPOLYLINE
  5
4A4
330
17
100
AcDbEntity
  8
WETLANDS
100
AcDbPolyline
 90
4
 70
0
 10
2488776.7382821064
 20
415056.20379568543
 10
2488916.9267164273
 20
414968.2314242303
 10
2488740.3505912405
 20
415032.07434386376
 10
2488776.7382821064
 20
415056.20379568543
  0
LWPOLYLINE
  5
4A5
330
17
100
AcDbEntity
  8
WETLANDS
100
AcDbPolyline
 90
11
 70
0
 10
2488740.3505912405
 20
415032.07434386376
 10
2488916.9267164273
 20
414968.2314242303
 10
2488740.3505912405
 20
415032.07434386376
 10
2488916.9267164273
 20
414968.2314242303
 10
2488740.3505912405
 20
415032.07434386376
 10
2488916.9267164273
 20
414968.2314242303
 10
2488916.542135845
 20
414967.1677550028
 10
2488740.3505912405
 20
415032.07434386376
 10
2488916.542135845
 20
414967.1677550028
 10
2488738.902070915
 20
415031.3953530262
 10
2488740.3505912405
 20
415032.07434386376
  0
LWPOLYLINE
  5
4A6
330
17
100
AcDbEntity
  8
WETLANDS
100
AcDbPolyline
 90
4
 70
0
 10
2488712.5794008183
 20
415051.7376624443
 10
2488575.3606601465
 20
415101.35051369277
 10
2488738.2229822692
 20
415032.84360283584
 10
2488712.5794008183
 20
415051.7376624443
  0
LWPOLYLINE
  5
4A7
330
17
100
AcDbEntity
  8
WETLANDS
100
AcDbPolyline
 90
4
 70
0
 10
2488575.3606601465
 20
415101.35051369277
 10
2488738.2229822692
 20
415032.84360283584
 10
2488590.36700829
 20
415086.3024555211
 10
2488575.3606601465
 20
415101.35051369277
  0
LWPOLYLINE
  5
4A8
330
17
100
AcDbEntity
  8
WETLANDS
100
AcDbPolyline
 90
4
 70
0
 10
2488738.2229822692
 20
415032.84360283584
 10
2488590.36700829
 20
415086.3024555211
 10
2488738.902070915
 20
415031.3953530262
 10
2488738.2229822692
 20
415032.84360283584
  0
LWPOLYLINE
  5
4A9
330
17
100
AcDbEntity
  8
WETLANDS
100
AcDbPolyline
 90
4
 70
0
 10
2488590.36700829
 20
415086.3024555211
 10
2488738.902070915
 20
415031.3953530262
 10
2488591.0460969354
 20
415084.85420571145
 10
2488590.36700829
 20
415086.3024555211
  0
LWPOLYLINE
  5
4AA
330
17
100
AcDbEntity
  8
WETLANDS
100
AcDbPolyline
 90
4
 70
0
 10
2487795.2263273024
 20
415408.6741316848
 10
2487750.550326134
 20
415424.8272007882
 10
2487758.1833721665
 20
415372.7538026174
 10
2487795.2263273024
 20
415408.6741316848
  0
LWPOLYLINE
  5
4AB
330
17
100
AcDbEntity
  8
WETLANDS
100
AcDbPolyline
 90
4
 70
0
 10
2487750.550326134
 20
415424.8272007882
 10
2487758.1833721665
 20
415372.7538026174
 10
2487722.01726585
 20
415385.83003144816
 10
2487750.550326134
 20
415424.8272007882
  0
LWPOLYLINE
  5
4AC
330
17
100
AcDbEntity
  8
WETLANDS
100
AcDbPolyline
 90
4
 70
0
 10
2488373.3695588447
 20
415164.7601219295
 10
2488209.5580054205
 20
415223.987878962
 10
2488287.7320459136
 20
415174.0734010558
 10
2488373.3695588447
 20
415164.7601219295
  0
LWPOLYLINE
  5
4AD
330
17
100
AcDbEntity
  8
WETLANDS
100
AcDbPolyline
 90
4
 70
0
 10
2488209.5580054205
 20
415223.987878962
 10
2488287.7320459136
 20
415174.0734010558
 10
2488233.4827511813
 20
415193.68779320596
 10
2488209.5580054205
 20
415223.987878962
  0
LWPOLYLINE
  5
4AE
330
17
100
AcDbEntity
  8
WETLANDS
100
AcDbPolyline
 90
9
 70
0
 10
2488233.4827511813
 20
415193.68779320596
 10
2488285.6047074585
 20
415174.84256222
 10
2488236.289178282
 20
415191.4703822321
 10
2488233.4827511813
 20
415193.68779320596
 10
2488285.6047074585
 20
415174.84256222
 10
2488233.4827511813
 20
415193.68779320596
 10
2488285.6047074585
 20
415174.84256222
 10
2488287.7320459136
 20
415174.0734010558
 10
2488233.4827511813
 20
415193.68779320596
  0
LWPOLYLINE
  5
4AF
330
17
100
AcDbEntity
  8
WETLANDS
100
AcDbPolyline
 90
4
 70
0
 10
2488916.542135845
 20
414967.1677550028
 10
2488591.0460969354
 20
415084.85420571145
 10
2488906.812964843
 20
414950.238308333
 10
2488916.542135845
 20
414967.1677550028
  0
LWPOLYLINE
  5
4B0
330
17
100
AcDbEntity
  8
WETLANDS
100
AcDbPolyline
 90
4
 70
0
 10
2488591.0460969354
 20
415084.85420571145
 10
2488906.812964843
 20
414950.238308333
 10
2488623.8653181307
 20
415052.54094891035
 10
2488591.0460969354
 20
415084.85420571145
  0
LWPOLYLINE
  5
4B1
330
17
100
AcDbEntity
  8
WETLANDS
100
AcDbPolyline
 90
4
 70
0
 10
2487758.1833721665
 20
415372.7538026174
 10
2487722.01726585
 20
415385.83003144816
 10
2487759.475842346
 20
415353.04239206226
 10
2487758.1833721665
 20
415372.7538026174
  0
LWPOLYLINE
  5
4B2
330
17
100
AcDbEntity
  8
WETLANDS
100
AcDbPolyline
 90
4
 70
0
 10
2487722.01726585
 20
415385.83003144816
 10
2487759.475842346
 20
415353.04239206226
 10
2487711.608833495
 20
415370.3492029119
 10
2487722.01726585
 20
415385.83003144816
  0
LWPOLYLINE
  5
4B3
330
17
100
AcDbEntity
  8
WETLANDS
100
AcDbPolyline
 90
4
 70
0
 10
2488906.812964843
 20
414950.238308333
 10
2488623.8653181307
 20
415052.54094891035
 10
2488896.0199519056
 20
414933.69381056924
 10
2488906.812964843
 20
414950.238308333
  0
LWPOLYLINE
  5
4B4
330
17
100
AcDbEntity
  8
WETLANDS
100
AcDbPolyline
 90
4
 70
0
 10
2488623.8653181307
 20
415052.54094891035
 10
2488896.0199519056
 20
414933.69381056924
 10
2488655.6206973908
 20
415020.6126410153
 10
2488623.8653181307
 20
415052.54094891035
  0
LWPOLYLINE
  5
4B5
330
17
100
AcDbEntity
  8
WETLANDS
100
AcDbPolyline
 90
4
 70
0
 10
2488896.0199519056
 20
414933.69381056924
 10
2488655.6206973908
 20
415020.6126410153
 10
2488895.2506929333
 20
414931.5662015981
 10
2488896.0199519056
 20
414933.69381056924
  0
LWPOLYLINE
  5
4B6
330
17
100
AcDbEntity
  8
WETLANDS
100
AcDbPolyline
 90
4
 70
0
 10
2488655.6206973908
 20
415020.6126410153
 10
2488895.2506929333
 20
414931.5662015981
 10
2488660.1703255884
 20
415016.561933518
 10
2488655.6206973908
 20
415020.6126410153
  0
LWPOLYLINE
  5
4B7
330
17
100
AcDbEntity
  8
WETLANDS
100
AcDbPolyline
 90
4
 70
0
 10
2487759.475842346
 20
415353.04239206226
 10
2487711.608833495
 20
415370.3492029119
 10
2487760.2938321326
 20
415328.691355691
 10
2487759.475842346
 20
415353.04239206226
  0
LWPOLYLINE
  5
4B8
330
17
100
AcDbEntity
  8
WETLANDS
100
AcDbPolyline
 90
4
 70
0
 10
2487711.608833495
 20
415370.3492029119
 10
2487760.2938321326
 20
415328.691355691
 10
2487707.108206628
 20
415347.92116725905
 10
2487711.608833495
 20
415370.3492029119
  0
LWPOLYLINE
  5
4B9
330
17
100
AcDbEntity
  8
WETLANDS
100
AcDbPolyline
 90
4
 70
0
 10
2488895.2506929333
 20
414931.5662015981
 10
2488660.1703255884
 20
415016.561933518
 10
2488887.6486876784
 20
414913.867962088
 10
2488895.2506929333
 20
414931.5662015981
  0
LWPOLYLINE
  5
4BA
330
17
100
AcDbEntity
  8
WETLANDS
100
AcDbPolyline
 90
4
 70
0
 10
2488660.1703255884
 20
415016.561933518
 10
2488887.6486876784
 20
414913.867962088
 10
2488706.8178855814
 20
414979.2492040499
 10
2488660.1703255884
 20
415016.561933518
  0
LWPOLYLINE
  5
4BB
330
17
100
AcDbEntity
  8
WETLANDS
100
AcDbPolyline
 90
4
 70
0
 10
2488887.6486876784
 20
414913.867962088
 10
2488706.8178855814
 20
414979.2492040499
 10
2488875.996515958
 20
414891.61989876453
 10
2488887.6486876784
 20
414913.867962088
  0
LWPOLYLINE
  5
4BC
330
17
100
AcDbEntity
  8
WETLANDS
100
AcDbPolyline
 90
4
 70
0
 10
2488706.8178855814
 20
414979.2492040499
 10
2488875.996515958
 20
414891.61989876453
 10
2488787.7084533647
 20
414923.5413585812
 10
2488706.8178855814
 20
414979.2492040499
  0
LWPOLYLINE
  5
4BD
330
17
100
AcDbEntity
  8
WETLANDS
100
AcDbPolyline
 90
4
 70
0
 10
2488875.996515958
 20
414891.61989876453
 10
2488787.7084533647
 20
414923.5413585812
 10
2488874.842774212
 20
414888.42889108195
 10
2488875.996515958
 20
414891.61989876453
  0
LWPOLYLINE
  5
4BE
330
17
100
AcDbEntity
  8
WETLANDS
100
AcDbPolyline
 90
4
 70
0
 10
2488787.7084533647
 20
414923.5413585812
 10
2488874.842774212
 20
414888.42889108195
 10
2488809.956246172
 20
414911.88928466884
 10
2488787.7084533647
 20
414923.5413585812
  0
LWPOLYLINE
  5
4BF
330
17
100
AcDbEntity
  8
WETLANDS
100
AcDbPolyline
 90
4
 70
0
 10
2488962.361848349
 20
414854.3797244862
 10
2488965.847364095
 20
414850.7140637028
 10
2488958.401408986
 20
414853.4062255854
 10
2488962.361848349
 20
414854.3797244862
  0
LWPOLYLINE
  5
4C0
330
17
100
AcDbEntity
  8
WETLANDS
100
AcDbPolyline
 90
4
 70
0
 10
2488874.842774212
 20
414888.42889108195
 10
2488809.956246172
 20
414911.88928466884
 10
2488872.5351929115
 20
414882.04660520074
 10
2488874.842774212
 20
414888.42889108195
  0
LWPOLYLINE
  5
4C1
330
17
100
AcDbEntity
  8
WETLANDS
100
AcDbPolyline
 90
4
 70
0
 10
2488809.956246172
 20
414911.88928466884
 10
2488872.5351929115
 20
414882.04660520074
 10
2488815.0948904967
 20
414902.81473909714
 10
2488809.956246172
 20
414911.88928466884
  0
LWPOLYLINE
  5
4C2
330
17
100
AcDbEntity
  8
WETLANDS
100
AcDbPolyline
 90
4
 70
0
 10
2487760.2938321326
 20
415328.691355691
 10
2487707.108206628
 20
415347.92116725905
 10
2487745.1142619303
 20
415280.0549151597
 10
2487760.2938321326
 20
415328.691355691
  0
LWPOLYLINE
  5
4C3
330
17
100
AcDbEntity
  8
WETLANDS
100
AcDbPolyline
 90
4
 70
0
 10
2487707.108206628
 20
415347.92116725905
 10
2487745.1142619303
 20
415280.0549151597
 10
2487696.1835838514
 20
415297.74630659143
 10
2487707.108206628
 20
415347.92116725905
  0
LWPOLYLINE
  5
4C4
330
17
100
AcDbEntity
  8
WETLANDS
100
AcDbPolyline
 90
4
 70
0
 10
2488965.847364095
 20
414850.7140637028
 10
2488958.401408986
 20
414853.4062255854
 10
2488997.7831589086
 20
414825.9368345292
 10
2488965.847364095
 20
414850.7140637028
  0
LWPOLYLINE
  5
4C5
330
17
100
AcDbEntity
  8
WETLANDS
100
AcDbPolyline
 90
4
 70
0
 10
2488958.401408986
 20
414853.4062255854
 10
2488997.7831589086
 20
414825.9368345292
 10
2488927.578014215
 20
414851.32022883446
 10
2488958.401408986
 20
414853.4062255854
  0
LWPOLYLINE
  5
4C6
330
17
100
AcDbEntity
  8
WETLANDS
100
AcDbPolyline
 90
4
 70
0
 10
2487745.1142619303
 20
415280.0549151597
 10
2487696.1835838514
 20
415297.74630659143
 10
2487742.0375194657
 20
415271.54529082344
 10
2487745.1142619303
 20
415280.0549151597
  0
LWPOLYLINE
  5
4C7
330
17
100
AcDbEntity
  8
WETLANDS
100
AcDbPolyline
 90
4
 70
0
 10
2487696.1835838514
 20
415297.74630659143
 10
2487742.0375194657
 20
415271.54529082344
 10
2487695.234179842
 20
415288.467521091
 10
2487696.1835838514
 20
415297.74630659143
  0
LWPOLYLINE
  5
4C8
330
17
100
AcDbEntity
  8
WETLANDS
100
AcDbPolyline
 90
4
 70
0
 10
2488997.7831589086
 20
414825.9368345292
 10
2488927.578014215
 20
414851.32022883446
 10
2489002.5366816185
 20
414815.79881534574
 10
2488997.7831589086
 20
414825.9368345292
  0
LWPOLYLINE
  5
4C9
330
17
100
AcDbEntity
  8
WETLANDS
100
AcDbPolyline
 90
4
 70
0
 10
2488927.578014215
 20
414851.32022883446
 10
2489002.5366816185
 20
414815.79881534574
 10
2488906.8026639163
 20
414850.4124370451
 10
2488927.578014215
 20
414851.32022883446
  0
LWPOLYLINE
  5
4CA
330
17
100
AcDbEntity
  8
WETLANDS
100
AcDbPolyline
 90
4
 70
0
 10
2488872.5351929115
 20
414882.04660520074
 10
2488815.0948904967
 20
414902.81473909714
 10
2488878.082512709
 20
414860.7965039933
 10
2488872.5351929115
 20
414882.04660520074
  0
LWPOLYLINE
  5
4CB
330
17
100
AcDbEntity
  8
WETLANDS
100
AcDbPolyline
 90
4
 70
0
 10
2488815.0948904967
 20
414902.81473909714
 10
2488878.082512709
 20
414860.7965039933
 10
2488828.0878948867
 20
414878.872573815
 10
2488815.0948904967
 20
414902.81473909714
  0
LWPOLYLINE
  5
4CC
330
17
100
AcDbEntity
  8
WETLANDS
100
AcDbPolyline
 90
4
 70
0
 10
2489002.5366816185
 20
414815.79881534574
 10
2488906.8026639163
 20
414850.4124370451
 10
2489007.290745361
 20
414805.6606005466
 10
2489002.5366816185
 20
414815.79881534574
  0
LWPOLYLINE
  5
4CD
330
17
100
AcDbEntity
  8
WETLANDS
100
AcDbPolyline
 90
4
 70
0
 10
2488906.8026639163
 20
414850.4124370451
 10
2489007.290745361
 20
414805.6606005466
 10
2488888.1549225887
 20
414848.7353862836
 10
2488906.8026639163
 20
414850.4124370451
  0
LWPOLYLINE
  5
4CE
330
17
100
AcDbEntity
  8
WETLANDS
100
AcDbPolyline
 90
4
 70
0
 10
2488878.082512709
 20
414860.7965039933
 10
2488828.0878948867
 20
414878.872573815
 10
2488888.1549225887
 20
414848.7353862836
 10
2488878.082512709
 20
414860.7965039933
  0
LWPOLYLINE
  5
4CF
330
17
100
AcDbEntity
  8
WETLANDS
100
AcDbPolyline
 90
4
 70
0
 10
2488828.0878948867
 20
414878.872573815
 10
2488888.1549225887
 20
414848.7353862836
 10
2488833.9056278565
 20
414868.34977843374
 10
2488828.0878948867
 20
414878.872573815
  0
LWPOLYLINE
  5
4D0
330
17
100
AcDbEntity
  8
WETLANDS
100
AcDbPolyline
 90
4
 70
0
 10
2489007.290745361
 20
414805.6606005466
 10
2488833.9056278565
 20
414868.34977843374
 10
2489013.6973966495
 20
414790.1136965749
 10
2489007.290745361
 20
414805.6606005466
  0
LWPOLYLINE
  5
4D1
330
17
100
AcDbEntity
  8
WETLANDS
100
AcDbPolyline
 90
4
 70
0
 10
2488833.9056278565
 20
414868.34977843374
 10
2489013.6973966495
 20
414790.1136965749
 10
2488841.3759483728
 20
414852.41829387995
 10
2488833.9056278565
 20
414868.34977843374
  0
LWPOLYLINE
  5
4D2
330
17
100
AcDbEntity
  8
WETLANDS
100
AcDbPolyline
 90
12
 70
0
 10
2489013.6973966495
 20
414790.1136965749
 10
2488841.3759483728
 20
414852.41829387995
 10
2488842.4396176003
 20
414852.03371329786
 10
2489013.6973966495
 20
414790.1136965749
 10
2488841.3759483728
 20
414852.41829387995
 10
2489013.6973966495
 20
414790.1136965749
 10
2488953.06554552
 20
414812.0357678334
 10
2488842.4396176003
 20
414852.03371329786
 10
2488930.0730547635
 20
414808.3214511356
 10
2488953.06554552
 20
414812.0357678334
 10
2489014.695088249
 20
414772.9143028648
 10
2489013.6973966495
 20
414790.1136965749
  0
LWPOLYLINE
  5
4D3
330
17
100
AcDbEntity
  8
WETLANDS
100
AcDbPolyline
 90
4
 70
0
 10
2487742.0375194657
 20
415271.54529082344
 10
2487695.234179842
 20
415288.467521091
 10
2487747.609031962
 20
415237.0562352687
 10
2487742.0375194657
 20
415271.54529082344
  0
LWPOLYLINE
  5
4D4
330
17
100
AcDbEntity
  8
WETLANDS
100
AcDbPolyline
 90
4
 70
0
 10
2487695.234179842
 20
415288.467521091
 10
2487747.609031962
 20
415237.0562352687
 10
2487692.2960680025
 20
415257.055208001
 10
2487695.234179842
 20
415288.467521091
  0
LWPOLYLINE
  5
4D5
330
17
100
AcDbEntity
  8
WETLANDS
100
AcDbPolyline
 90
4
 70
0
 10
2488842.4396176003
 20
414852.03371329786
 10
2488930.0730547635
 20
414808.3214511356
 10
2488850.294616506
 20
414837.1661684877
 10
2488842.4396176003
 20
414852.03371329786
  0
LWPOLYLINE
  5
4D6
330
17
100
AcDbEntity
  8
WETLANDS
100
AcDbPolyline
 90
4
 70
0
 10
2488953.06554552
 20
414812.0357678334
 10
2489014.695088249
 20
414772.9143028648
 10
2488972.146696052
 20
414788.2981129961
 10
2488953.06554552
 20
414812.0357678334
  0
LWPOLYLINE
  5
4D7
330
17
100
AcDbEntity
  8
WETLANDS
100
AcDbPolyline
 90
4
 70
0
 10
2489014.695088249
 20
414772.9143028648
 10
2488972.146696052
 20
414788.2981129961
 10
2489014.9895963124
 20
414770.40238382766
 10
2489014.695088249
 20
414772.9143028648
  0
LWPOLYLINE
  5
4D8
330
17
100
AcDbEntity
  8
WETLANDS
100
AcDbPolyline
 90
4
 70
0
 10
2488972.146696052
 20
414788.2981129961
 10
2489014.9895963124
 20
414770.40238382766
 10
2488973.504873343
 20
414785.40161337686
 10
2488972.146696052
 20
414788.2981129961
  0
LWPOLYLINE
  5
4D9
330
17
100
AcDbEntity
  8
WETLANDS
100
AcDbPolyline
 90
10
 70
0
 10
2488850.294616506
 20
414837.1661684877
 10
2488858.149247088
 20
414822.29845096933
 10
2488908.1435943944
 20
414804.22247895546
 10
2488850.294616506
 20
414837.1661684877
 10
2488930.0730547635
 20
414808.3214511356
 10
2488908.1435943944
 20
414804.22247895546
 10
2488858.149247088
 20
414822.29845096933
 10
2488895.1990503026
 20
414801.68609670317
 10
2488908.1435943944
 20
414804.22247895546
 10
2488850.294616506
 20
414837.1661684877
  0
LWPOLYLINE
  5
4DA
330
17
100
AcDbEntity
  8
WETLANDS
100
AcDbPolyline
 90
4
 70
0
 10
2489014.9895963124
 20
414770.40238382766
 10
2488973.504873343
 20
414785.40161337686
 10
2489064.239147862
 20
414736.9597506876
 10
2489014.9895963124
 20
414770.40238382766
  0
LWPOLYLINE
  5
4DB
330
17
100
AcDbEntity
  8
WETLANDS
100
AcDbPolyline
 90
4
 70
0
 10
2488973.504873343
 20
414785.40161337686
 10
2489064.239147862
 20
414736.9597506876
 10
2488978.0786942397
 20
414768.11195153225
 10
2488973.504873343
 20
414785.40161337686
  0
LWPOLYLINE
  5
4DC
330
17
100
AcDbEntity
  8
WETLANDS
100
AcDbPolyline
 90
4
 70
0
 10
2487747.609031962
 20
415237.0562352687
 10
2487692.2960680025
 20
415257.055208001
 10
2487751.6180294314
 20
415211.5514571512
 10
2487747.609031962
 20
415237.0562352687
  0
LWPOLYLINE
  5
4DD
330
17
100
AcDbEntity
  8
WETLANDS
100
AcDbPolyline
 90
4
 70
0
 10
2487692.2960680025
 20
415257.055208001
 10
2487751.6180294314
 20
415211.5514571512
 10
2487697.368734699
 20
415231.1658493013
 10
2487692.2960680025
 20
415257.055208001
  0
LWPOLYLINE
  5
4DE
330
17
100
AcDbEntity
  8
WETLANDS
100
AcDbPolyline
 90
6
 70
0
 10
2489064.239147862
 20
414736.9597506876
 10
2488978.0786942397
 20
414768.11195153225
 10
2489088.1397987315
 20
414719.89888979483
 10
2488978.0786942397
 20
414768.11195153225
 10
2488980.7048784946
 20
414758.743093513
 10
2489088.1397987315
 20
414719.89888979483
  0
LWPOLYLINE
  5
4DF
330
17
100
AcDbEntity
  8
WETLANDS
100
AcDbPolyline
 90
4
 70
0
 10
2487751.6180294314
 20
415211.5514571512
 10
2487697.368734699
 20
415231.1658493013
 10
2487761.7877282323
 20
415146.5334170807
 10
2487751.6180294314
 20
415211.5514571512
  0
LWPOLYLINE
  5
4E0
330
17
100
AcDbEntity
  8
WETLANDS
100
AcDbPolyline
 90
4
 70
0
 10
2487697.368734699
 20
415231.1658493013
 10
2487761.7877282323
 20
415146.5334170807
 10
2487708.6021027276
 20
415165.76322864875
 10
2487697.368734699
 20
415231.1658493013
  0
LWPOLYLINE
  5
4E1
330
17
100
AcDbEntity
  8
WETLANDS
100
AcDbPolyline
 90
5
 70
0
 10
2489118.98755891
 20
414708.74556387455
 10
2488980.7048784946
 20
414758.743093513
 10
2489096.206524485
 20
414642.4106882174
 10
2488980.7048784946
 20
414758.743093513
 10
2489006.8545221477
 20
414674.7168264241
  0
LWPOLYLINE
  5
4E2
330
17
100
AcDbEntity
  8
WETLANDS
100
AcDbPolyline
 90
4
 70
0
 10
2487761.7877282323
 20
415146.5334170807
 10
2487708.6021027276
 20
415165.76322864875
 10
2487769.805354847
 20
415095.5236881374
 10
2487761.7877282323
 20
415146.5334170807
  0
LWPOLYLINE
  5
4E3
330
17
100
AcDbEntity
  8
WETLANDS
100
AcDbPolyline
 90
4
 70
0
 10
2487708.6021027276
 20
415165.76322864875
 10
2487769.805354847
 20
415095.5236881374
 10
2487697.4728716984
 20
415121.6762436069
 10
2487708.6021027276
 20
415165.76322864875
  0
LWPOLYLINE
  5
4E4
330
17
100
AcDbEntity
  8
WETLANDS
100
AcDbPolyline
 90
4
 70
0
 10
2487769.805354847
 20
415095.5236881374
 10
2487697.4728716984
 20
415121.6762436069
 10
2487756.933734269
 20
415053.2697061955
 10
2487769.805354847
 20
415095.5236881374
  0
LWPOLYLINE
  5
4E5
330
17
100
AcDbEntity
  8
WETLANDS
100
AcDbPolyline
 90
4
 70
0
 10
2487697.4728716984
 20
415121.6762436069
 10
2487756.933734269
 20
415053.2697061955
 10
2487686.7285895757
 20
415078.65310050076
 10
2487697.4728716984
 20
415121.6762436069
  0
LWPOLYLINE
  5
4E6
330
17
100
AcDbEntity
  8
WETLANDS
100
AcDbPolyline
 90
4
 70
0
 10
2487756.933734269
 20
415053.2697061955
 10
2487686.7285895757
 20
415078.65310050076
 10
2487754.535982642
 20
415043.31156153354
 10
2487756.933734269
 20
415053.2697061955
  0
LWPOLYLINE
  5
4E7
330
17
100
AcDbEntity
  8
WETLANDS
100
AcDbPolyline
 90
4
 70
0
 10
2487686.7285895757
 20
415078.65310050076
 10
2487754.535982642
 20
415043.31156153354
 10
2487707.7326430185
 20
415060.2337918011
 10
2487686.7285895757
 20
415078.65310050076
  0
LWPOLYLINE
  5
4E8
330
17
100
AcDbEntity
  8
WETLANDS
100
AcDbPolyline
 90
4
 70
0
 10
2487754.535982642
 20
415043.31156153354
 10
2487707.7326430185
 20
415060.2337918011
 10
2487751.164732114
 20
415037.3138562344
 10
2487754.535982642
 20
415043.31156153354
  0
LWPOLYLINE
  5
4E9
330
17
100
AcDbEntity
  8
WETLANDS
100
AcDbPolyline
 90
4
 70
0
 10
2487707.7326430185
 20
415060.2337918011
 10
2487751.164732114
 20
415037.3138562344
 10
2487721.380641163
 20
415048.0826015726
 10
2487707.7326430185
 20
415060.2337918011
  0
LWPOLYLINE
  5
4EA
330
17
100
AcDbEntity
  8
WETLANDS
100
AcDbPolyline
 90
12
 70
0
 10
2487486.210201299
 20
415129.50274522783
 10
2487487.6584511083
 20
415130.18183387327
 10
2487486.210201299
 20
415129.50274522783
 10
2487487.6584511083
 20
415130.18183387327
 10
2487463.8723359727
 20
415137.5792308756
 10
2487486.210201299
 20
415129.50274522783
 10
2487465.999674428
 20
415136.81006971136
 10
2487463.8723359727
 20
415137.5792308756
 10
2487462.808396229
 20
415137.9639092655
 10
2487465.999674428
 20
415136.81006971136
 10
2487463.8723359727
 20
415137.5792308756
 10
2487486.210201299
 20
415129.50274522783
  0
LWPOLYLINE
  5
4EB
330
17
100
AcDbEntity
  8
WETLANDS
100
AcDbPolyline
 90
4
 70
0
 10
2487719.163230189
 20
415045.2761744722
 10
2487721.380641163
 20
415048.0826015726
 10
2487722.3542378717
 20
415044.12243272585
 10
2487719.163230189
 20
415045.2761744722
  0
LWPOLYLINE
  5
4EC
330
17
100
AcDbEntity
  8
WETLANDS
100
AcDbPolyline
 90
4
 70
0
 10
2487721.380641163
 20
415048.0826015726
 10
2487722.3542378717
 20
415044.12243272585
 10
2487751.164732114
 20
415037.3138562344
 10
2487721.380641163
 20
415048.0826015726
  0
LWPOLYLINE
  5
4ED
330
17
100
AcDbEntity
  8
WETLANDS
100
AcDbPolyline
 90
4
 70
0
 10
2487722.3542378717
 20
415044.12243272585
 10
2487751.164732114
 20
415037.3138562344
 10
2487750.0109903677
 20
415034.12284855184
 10
2487722.3542378717
 20
415044.12243272585
  0
ENDSEC
  0
SECTION
  2
OBJECTS
  0
DICTIONARY
  5
A
330
0
100
AcDbDictionary
281
1
  3
ACAD_COLOR
350
B
  3
ACAD_GROUP
350
C
  3
ACAD_LAYOUT
350
D
  3
ACAD_MATERIAL
350
E
  3
ACAD_MLEADERSTYLE
350
F
  3
ACAD_MLINESTYLE
350
10
  3
ACAD_PLOTSETTINGS
350
11
  3
ACAD_PLOTSTYLENAME
350
12
  3
ACAD_SCALELIST
350
14
  3
ACAD_TABLESTYLE
350
15
  3
ACAD_VISUALSTYLE
350
16
  3
EZDXF_META
350
2D
  0
DICTIONARY
  5
B
330
A
100
AcDbDictionary
281
1
  0
DICTIONARY
  5
C
330
A
100
AcDbDictionary
281
1
  0
DICTIONARY
  5
D
330
A
100
AcDbDictionary
281
1
  3
Model
350
1A
  3
Layout1
350
1E
  0
DICTIONARY
  5
E
330
A
100
AcDbDictionary
281
1
  3
ByBlock
350
1F
  3
ByLayer
350
20
  3
Global
350
21
  0
DICTIONARY
  5
F
330
A
100
AcDbDictionary
281
1
  3
Standard
350
2C
  0
DICTIONARY
  5
10
330
A
100
AcDbDictionary
281
1
  3
Standard
350
22
  0
DICTIONARY
  5
11
330
A
100
AcDbDictionary
281
1
  0
ACDBDICTIONARYWDFLT
  5
12
330
A
100
AcDbDictionary
281
1
  3
Normal
350
13
100
AcDbDictionaryWithDefault
340
13
  0
ACDBPLACEHOLDER
  5
13
330
12
  0
DICTIONARY
  5
14
330
A
100
AcDbDictionary
281
1
  0
DICTIONARY
  5
15
330
A
100
AcDbDictionary
281
1
  0
DICTIONARY
  5
16
330
A
100
AcDbDictionary
281
1
  0
LAYOUT
  5
1A
330
D
100
AcDbPlotSettings
  1

  4
A3
  6

 40
7.5
 41
20.0
 42
7.5
 43
20.0
 44
420.0
 45
297.0
 46
0.0
 47
0.0
 48
0.0
 49
0.0
140
0.0
141
0.0
142
1.0
143
1.0
 70
1024
 72
1
 73
0
 74
5
  7

 75
16
 76
0
 77
2
 78
300
147
1.0
148
0.0
149
0.0
100
AcDbLayout
  1
Model
 70
1
 71
0
 10
0.0
 20
0.0
 11
420.0
 21
297.0
 12
0.0
 22
0.0
 32
0.0
 14
1e+20
 24
1e+20
 34
1e+20
 15
-1e+20
 25
-1e+20
 35
-1e+20
146
0.0
 13
0.0
 23
0.0
 33
0.0
 16
1.0
 26
0.0
 36
0.0
 17
0.0
 27
1.0
 37
0.0
 76
1
330
17
  0
LAYOUT
  5
1E
330
D
100
AcDbPlotSettings
  1

  4
A3
  6

 40
7.5
 41
20.0
 42
7.5
 43
20.0
 44
420.0
 45
297.0
 46
0.0
 47
0.0
 48
0.0
 49
0.0
140
0.0
141
0.0
142
1.0
143
1.0
 70
0
 72
1
 73
0
 74
5
  7

 75
16
 76
0
 77
2
 78
300
147
1.0
148
0.0
149
0.0
100
AcDbLayout
  1
Layout1
 70
1
 71
1
 10
0.0
 20
0.0
 11
420.0
 21
297.0
 12
0.0
 22
0.0
 32
0.0
 14
1e+20
 24
1e+20
 34
1e+20
 15
-1e+20
 25
-1e+20
 35
-1e+20
146
0.0
 13
0.0
 23
0.0
 33
0.0
 16
1.0
 26
0.0
 36
0.0
 17
0.0
 27
1.0
 37
0.0
 76
1
330
1B
  0
MATERIAL
  5
1F
102
{ACAD_REACTORS
330
E
102
}
330
E
100
AcDbMaterial
  1
ByBlock
  2

 70
0
 40
1.0
 71
1
 41
1.0
 91
-1023410177
 42
1.0
 72
1
  3

 73
1
 74
1
 75
1
 44
0.5
 73
0
 45
1.0
 46
1.0
 77
1
  4

 78
1
 79
1
170
1
 48
1.0
171
1
  6

172
1
173
1
174
1
140
1.0
141
1.0
175
1
  7

176
1
177
1
178
1
143
1.0
179
1
  8

270
1
271
1
272
1
145
1.0
146
1.0
273
1
  9

274
1
275
1
276
1
 42
1.0
 72
1
  3

 73
1
 74
1
 75
1
 94
63
  0
MATERIAL
  5
20
102
{ACAD_REACTORS
330
E
102
}
330
E
100
AcDbMaterial
  1
ByLayer
  2

 70
0
 40
1.0
 71
1
 41
1.0
 91
-1023410177
 42
1.0
 72
1
  3

 73
1
 74
1
 75
1
 44
0.5
 73
0
 45
1.0
 46
1.0
 77
1
  4

 78
1
 79
1
170
1
 48
1.0
171
1
  6

172
1
173
1
174
1
140
1.0
141
1.0
175
1
  7

176
1
177
1
178
1
143
1.0
179
1
  8

270
1
271
1
272
1
145
1.0
146
1.0
273
1
  9

274
1
275
1
276
1
 42
1.0
 72
1
  3

 73
1
 74
1
 75
1
 94
63
  0
MATERIAL
  5
21
102
{ACAD_REACTORS
330
E
102
}
330
E
100
AcDbMaterial
  1
Global
  2

 70
0
 40
1.0
 71
1
 41
1.0
 91
-1023410177
 42
1.0
 72
1
  3

 73
1
 74
1
 75
1
 44
0.5
 73
0
 45
1.0
 46
1.0
 77
1
  4

 78
1
 79
1
170
1
 48
1.0
171
1
  6

172
1
173
1
174
1
140
1.0
141
1.0
175
1
  7

176
1
177
1
178
1
143
1.0
179
1
  8

270
1
271
1
272
1
145
1.0
146
1.0
273
1
  9

274
1
275
1
276
1
 42
1.0
 72
1
  3

 73
1
 74
1
 75
1
 94
63
  0
MLINESTYLE
  5
22
102
{ACAD_REACTORS
330
10
102
}
330
10
100
AcDbMlineStyle
  2
Standard
 70
0
  3

 62
256
 51
90.0
 52
90.0
 71
2
 49
0.5
 62
256
  6
BYLAYER
 49
-0.5
 62
256
  6
BYLAYER
  0
MLEADERSTYLE
  5
2C
102
{ACAD_REACTORS
330
F
102
}
330
F
100
AcDbMLeaderStyle
179
2
170
2
171
1
172
0
 90
2
 40
0.0
 41
0.0
173
1
 91
-1056964608
 92
-2
290
1
 42
2.0
291
1
 43
8.0
  3
Standard
 44
4.0
300

342
29
174
1
175
1
176
0
178
1
 93
-1056964608
 45
4.0
292
0
297
0
 46
4.0
 94
-1056964608
 47
1.0
 49
1.0
140
1.0
294
1
141
0.0
177
0
142
1.0
295
0
296
0
143
3.75
271
0
272
9
273
9
  0
DICTIONARY
  5
2D
330
A
100
AcDbDictionary
280
1
281
1
  3
CREATED_BY_EZDXF
350
2E
  3
WRITTEN_BY_EZDXF
350
4F0
  0
DICTIONARYVAR
  5
2E
330
2D
100
DictionaryVariables
280
0
  1
1.4.4 @ 2026-08-06T16:15:24.962209+00:00
  0
DICTIONARYVAR
  5
4F0
330
2D
100
DictionaryVariables
280
0
  1
1.4.4 @ 2026-08-06T16:15:24.984645+00:00
  0
ENDSEC
  0
EOF
